INFO: This file was generated by AlgTest utility. See http://www.fi.muni.cz/~xsvenda/jcsupport.html for more results, source codes and other details.;
Tested and provided by; insert your name please.;
Execution date/time; 2026/04/03 21:02:57
AlgTestJClient version; 1.8.2
AlgTest applet version; 1.8.2_jc305
Used reader; Identiv uTrust 2700 R Smart Card Reader
Card ATR; 3b 9f 95 81 31 fe 9f 00 66 46 53 05 10 00 ff 71 df 00 00 00 00 00 ec
Card name; Feitian A22CR
Card provider; please insert link/description of shop where card was bought
Used protocol; T=1
High-power mode supported (relevant only to SIM cards according to ETSI 102 221); no

JCSystem.getVersion()[Major.Minor];3.0;
JCSystem.isObjectDeletionSupported;yes;
JCSystem.MEMORY_TYPE_PERSISTENT;97964B;
JCSystem.MEMORY_TYPE_TRANSIENT_RESET;3189B;
JCSystem.MEMORY_TYPE_TRANSIENT_DESELECT;3189B;

JCSystem.getMaxCommitCapacity();512B;
APDU.getInBlockSize();254B;
APDU.getOutBlockSize();252B;
APDU.getProtocol();1B;
APDU.getNAD();0B;

CPLC; 9f 7f 2a 40 90 78 92 86 aa 30 97 00 01 07 50 0d 08 10 32 0a 01 40 90 42 25 86 aa 42 25 86 aa 42 25 00 00 00 00 00 00 00 00 00 00 00 00
CPLC.ICFabricator;4090;Infineon
CPLC.ICType;7892
CPLC.OperatingSystemID;86aa
CPLC.OperatingSystemReleaseDate;3097
CPLC.OperatingSystemReleaseLevel;0001
CPLC.ICFabricationDate;0750;(Y DDD) date in that year
CPLC.ICSerialNumber;0d081032
CPLC.ICBatchIdentifier;0a01
CPLC.ICModuleFabricator;4090
CPLC.ICModulePackagingDate;4225
CPLC.ICCManufacturer;86aa
CPLC.ICEmbeddingDate;4225
CPLC.ICPrePersonalizer;86aa
CPLC.ICPrePersonalizationEquipmentDate;4225
CPLC.ICPrePersonalizationEquipmentID;00000000
CPLC.ICPersonalizer;0000
CPLC.ICPersonalizationDate;0000
CPLC.ICPersonalizationEquipmentID;00000000
CPLC.ICPersonalizationEquipmentID;00000000

GPDATA (Card data); 66 4b 73 49 06 07 2a 86 48 86 fc 6b 01 60 0b 06 09 2a 86 48 86 fc 6b 02 02 03 63 09 06 07 2a 86 48 86 fc 6b 03 64 0b 06 09 2a 86 48 86 fc 6b 04 02 55 65 0b 06 09 2b 85 10 86 48 64 02 01 03 66 0c 06 0a 2b 06 01 04 01 2a 02 6e 01 02

algorithm_name; is_supported; time_elapsed; persistent_mem_allocated; ram_deselect_allocated; ram_reset_allocated;

javacardx.crypto.Cipher
ALG_DES_CBC_NOPAD;yes;		0.052000;28;19;19
ALG_DES_CBC_ISO9797_M1;yes;		0.052000;28;19;19
ALG_DES_CBC_ISO9797_M2;yes;		0.054000;28;19;19
ALG_DES_CBC_PKCS5;yes;		0.054000;28;19;19
ALG_DES_ECB_NOPAD;yes;		0.053000;28;11;11
ALG_DES_ECB_ISO9797_M1;yes;		0.052000;28;11;11
ALG_DES_ECB_ISO9797_M2;yes;		0.053000;28;11;11
ALG_DES_ECB_PKCS5;yes;		0.053000;28;11;11
ALG_RSA_ISO14888;no;		0.019000;0;0;0
ALG_RSA_PKCS1;yes;		0.053000;28;259;259
ALG_RSA_ISO9796;no;		0.019000;0;0;0
ALG_RSA_NOPAD;yes;		0.054000;28;259;259
ALG_AES_BLOCK_128_CBC_NOPAD;yes;		0.055000;28;35;35
ALG_AES_BLOCK_128_ECB_NOPAD;yes;		0.052000;28;19;19
ALG_RSA_PKCS1_OAEP;yes;		0.053000;28;259;259
ALG_KOREAN_SEED_ECB_NOPAD;yes;		0.052000;28;19;19
ALG_KOREAN_SEED_CBC_NOPAD;yes;		0.053000;28;35;35
ALG_AES_BLOCK_192_CBC_NOPAD;no;		0.020000;0;0;0
ALG_AES_BLOCK_192_ECB_NOPAD;no;		0.020000;0;0;0
ALG_AES_BLOCK_256_CBC_NOPAD;no;		0.019000;0;0;0
ALG_AES_BLOCK_256_ECB_NOPAD;no;		0.018000;0;0;0
ALG_AES_CBC_ISO9797_M1;yes;		0.053000;28;35;35
ALG_AES_CBC_ISO9797_M2;yes;		0.052000;28;35;35
ALG_AES_CBC_PKCS5;yes;		0.053000;28;35;35
ALG_AES_ECB_ISO9797_M1;yes;		0.053000;28;19;19
ALG_AES_ECB_ISO9797_M2;yes;		0.052000;28;19;19
ALG_AES_ECB_PKCS5;yes;		0.051000;28;19;19
ALG_AES_CFB;no;		0.017000;0;0;0
ALG_AES_XTS;no;		0.018000;0;0;0
ALG_AES_CTR;no;		0.019000;0;0;0
CIPHER_AES_CCM;no;		0.018000;0;0;0
CIPHER_AES_GCM;no;		0.018000;0;0;0

javacard.crypto.Signature
ALG_DES_MAC4_NOPAD;yes;		0.052000;32;20;20
ALG_DES_MAC8_NOPAD;yes;		0.053000;32;20;20
ALG_DES_MAC4_ISO9797_M1;yes;		0.053000;32;20;20
ALG_DES_MAC8_ISO9797_M1;yes;		0.054000;32;20;20
ALG_DES_MAC4_ISO9797_M2;yes;		0.054000;32;20;20
ALG_DES_MAC8_ISO9797_M2;yes;		0.053000;32;20;20
ALG_DES_MAC4_PKCS5;yes;		0.052000;32;20;20
ALG_DES_MAC8_PKCS5;yes;		0.054000;32;20;20
ALG_RSA_SHA_ISO9796;yes;		0.054000;32;358;358
ALG_RSA_SHA_PKCS1;yes;		0.053000;32;99;99
ALG_RSA_MD5_PKCS1;yes;		0.053000;32;95;95
ALG_RSA_RIPEMD160_ISO9796;yes;		0.054000;32;358;358
ALG_RSA_RIPEMD160_PKCS1;yes;		0.054000;32;99;99
ALG_DSA_SHA;no;		0.019000;0;0;0
ALG_RSA_SHA_RFC2409;no;		0.017000;0;0;0
ALG_RSA_MD5_RFC2409;no;		0.017000;0;0;0
ALG_ECDSA_SHA;yes;		0.102000;76;116;116
ALG_AES_MAC_128_NOPAD;yes;		0.053000;32;36;36
ALG_DES_MAC4_ISO9797_1_M2_ALG3;yes;		0.052000;32;20;20
ALG_DES_MAC8_ISO9797_1_M2_ALG3;yes;		0.053000;32;20;20
ALG_RSA_SHA_PKCS1_PSS;yes;		0.053000;32;99;99
ALG_RSA_MD5_PKCS1_PSS;yes;		0.053000;32;95;95
ALG_RSA_RIPEMD160_PKCS1_PSS;yes;		0.053000;32;99;99
ALG_HMAC_SHA1;yes;		0.052000;32;95;95
ALG_HMAC_SHA_256;yes;		0.052000;32;107;107
ALG_HMAC_SHA_384;yes;		0.053000;32;211;211
ALG_HMAC_SHA_512;yes;		0.052000;32;211;211
ALG_HMAC_MD5;yes;		0.053000;32;91;91
ALG_HMAC_RIPEMD160;yes;		0.053000;32;95;95
ALG_RSA_SHA_ISO9796_MR;yes;		0.053000;32;358;358
ALG_RSA_RIPEMD160_ISO9796_MR;yes;		0.053000;32;358;358
ALG_SEED_MAC_NOPAD;yes;		0.053000;32;36;36
ALG_ECDSA_SHA_256;yes;		0.101000;76;140;140
ALG_ECDSA_SHA_384;yes;		0.104000;76;260;260
ALG_AES_MAC_192_NOPAD;no;		0.019000;0;0;0
ALG_AES_MAC_256_NOPAD;no;		0.020000;0;0;0
ALG_ECDSA_SHA_224;yes;		0.103000;76;136;136
ALG_ECDSA_SHA_512;yes;		0.104000;76;276;276
ALG_RSA_SHA_224_PKCS1;yes;		0.054000;32;111;111
ALG_RSA_SHA_256_PKCS1;yes;		0.054000;32;111;111
ALG_RSA_SHA_384_PKCS1;yes;		0.053000;32;215;215
ALG_RSA_SHA_512_PKCS1;yes;		0.054000;32;215;215
ALG_RSA_SHA_224_PKCS1_PSS;yes;		0.052000;32;111;111
ALG_RSA_SHA_256_PKCS1_PSS;yes;		0.053000;32;111;111
ALG_RSA_SHA_384_PKCS1_PSS;yes;		0.053000;32;215;215
ALG_RSA_SHA_512_PKCS1_PSS;yes;		0.052000;32;215;215
ALG_DES_MAC4_ISO9797_1_M1_ALG3;yes;		0.053000;32;20;20
ALG_DES_MAC8_ISO9797_1_M1_ALG3;yes;		0.054000;32;20;20
ALG_AES_CMAC_128;yes;		0.053000;32;36;36

javacard.security.MessageDigest
ALG_SHA;yes;		0.053000;24;95;95
ALG_MD5;yes;		0.052000;24;91;91
ALG_RIPEMD160;yes;		0.052000;24;95;95
ALG_SHA_256;yes;		0.052000;24;107;107
ALG_SHA_384;yes;		0.053000;24;211;211
ALG_SHA_512;yes;		0.053000;24;211;211
ALG_SHA_224;yes;		0.052000;24;107;107
ALG_SHA3_224;yes;		0.052000;24;347;347
ALG_SHA3_256;yes;		0.054000;24;339;339
ALG_SHA3_384;yes;		0.053000;24;307;307
ALG_SHA3_512;yes;		0.052000;24;275;275
ALG_SM3;no;		0.019000;0;0;0
ALG_NULL;no;		0.017000;0;0;0

javacard.security.RandomData
ALG_PSEUDO_RANDOM;yes;		0.036000;12;0;0
ALG_SECURE_RANDOM;yes;		0.022000;0;0;0
ALG_TRNG;yes;		0.022000;0;0;0
ALG_ALG_PRESEEDED_DRBG;yes;		0.033000;12;0;0
ALG_FAST;yes;		0.033000;12;0;0
ALG_KEYGENERATION;yes;		0.022000;0;0;0

javacard.security.KeyBuilder
TYPE_DES_TRANSIENT_RESET;yes;		0.070000;40;9;9
TYPE_DES_TRANSIENT_DESELECT;yes;		0.073000;40;9;9
TYPE_DES LENGTH_DES;yes;		0.066000;44;0;0
TYPE_DES LENGTH_DES3_2KEY;yes;		0.061000;52;0;0
TYPE_DES LENGTH_DES3_3KEY;yes;		0.061000;60;0;0
TYPE_AES_TRANSIENT_RESET;yes;		0.069000;40;17;17
TYPE_AES_TRANSIENT_DESELECT;yes;		0.069000;40;17;17
TYPE_AES LENGTH_AES_128;yes;		0.063000;52;0;0
TYPE_AES LENGTH_AES_192;yes;		0.059000;60;0;0
TYPE_AES LENGTH_AES_256;yes;		0.063000;68;0;0
TYPE_RSA_PUBLIC LENGTH_RSA_512;yes;		0.062000;108;0;0
TYPE_RSA_PUBLIC LENGTH_RSA_736;no;		0.019000;0;0;0
TYPE_RSA_PUBLIC LENGTH_RSA_768;yes;		0.063000;140;0;0
TYPE_RSA_PUBLIC LENGTH_RSA_896;yes;		0.067000;156;0;0
TYPE_RSA_PUBLIC LENGTH_RSA_1024;yes;		0.067000;172;0;0
TYPE_RSA_PUBLIC LENGTH_RSA_1280;yes;		0.066000;204;0;0
TYPE_RSA_PUBLIC LENGTH_RSA_1536;yes;		0.067000;236;0;0
TYPE_RSA_PUBLIC LENGTH_RSA_1984;yes;		0.071000;292;0;0
TYPE_RSA_PUBLIC LENGTH_RSA_2048;yes;		0.066000;300;0;0
TYPE_RSA_PUBLIC LENGTH_RSA_3072;no;		0.019000;0;0;0
TYPE_RSA_PUBLIC LENGTH_RSA_4096;no;		0.018000;0;0;0
TYPE_RSA_PRIVATE LENGTH_RSA_512;yes;		0.061000;164;0;0
TYPE_RSA_PRIVATE LENGTH_RSA_736;no;		0.020000;0;0;0
TYPE_RSA_PRIVATE LENGTH_RSA_768;yes;		0.067000;228;0;0
TYPE_RSA_PRIVATE LENGTH_RSA_896;yes;		0.066000;260;0;0
TYPE_RSA_PRIVATE LENGTH_RSA_1024;yes;		0.066000;292;0;0
TYPE_RSA_PRIVATE LENGTH_RSA_1280;yes;		0.066000;356;0;0
TYPE_RSA_PRIVATE LENGTH_RSA_1536;yes;		0.062000;420;0;0
TYPE_RSA_PRIVATE LENGTH_RSA_1984;yes;		0.071000;532;0;0
TYPE_RSA_PRIVATE LENGTH_RSA_2048;yes;		0.065000;548;0;0
TYPE_RSA_PRIVATE LENGTH_RSA_3072;no;		0.021000;0;0;0
TYPE_RSA_PRIVATE LENGTH_RSA_4096;no;		0.018000;0;0;0
TYPE_RSA_PRIVATE_TRANSIENT_RESET;yes;		0.069000;44;256;256
TYPE_RSA_PRIVATE_TRANSIENT_DESELECT;yes;		0.070000;44;256;256
TYPE_RSA_CRT_PRIVATE LENGTH_RSA_512;yes;		0.118000;304;0;0
TYPE_RSA_CRT_PRIVATE LENGTH_RSA_736;no;		0.019000;0;0;0
TYPE_RSA_CRT_PRIVATE LENGTH_RSA_768;yes;		0.122000;416;0;0
TYPE_RSA_CRT_PRIVATE LENGTH_RSA_896;yes;		0.125000;472;0;0
TYPE_RSA_CRT_PRIVATE LENGTH_RSA_1024;yes;		0.120000;528;0;0
TYPE_RSA_CRT_PRIVATE LENGTH_RSA_1280;yes;		0.125000;640;0;0
TYPE_RSA_CRT_PRIVATE LENGTH_RSA_1536;yes;		0.119000;752;0;0
TYPE_RSA_CRT_PRIVATE LENGTH_RSA_1984;yes;		0.123000;948;0;0
TYPE_RSA_CRT_PRIVATE LENGTH_RSA_2048;yes;		0.128000;976;0;0
TYPE_RSA_CRT_PRIVATE LENGTH_RSA_3072;no;		0.019000;0;0;0
TYPE_RSA_CRT_PRIVATE LENGTH_RSA_4096;no;		0.019000;0;0;0
TYPE_RSA_CRT_PRIVATE_TRANSIENT_RESET;yes;		0.141000;104;448;448
TYPE_RSA_CRT_PRIVATE_TRANSIENT_DESELECT;yes;		0.142000;104;448;448
TYPE_DSA_PRIVATE LENGTH_DSA_512;no;		0.020000;0;0;0
TYPE_DSA_PRIVATE LENGTH_DSA_768;no;		0.019000;0;0;0
TYPE_DSA_PRIVATE LENGTH_DSA_1024;no;		0.019000;0;0;0
TYPE_DSA_PRIVATE_TRANSIENT_RESET;no;		0.019000;0;0;0
TYPE_DSA_PRIVATE_TRANSIENT_DESELECT;no;		0.020000;0;0;0
TYPE_DSA_PUBLIC LENGTH_DSA_512;no;		0.020000;0;0;0
TYPE_DSA_PUBLIC LENGTH_DSA_768;no;		0.017000;0;0;0
TYPE_DSA_PUBLIC LENGTH_DSA_1024;no;		0.019000;0;0;0
TYPE_EC_F2M_PRIVATE LENGTH_EC_F2M_113;yes;		0.133000;236;0;0
TYPE_EC_F2M_PRIVATE LENGTH_EC_F2M_131;yes;		0.144000;260;0;0
TYPE_EC_F2M_PRIVATE LENGTH_EC_F2M_163;yes;		0.135000;288;0;0
TYPE_EC_F2M_PRIVATE LENGTH_EC_F2M_193;yes;		0.135000;316;0;0
TYPE_EC_F2M_PRIVATE_TRANSIENT_RESET;yes;		0.138000;292;26;26
TYPE_EC_F2M_PRIVATE_TRANSIENT_DESELECT;yes;		0.142000;292;26;26
TYPE_EC_FP_PRIVATE LENGTH_EC_FP_112;yes;		0.134000;236;0;0
TYPE_EC_FP_PRIVATE LENGTH_EC_FP_128;yes;		0.143000;240;0;0
TYPE_EC_FP_PRIVATE LENGTH_EC_FP_160;yes;		0.137000;276;0;0
TYPE_EC_FP_PRIVATE LENGTH_EC_FP_192;yes;		0.134000;296;0;0
TYPE_EC_FP_PRIVATE LENGTH_EC_FP_224;yes;		0.135000;324;0;0
TYPE_EC_FP_PRIVATE LENGTH_EC_FP_256;yes;		0.133000;352;0;0
TYPE_EC_FP_PRIVATE LENGTH_EC_FP_320;yes;		0.136000;408;0;0
TYPE_EC_FP_PRIVATE LENGTH_EC_FP_384;yes;		0.134000;464;0;0
TYPE_EC_FP_PRIVATE LENGTH_EC_FP_512;yes;		0.140000;576;0;0
TYPE_EC_FP_PRIVATE LENGTH_EC_FP_521;yes;		0.136000;600;0;0
TYPE_EC_FP_PRIVATE LENGTH_EC_FP_640;no;		0.034000;64;0;0
TYPE_EC_FP_PRIVATE_TRANSIENT_RESET;yes;		0.140000;324;33;33
TYPE_EC_FP_PRIVATE_TRANSIENT_DESELECT;yes;		0.140000;324;33;33
TYPE_KOREAN_SEED_TRANSIENT_RESET;yes;		0.070000;40;17;17
TYPE_KOREAN_SEED_TRANSIENT_DESELECT;yes;		0.069000;40;17;17
TYPE_KOREAN_SEED LENGTH_KOREAN_SEED_128;yes;		0.062000;52;0;0
TYPE_HMAC_TRANSIENT_RESET;yes;		0.069000;40;9;9
TYPE_HMAC_TRANSIENT_DESELECT;yes;		0.071000;40;9;9
TYPE_HMAC LENGTH_HMAC_SHA_1_BLOCK_64;yes;		0.063000;44;0;0
TYPE_HMAC LENGTH_HMAC_SHA_256_BLOCK_64;yes;		0.064000;44;0;0
TYPE_HMAC LENGTH_HMAC_SHA_384_BLOCK_64;yes;		0.056000;44;0;0
TYPE_HMAC LENGTH_HMAC_SHA_512_BLOCK_64;yes;		0.056000;44;0;0

javacard.security.KeyAgreement
ALG_EC_SVDP_DH/ALG_EC_SVDP_DH_KDF;yes;		0.083000;52;240;240
ALG_EC_SVDP_DHC/ALG_EC_SVDP_DHC_KDF;no;		0.018000;0;0;0
ALG_EC_SVDP_DH_PLAIN;yes;		0.083000;52;240;240
ALG_EC_SVDP_DHC_PLAIN;no;		0.018000;0;0;0
ALG_EC_PACE_GM;yes;		0.083000;52;240;240
ALG_EC_SVDP_DH_PLAIN_XY;yes;		0.084000;52;240;240
ALG_DH_PLAIN;no;		0.020000;0;0;0
ALG_XDH;no;		0.019000;0;0;0
ALG_SM2;no;		0.017000;0;0;0

javacard.security.Checksum
ALG_ISO3309_CRC16;yes;		0.049000;20;2;2
ALG_ISO3309_CRC32;yes;		0.048000;20;4;4

javacard.security.KeyPair ALG_RSA on-card generation
ALG_RSA LENGTH_RSA_512;yes;		0.445000;292;0;0
ALG_RSA LENGTH_RSA_736;no;		0.043000;20;0;0
ALG_RSA LENGTH_RSA_768;yes;		0.919000;388;0;0
ALG_RSA LENGTH_RSA_896;yes;		0.411000;436;0;0
ALG_RSA LENGTH_RSA_1024;yes;		2.223000;484;0;0
ALG_RSA LENGTH_RSA_1280;yes;		3.297000;580;0;0
ALG_RSA LENGTH_RSA_1536;yes;		1.633000;676;0;0
ALG_RSA LENGTH_RSA_1984;yes;		12.877000;844;0;0
ALG_RSA LENGTH_RSA_2048;yes;		8.748000;868;0;0
ALG_RSA LENGTH_RSA_3072;no;		0.043000;20;0;0
ALG_RSA LENGTH_RSA_4096;no;		0.040000;20;0;0

javacard.security.KeyPair ALG_RSA_CRT on-card generation
ALG_RSA_CRT LENGTH_RSA_512;yes;		0.586000;432;0;0
ALG_RSA_CRT LENGTH_RSA_736;no;		0.043000;20;0;0
ALG_RSA_CRT LENGTH_RSA_768;yes;		0.637000;576;0;0
ALG_RSA_CRT LENGTH_RSA_896;yes;		1.117000;648;0;0
ALG_RSA_CRT LENGTH_RSA_1024;yes;		1.140000;720;0;0
ALG_RSA_CRT LENGTH_RSA_1280;yes;		1.933000;864;0;0
ALG_RSA_CRT LENGTH_RSA_1536;yes;		4.668000;1008;0;0
ALG_RSA_CRT LENGTH_RSA_1984;yes;		10.542000;1260;0;0
ALG_RSA_CRT LENGTH_RSA_2048;yes;		6.648000;1296;0;0
ALG_RSA_CRT LENGTH_RSA_3072;no;		0.043000;20;0;0
ALG_RSA_CRT LENGTH_RSA_4096;no;		0.041000;20;0;0

javacard.security.KeyPair ALG_DSA on-card generation
ALG_DSA LENGTH_DSA_512;no;		0.026000;8;0;0
ALG_DSA LENGTH_DSA_768;no;		0.025000;8;0;0
ALG_DSA LENGTH_DSA_1024;no;		0.026000;8;0;0

javacard.security.KeyPair ALG_EC_F2M on-card generation
ALG_EC_F2M LENGTH_EC_F2M_113;yes;		0.468000;736;0;0
ALG_EC_F2M LENGTH_EC_F2M_131;yes;		0.544000;844;0;0
ALG_EC_F2M LENGTH_EC_F2M_163;no;		0.059000;84;0;0
ALG_EC_F2M LENGTH_EC_F2M_193;no;		0.055000;84;0;0

javacard.security.KeyPair ALG_EC_FP on-card generation
ALG_EC_FP LENGTH_EC_FP_112;yes;		0.456000;736;0;0
ALG_EC_FP LENGTH_EC_FP_128;yes;		0.493000;748;0;0
ALG_EC_FP LENGTH_EC_FP_160;yes;		0.521000;820;0;0
ALG_EC_FP LENGTH_EC_FP_192;yes;		0.577000;868;0;0
ALG_EC_FP LENGTH_EC_FP_224;yes;		0.617000;928;0;0
ALG_EC_FP LENGTH_EC_FP_256;yes;		0.650000;988;0;0
ALG_EC_FP LENGTH_EC_FP_384;yes;		0.848000;1228;0;0
ALG_EC_FP LENGTH_EC_FP_521;yes;		1.092000;1516;0;0

javacardx.crypto.AEADCipher
CIPHER_AES_CCM;no;		0.018000;0;0;0
CIPHER_AES_GCM;no;		0.017000;0;0;0

javacard.framework.OwnerPINBuilder
OWNER_PIN;yes;		0.076000;56;1;1
OWNER_PIN_X;yes;		0.076000;56;1;1
OWNER_PIN_X_WITH_PREDECREMENT;yes;		0.074000;56;2;2

javacard.security.InitializedMessageDigest
ALG_SHA;yes;		0.052000;24;95;95
ALG_MD5;yes;		0.053000;24;91;91
ALG_RIPEMD160;yes;		0.053000;24;95;95
ALG_SHA_256;yes;		0.053000;24;107;107
ALG_SHA_384;yes;		0.053000;24;211;211
ALG_SHA_512;yes;		0.053000;24;211;211
ALG_SHA_224;yes;		0.052000;24;107;107
ALG_SHA3_224;yes;		0.053000;24;347;347
ALG_SHA3_256;yes;		0.053000;24;339;339
ALG_SHA3_384;yes;		0.053000;24;307;307
ALG_SHA3_512;yes;		0.052000;24;275;275
ALG_SM3;no;		0.018000;0;0;0
ALG_NULL;no;		0.017000;0;0;0

javacardx.crypto.Cipher.OneShot
ALG_DES_CBC_NOPAD;no;		0.019000;0;0;0
ALG_DES_CBC_ISO9797_M1;no;		0.019000;0;0;0
ALG_DES_CBC_ISO9797_M2;no;		0.019000;0;0;0
ALG_DES_CBC_PKCS5;no;		0.019000;0;0;0
ALG_DES_ECB_NOPAD;no;		0.018000;0;0;0
ALG_DES_ECB_ISO9797_M1;no;		0.017000;0;0;0
ALG_DES_ECB_ISO9797_M2;no;		0.017000;0;0;0
ALG_DES_ECB_PKCS5;no;		0.019000;0;0;0
ALG_RSA_ISO14888;no;		0.017000;0;0;0
ALG_RSA_PKCS1;no;		0.019000;0;0;0
ALG_RSA_ISO9796;no;		0.018000;0;0;0
ALG_RSA_NOPAD;no;		0.018000;0;0;0
ALG_AES_BLOCK_128_CBC_NOPAD;no;		0.019000;0;0;0
ALG_AES_BLOCK_128_ECB_NOPAD;no;		0.021000;0;0;0
ALG_RSA_PKCS1_OAEP;no;		0.016000;0;0;0
ALG_KOREAN_SEED_ECB_NOPAD;no;		0.018000;0;0;0
ALG_KOREAN_SEED_CBC_NOPAD;no;		0.018000;0;0;0
ALG_AES_BLOCK_192_CBC_NOPAD;no;		0.018000;0;0;0
ALG_AES_BLOCK_192_ECB_NOPAD;no;		0.019000;0;0;0
ALG_AES_BLOCK_256_CBC_NOPAD;no;		0.019000;0;0;0
ALG_AES_BLOCK_256_ECB_NOPAD;no;		0.019000;0;0;0
ALG_AES_CBC_ISO9797_M1;no;		0.020000;0;0;0
ALG_AES_CBC_ISO9797_M2;no;		0.018000;0;0;0
ALG_AES_CBC_PKCS5;no;		0.019000;0;0;0
ALG_AES_ECB_ISO9797_M1;no;		0.020000;0;0;0
ALG_AES_ECB_ISO9797_M2;no;		0.018000;0;0;0
ALG_AES_ECB_PKCS5;no;		0.019000;0;0;0
ALG_AES_CFB;no;		0.020000;0;0;0
ALG_AES_XTS;no;		0.019000;0;0;0
ALG_AES_CTR;no;		0.019000;0;0;0
CIPHER_AES_CCM;no;		0.019000;0;0;0
CIPHER_AES_GCM;no;		0.018000;0;0;0

javacard.crypto.Signature.OneShot
ALG_DES_MAC4_NOPAD;no;		0.018000;0;0;0
ALG_DES_MAC8_NOPAD;no;		0.019000;0;0;0
ALG_DES_MAC4_ISO9797_M1;no;		0.020000;0;0;0
ALG_DES_MAC8_ISO9797_M1;no;		0.019000;0;0;0
ALG_DES_MAC4_ISO9797_M2;no;		0.018000;0;0;0
ALG_DES_MAC8_ISO9797_M2;no;		0.019000;0;0;0
ALG_DES_MAC4_PKCS5;no;		0.017000;0;0;0
ALG_DES_MAC8_PKCS5;no;		0.018000;0;0;0
ALG_RSA_SHA_ISO9796;no;		0.018000;0;0;0
ALG_RSA_SHA_PKCS1;no;		0.018000;0;0;0
ALG_RSA_MD5_PKCS1;no;		0.018000;0;0;0
ALG_RSA_RIPEMD160_ISO9796;no;		0.019000;0;0;0
ALG_RSA_RIPEMD160_PKCS1;no;		0.019000;0;0;0
ALG_DSA_SHA;no;		0.018000;0;0;0
ALG_RSA_SHA_RFC2409;no;		0.018000;0;0;0
ALG_RSA_MD5_RFC2409;no;		0.019000;0;0;0
ALG_ECDSA_SHA;no;		0.018000;0;0;0
ALG_AES_MAC_128_NOPAD;no;		0.019000;0;0;0
ALG_DES_MAC4_ISO9797_1_M2_ALG3;no;		0.020000;0;0;0
ALG_DES_MAC8_ISO9797_1_M2_ALG3;no;		0.019000;0;0;0
ALG_RSA_SHA_PKCS1_PSS;no;		0.019000;0;0;0
ALG_RSA_MD5_PKCS1_PSS;no;		0.019000;0;0;0
ALG_RSA_RIPEMD160_PKCS1_PSS;no;		0.018000;0;0;0
ALG_HMAC_SHA1;no;		0.019000;0;0;0
ALG_HMAC_SHA_256;no;		0.019000;0;0;0
ALG_HMAC_SHA_384;no;		0.019000;0;0;0
ALG_HMAC_SHA_512;no;		0.018000;0;0;0
ALG_HMAC_MD5;no;		0.018000;0;0;0
ALG_HMAC_RIPEMD160;no;		0.019000;0;0;0
ALG_RSA_SHA_ISO9796_MR;no;		0.018000;0;0;0
ALG_RSA_RIPEMD160_ISO9796_MR;no;		0.017000;0;0;0
ALG_SEED_MAC_NOPAD;no;		0.018000;0;0;0
ALG_ECDSA_SHA_256;no;		0.018000;0;0;0
ALG_ECDSA_SHA_384;no;		0.019000;0;0;0
ALG_AES_MAC_192_NOPAD;no;		0.019000;0;0;0
ALG_AES_MAC_256_NOPAD;no;		0.019000;0;0;0
ALG_ECDSA_SHA_224;no;		0.019000;0;0;0
ALG_ECDSA_SHA_512;no;		0.018000;0;0;0
ALG_RSA_SHA_224_PKCS1;no;		0.019000;0;0;0
ALG_RSA_SHA_256_PKCS1;no;		0.018000;0;0;0
ALG_RSA_SHA_384_PKCS1;no;		0.018000;0;0;0
ALG_RSA_SHA_512_PKCS1;no;		0.019000;0;0;0
ALG_RSA_SHA_224_PKCS1_PSS;no;		0.019000;0;0;0
ALG_RSA_SHA_256_PKCS1_PSS;no;		0.019000;0;0;0
ALG_RSA_SHA_384_PKCS1_PSS;no;		0.018000;0;0;0
ALG_RSA_SHA_512_PKCS1_PSS;no;		0.019000;0;0;0
ALG_DES_MAC4_ISO9797_1_M1_ALG3;no;		0.019000;0;0;0
ALG_DES_MAC8_ISO9797_1_M1_ALG3;no;		0.018000;0;0;0
ALG_AES_CMAC_128;no;		0.018000;0;0;0

javacard.security.RandomData.OneShot
ALG_PSEUDO_RANDOM;no;		0.018000;0;0;0
ALG_SECURE_RANDOM;no;		0.019000;0;0;0
ALG_TRNG;no;		0.018000;0;0;0
ALG_ALG_PRESEEDED_DRBG;no;		0.019000;0;0;0
ALG_FAST;no;		0.019000;0;0;0
ALG_KEYGENERATION;no;		0.019000;0;0;0

javacard.security.MessageDigest.OneShot
ALG_SHA;no;		0.018000;0;0;0
ALG_MD5;no;		0.019000;0;0;0
ALG_RIPEMD160;no;		0.018000;0;0;0
ALG_SHA_256;no;		0.019000;0;0;0
ALG_SHA_384;no;		0.019000;0;0;0
ALG_SHA_512;no;		0.019000;0;0;0
ALG_SHA_224;no;		0.017000;0;0;0
ALG_SHA3_224;no;		0.018000;0;0;0
ALG_SHA3_256;no;		0.018000;0;0;0
ALG_SHA3_384;no;		0.019000;0;0;0
ALG_SHA3_512;no;		0.021000;0;0;0
ALG_SM3;no;		0.018000;0;0;0
ALG_NULL;no;		0.018000;0;0;0

javacard.security.InitializedMessageDigest.OneShot
ALG_SHA;no;		0.019000;0;0;0
ALG_MD5;no;		0.019000;0;0;0
ALG_RIPEMD160;no;		0.019000;0;0;0
ALG_SHA_256;no;		0.019000;0;0;0
ALG_SHA_384;no;		0.018000;0;0;0
ALG_SHA_512;no;		0.018000;0;0;0
ALG_SHA_224;no;		0.018000;0;0;0
ALG_SHA3_224;no;		0.019000;0;0;0
ALG_SHA3_256;no;		0.019000;0;0;0
ALG_SHA3_384;no;		0.019000;0;0;0
ALG_SHA3_512;no;		0.018000;0;0;0
ALG_SM3;no;		0.018000;0;0;0
ALG_NULL;no;		0.019000;0;0;0

javacardx.crypto.Cipher.getInstance(byte cipherAlgorithm, byte paddingAlgorithm, boolean externalAccess)
CIPHER_AES_CBC PAD_NULL;no;		0.017000;0;0;0
CIPHER_AES_CBC PAD_NOPAD;yes;		0.053000;28;35;35
CIPHER_AES_CBC PAD_ISO9797_M1;yes;		0.053000;28;35;35
CIPHER_AES_CBC PAD_ISO9797_M2;yes;		0.052000;28;35;35
CIPHER_AES_CBC PAD_ISO9797_1_M1_ALG3;no;		0.019000;0;0;0
CIPHER_AES_CBC PAD_ISO9797_1_M2_ALG3;no;		0.018000;0;0;0
CIPHER_AES_CBC PAD_PKCS5;yes;		0.054000;28;35;35
CIPHER_AES_CBC PAD_PKCS1;no;		0.019000;0;0;0
CIPHER_AES_CBC PAD_PKCS1_PSS;no;		0.019000;0;0;0
CIPHER_AES_CBC PAD_PKCS1_OAEP;no;		0.019000;0;0;0
CIPHER_AES_CBC PAD_ISO9796;no;		0.019000;0;0;0
CIPHER_AES_CBC PAD_ISO9796_MR;no;		0.018000;0;0;0
CIPHER_AES_CBC PAD_RFC2409;no;		0.019000;0;0;0
CIPHER_AES_CBC PAD_PKCS1_OAEP_SHA224;no;		0.019000;0;0;0
CIPHER_AES_CBC PAD_PKCS1_OAEP_SHA256;no;		0.018000;0;0;0
CIPHER_AES_CBC PAD_PKCS1_OAEP_SHA384;no;		0.019000;0;0;0
CIPHER_AES_CBC PAD_PKCS1_OAEP_SHA512;no;		0.019000;0;0;0
CIPHER_AES_CBC PAD_PKCS1_OAEP_SHA3_224;no;		0.019000;0;0;0
CIPHER_AES_CBC PAD_PKCS1_OAEP_SHA3_256;no;		0.020000;0;0;0
CIPHER_AES_CBC PAD_PKCS1_OAEP_SHA3_384;no;		0.019000;0;0;0
CIPHER_AES_CBC PAD_PKCS1_OAEP_SHA3_512;no;		0.019000;0;0;0
CIPHER_AES_CBC PAD_ISO9796_MR_SCHEME_2;no;		0.019000;0;0;0
CIPHER_AES_CBC PAD_ISO9796_MR_SCHEME_3;no;		0.019000;0;0;0
CIPHER_AES_ECB PAD_NULL;no;		0.019000;0;0;0
CIPHER_AES_ECB PAD_NOPAD;yes;		0.053000;28;19;19
CIPHER_AES_ECB PAD_ISO9797_M1;yes;		0.054000;28;19;19
CIPHER_AES_ECB PAD_ISO9797_M2;yes;		0.054000;28;19;19
CIPHER_AES_ECB PAD_ISO9797_1_M1_ALG3;no;		0.017000;0;0;0
CIPHER_AES_ECB PAD_ISO9797_1_M2_ALG3;no;		0.019000;0;0;0
CIPHER_AES_ECB PAD_PKCS5;yes;		0.054000;28;19;19
CIPHER_AES_ECB PAD_PKCS1;no;		0.018000;0;0;0
CIPHER_AES_ECB PAD_PKCS1_PSS;no;		0.019000;0;0;0
CIPHER_AES_ECB PAD_PKCS1_OAEP;no;		0.019000;0;0;0
CIPHER_AES_ECB PAD_ISO9796;no;		0.019000;0;0;0
CIPHER_AES_ECB PAD_ISO9796_MR;no;		0.019000;0;0;0
CIPHER_AES_ECB PAD_RFC2409;no;		0.022000;0;0;0
CIPHER_AES_ECB PAD_PKCS1_OAEP_SHA224;no;		0.019000;0;0;0
CIPHER_AES_ECB PAD_PKCS1_OAEP_SHA256;no;		0.019000;0;0;0
CIPHER_AES_ECB PAD_PKCS1_OAEP_SHA384;no;		0.019000;0;0;0
CIPHER_AES_ECB PAD_PKCS1_OAEP_SHA512;no;		0.019000;0;0;0
CIPHER_AES_ECB PAD_PKCS1_OAEP_SHA3_224;no;		0.018000;0;0;0
CIPHER_AES_ECB PAD_PKCS1_OAEP_SHA3_256;no;		0.019000;0;0;0
CIPHER_AES_ECB PAD_PKCS1_OAEP_SHA3_384;no;		0.019000;0;0;0
CIPHER_AES_ECB PAD_PKCS1_OAEP_SHA3_512;no;		0.018000;0;0;0
CIPHER_AES_ECB PAD_ISO9796_MR_SCHEME_2;no;		0.019000;0;0;0
CIPHER_AES_ECB PAD_ISO9796_MR_SCHEME_3;no;		0.019000;0;0;0
CIPHER_DES_CBC PAD_NULL;no;		0.019000;0;0;0
CIPHER_DES_CBC PAD_NOPAD;yes;		0.053000;28;19;19
CIPHER_DES_CBC PAD_ISO9797_M1;yes;		0.053000;28;19;19
CIPHER_DES_CBC PAD_ISO9797_M2;yes;		0.052000;28;19;19
CIPHER_DES_CBC PAD_ISO9797_1_M1_ALG3;no;		0.018000;0;0;0
CIPHER_DES_CBC PAD_ISO9797_1_M2_ALG3;no;		0.019000;0;0;0
CIPHER_DES_CBC PAD_PKCS5;yes;		0.053000;28;19;19
CIPHER_DES_CBC PAD_PKCS1;no;		0.018000;0;0;0
CIPHER_DES_CBC PAD_PKCS1_PSS;no;		0.018000;0;0;0
CIPHER_DES_CBC PAD_PKCS1_OAEP;no;		0.019000;0;0;0
CIPHER_DES_CBC PAD_ISO9796;no;		0.018000;0;0;0
CIPHER_DES_CBC PAD_ISO9796_MR;no;		0.018000;0;0;0
CIPHER_DES_CBC PAD_RFC2409;no;		0.020000;0;0;0
CIPHER_DES_CBC PAD_PKCS1_OAEP_SHA224;no;		0.018000;0;0;0
CIPHER_DES_CBC PAD_PKCS1_OAEP_SHA256;no;		0.018000;0;0;0
CIPHER_DES_CBC PAD_PKCS1_OAEP_SHA384;no;		0.018000;0;0;0
CIPHER_DES_CBC PAD_PKCS1_OAEP_SHA512;no;		0.019000;0;0;0
CIPHER_DES_CBC PAD_PKCS1_OAEP_SHA3_224;no;		0.019000;0;0;0
CIPHER_DES_CBC PAD_PKCS1_OAEP_SHA3_256;no;		0.020000;0;0;0
CIPHER_DES_CBC PAD_PKCS1_OAEP_SHA3_384;no;		0.019000;0;0;0
CIPHER_DES_CBC PAD_PKCS1_OAEP_SHA3_512;no;		0.018000;0;0;0
CIPHER_DES_CBC PAD_ISO9796_MR_SCHEME_2;no;		0.019000;0;0;0
CIPHER_DES_CBC PAD_ISO9796_MR_SCHEME_3;no;		0.019000;0;0;0
CIPHER_DES_ECB PAD_NULL;no;		0.019000;0;0;0
CIPHER_DES_ECB PAD_NOPAD;yes;		0.053000;28;11;11
CIPHER_DES_ECB PAD_ISO9797_M1;yes;		0.053000;28;11;11
CIPHER_DES_ECB PAD_ISO9797_M2;yes;		0.053000;28;11;11
CIPHER_DES_ECB PAD_ISO9797_1_M1_ALG3;no;		0.019000;0;0;0
CIPHER_DES_ECB PAD_ISO9797_1_M2_ALG3;no;		0.019000;0;0;0
CIPHER_DES_ECB PAD_PKCS5;yes;		0.053000;28;11;11
CIPHER_DES_ECB PAD_PKCS1;no;		0.019000;0;0;0
CIPHER_DES_ECB PAD_PKCS1_PSS;no;		0.019000;0;0;0
CIPHER_DES_ECB PAD_PKCS1_OAEP;no;		0.019000;0;0;0
CIPHER_DES_ECB PAD_ISO9796;no;		0.019000;0;0;0
CIPHER_DES_ECB PAD_ISO9796_MR;no;		0.019000;0;0;0
CIPHER_DES_ECB PAD_RFC2409;no;		0.019000;0;0;0
CIPHER_DES_ECB PAD_PKCS1_OAEP_SHA224;no;		0.019000;0;0;0
CIPHER_DES_ECB PAD_PKCS1_OAEP_SHA256;no;		0.019000;0;0;0
CIPHER_DES_ECB PAD_PKCS1_OAEP_SHA384;no;		0.018000;0;0;0
CIPHER_DES_ECB PAD_PKCS1_OAEP_SHA512;no;		0.019000;0;0;0
CIPHER_DES_ECB PAD_PKCS1_OAEP_SHA3_224;no;		0.019000;0;0;0
CIPHER_DES_ECB PAD_PKCS1_OAEP_SHA3_256;no;		0.019000;0;0;0
CIPHER_DES_ECB PAD_PKCS1_OAEP_SHA3_384;no;		0.019000;0;0;0
CIPHER_DES_ECB PAD_PKCS1_OAEP_SHA3_512;no;		0.019000;0;0;0
CIPHER_DES_ECB PAD_ISO9796_MR_SCHEME_2;no;		0.019000;0;0;0
CIPHER_DES_ECB PAD_ISO9796_MR_SCHEME_3;no;		0.018000;0;0;0
CIPHER_KOREAN_SEED_CBC PAD_NULL;no;		0.021000;0;0;0
CIPHER_KOREAN_SEED_CBC PAD_NOPAD;yes;		0.052000;28;35;35
CIPHER_KOREAN_SEED_CBC PAD_ISO9797_M1;yes;		0.053000;28;35;35
CIPHER_KOREAN_SEED_CBC PAD_ISO9797_M2;yes;		0.054000;28;35;35
CIPHER_KOREAN_SEED_CBC PAD_ISO9797_1_M1_ALG3;no;		0.019000;0;0;0
CIPHER_KOREAN_SEED_CBC PAD_ISO9797_1_M2_ALG3;no;		0.019000;0;0;0
CIPHER_KOREAN_SEED_CBC PAD_PKCS5;yes;		0.053000;28;35;35
CIPHER_KOREAN_SEED_CBC PAD_PKCS1;no;		0.019000;0;0;0
CIPHER_KOREAN_SEED_CBC PAD_PKCS1_PSS;no;		0.018000;0;0;0
CIPHER_KOREAN_SEED_CBC PAD_PKCS1_OAEP;no;		0.019000;0;0;0
CIPHER_KOREAN_SEED_CBC PAD_ISO9796;no;		0.019000;0;0;0
CIPHER_KOREAN_SEED_CBC PAD_ISO9796_MR;no;		0.019000;0;0;0
CIPHER_KOREAN_SEED_CBC PAD_RFC2409;no;		0.018000;0;0;0
CIPHER_KOREAN_SEED_CBC PAD_PKCS1_OAEP_SHA224;no;		0.019000;0;0;0
CIPHER_KOREAN_SEED_CBC PAD_PKCS1_OAEP_SHA256;no;		0.019000;0;0;0
CIPHER_KOREAN_SEED_CBC PAD_PKCS1_OAEP_SHA384;no;		0.019000;0;0;0
CIPHER_KOREAN_SEED_CBC PAD_PKCS1_OAEP_SHA512;no;		0.019000;0;0;0
CIPHER_KOREAN_SEED_CBC PAD_PKCS1_OAEP_SHA3_224;no;		0.019000;0;0;0
CIPHER_KOREAN_SEED_CBC PAD_PKCS1_OAEP_SHA3_256;no;		0.019000;0;0;0
CIPHER_KOREAN_SEED_CBC PAD_PKCS1_OAEP_SHA3_384;no;		0.019000;0;0;0
CIPHER_KOREAN_SEED_CBC PAD_PKCS1_OAEP_SHA3_512;no;		0.019000;0;0;0
CIPHER_KOREAN_SEED_CBC PAD_ISO9796_MR_SCHEME_2;no;		0.019000;0;0;0
CIPHER_KOREAN_SEED_CBC PAD_ISO9796_MR_SCHEME_3;no;		0.019000;0;0;0
CIPHER_KOREAN_SEED_ECB PAD_NULL;no;		0.019000;0;0;0
CIPHER_KOREAN_SEED_ECB PAD_NOPAD;yes;		0.053000;28;19;19
CIPHER_KOREAN_SEED_ECB PAD_ISO9797_M1;yes;		0.053000;28;19;19
CIPHER_KOREAN_SEED_ECB PAD_ISO9797_M2;yes;		0.053000;28;19;19
CIPHER_KOREAN_SEED_ECB PAD_ISO9797_1_M1_ALG3;no;		0.019000;0;0;0
CIPHER_KOREAN_SEED_ECB PAD_ISO9797_1_M2_ALG3;no;		0.018000;0;0;0
CIPHER_KOREAN_SEED_ECB PAD_PKCS5;yes;		0.053000;28;19;19
CIPHER_KOREAN_SEED_ECB PAD_PKCS1;no;		0.018000;0;0;0
CIPHER_KOREAN_SEED_ECB PAD_PKCS1_PSS;no;		0.019000;0;0;0
CIPHER_KOREAN_SEED_ECB PAD_PKCS1_OAEP;no;		0.019000;0;0;0
CIPHER_KOREAN_SEED_ECB PAD_ISO9796;no;		0.019000;0;0;0
CIPHER_KOREAN_SEED_ECB PAD_ISO9796_MR;no;		0.019000;0;0;0
CIPHER_KOREAN_SEED_ECB PAD_RFC2409;no;		0.019000;0;0;0
CIPHER_KOREAN_SEED_ECB PAD_PKCS1_OAEP_SHA224;no;		0.019000;0;0;0
CIPHER_KOREAN_SEED_ECB PAD_PKCS1_OAEP_SHA256;no;		0.019000;0;0;0
CIPHER_KOREAN_SEED_ECB PAD_PKCS1_OAEP_SHA384;no;		0.019000;0;0;0
CIPHER_KOREAN_SEED_ECB PAD_PKCS1_OAEP_SHA512;no;		0.019000;0;0;0
CIPHER_KOREAN_SEED_ECB PAD_PKCS1_OAEP_SHA3_224;no;		0.019000;0;0;0
CIPHER_KOREAN_SEED_ECB PAD_PKCS1_OAEP_SHA3_256;no;		0.020000;0;0;0
CIPHER_KOREAN_SEED_ECB PAD_PKCS1_OAEP_SHA3_384;no;		0.018000;0;0;0
CIPHER_KOREAN_SEED_ECB PAD_PKCS1_OAEP_SHA3_512;no;		0.019000;0;0;0
CIPHER_KOREAN_SEED_ECB PAD_ISO9796_MR_SCHEME_2;no;		0.019000;0;0;0
CIPHER_KOREAN_SEED_ECB PAD_ISO9796_MR_SCHEME_3;no;		0.018000;0;0;0
CIPHER_RSA PAD_NULL;no;		0.018000;0;0;0
CIPHER_RSA PAD_NOPAD;yes;		0.053000;28;259;259
CIPHER_RSA PAD_ISO9797_M1;no;		0.019000;0;0;0
CIPHER_RSA PAD_ISO9797_M2;no;		0.018000;0;0;0
CIPHER_RSA PAD_ISO9797_1_M1_ALG3;no;		0.019000;0;0;0
CIPHER_RSA PAD_ISO9797_1_M2_ALG3;no;		0.019000;0;0;0
CIPHER_RSA PAD_PKCS5;no;		0.019000;0;0;0
CIPHER_RSA PAD_PKCS1;yes;		0.052000;28;259;259
CIPHER_RSA PAD_PKCS1_PSS;no;		0.018000;0;0;0
CIPHER_RSA PAD_PKCS1_OAEP;yes;		0.053000;28;259;259
CIPHER_RSA PAD_ISO9796;no;		0.021000;0;0;0
CIPHER_RSA PAD_ISO9796_MR;no;		0.018000;0;0;0
CIPHER_RSA PAD_RFC2409;no;		0.018000;0;0;0
CIPHER_RSA PAD_PKCS1_OAEP_SHA224;yes;		0.053000;28;259;259
CIPHER_RSA PAD_PKCS1_OAEP_SHA256;yes;		0.052000;28;259;259
CIPHER_RSA PAD_PKCS1_OAEP_SHA384;yes;		0.054000;28;259;259
CIPHER_RSA PAD_PKCS1_OAEP_SHA512;yes;		0.053000;28;259;259
CIPHER_RSA PAD_PKCS1_OAEP_SHA3_224;no;		0.018000;0;0;0
CIPHER_RSA PAD_PKCS1_OAEP_SHA3_256;no;		0.020000;0;0;0
CIPHER_RSA PAD_PKCS1_OAEP_SHA3_384;no;		0.019000;0;0;0
CIPHER_RSA PAD_PKCS1_OAEP_SHA3_512;no;		0.019000;0;0;0
CIPHER_RSA PAD_ISO9796_MR_SCHEME_2;no;		0.019000;0;0;0
CIPHER_RSA PAD_ISO9796_MR_SCHEME_3;no;		0.019000;0;0;0
CIPHER_AES_CTR PAD_NULL;no;		0.019000;0;0;0
CIPHER_AES_CTR PAD_NOPAD;no;		0.019000;0;0;0
CIPHER_AES_CTR PAD_ISO9797_M1;no;		0.019000;0;0;0
CIPHER_AES_CTR PAD_ISO9797_M2;no;		0.017000;0;0;0
CIPHER_AES_CTR PAD_ISO9797_1_M1_ALG3;no;		0.018000;0;0;0
CIPHER_AES_CTR PAD_ISO9797_1_M2_ALG3;no;		0.019000;0;0;0
CIPHER_AES_CTR PAD_PKCS5;no;		0.020000;0;0;0
CIPHER_AES_CTR PAD_PKCS1;no;		0.019000;0;0;0
CIPHER_AES_CTR PAD_PKCS1_PSS;no;		0.018000;0;0;0
CIPHER_AES_CTR PAD_PKCS1_OAEP;no;		0.019000;0;0;0
CIPHER_AES_CTR PAD_ISO9796;no;		0.019000;0;0;0
CIPHER_AES_CTR PAD_ISO9796_MR;no;		0.018000;0;0;0
CIPHER_AES_CTR PAD_RFC2409;no;		0.018000;0;0;0
CIPHER_AES_CTR PAD_PKCS1_OAEP_SHA224;no;		0.019000;0;0;0
CIPHER_AES_CTR PAD_PKCS1_OAEP_SHA256;no;		0.018000;0;0;0
CIPHER_AES_CTR PAD_PKCS1_OAEP_SHA384;no;		0.019000;0;0;0
CIPHER_AES_CTR PAD_PKCS1_OAEP_SHA512;no;		0.019000;0;0;0
CIPHER_AES_CTR PAD_PKCS1_OAEP_SHA3_224;no;		0.019000;0;0;0
CIPHER_AES_CTR PAD_PKCS1_OAEP_SHA3_256;no;		0.019000;0;0;0
CIPHER_AES_CTR PAD_PKCS1_OAEP_SHA3_384;no;		0.019000;0;0;0
CIPHER_AES_CTR PAD_PKCS1_OAEP_SHA3_512;no;		0.019000;0;0;0
CIPHER_AES_CTR PAD_ISO9796_MR_SCHEME_2;no;		0.019000;0;0;0
CIPHER_AES_CTR PAD_ISO9796_MR_SCHEME_3;no;		0.019000;0;0;0
CIPHER_AES_CFB PAD_NULL;no;		0.018000;0;0;0
CIPHER_AES_CFB PAD_NOPAD;no;		0.019000;0;0;0
CIPHER_AES_CFB PAD_ISO9797_M1;no;		0.019000;0;0;0
CIPHER_AES_CFB PAD_ISO9797_M2;no;		0.018000;0;0;0
CIPHER_AES_CFB PAD_ISO9797_1_M1_ALG3;no;		0.019000;0;0;0
CIPHER_AES_CFB PAD_ISO9797_1_M2_ALG3;no;		0.019000;0;0;0
CIPHER_AES_CFB PAD_PKCS5;no;		0.019000;0;0;0
CIPHER_AES_CFB PAD_PKCS1;no;		0.019000;0;0;0
CIPHER_AES_CFB PAD_PKCS1_PSS;no;		0.019000;0;0;0
CIPHER_AES_CFB PAD_PKCS1_OAEP;no;		0.018000;0;0;0
CIPHER_AES_CFB PAD_ISO9796;no;		0.026000;0;0;0
CIPHER_AES_CFB PAD_ISO9796_MR;no;		0.019000;0;0;0
CIPHER_AES_CFB PAD_RFC2409;no;		0.019000;0;0;0
CIPHER_AES_CFB PAD_PKCS1_OAEP_SHA224;no;		0.019000;0;0;0
CIPHER_AES_CFB PAD_PKCS1_OAEP_SHA256;no;		0.019000;0;0;0
CIPHER_AES_CFB PAD_PKCS1_OAEP_SHA384;no;		0.018000;0;0;0
CIPHER_AES_CFB PAD_PKCS1_OAEP_SHA512;no;		0.018000;0;0;0
CIPHER_AES_CFB PAD_PKCS1_OAEP_SHA3_224;no;		0.018000;0;0;0
CIPHER_AES_CFB PAD_PKCS1_OAEP_SHA3_256;no;		0.019000;0;0;0
CIPHER_AES_CFB PAD_PKCS1_OAEP_SHA3_384;no;		0.020000;0;0;0
CIPHER_AES_CFB PAD_PKCS1_OAEP_SHA3_512;no;		0.018000;0;0;0
CIPHER_AES_CFB PAD_ISO9796_MR_SCHEME_2;no;		0.019000;0;0;0
CIPHER_AES_CFB PAD_ISO9796_MR_SCHEME_3;no;		0.019000;0;0;0
CIPHER_AES_XTS PAD_NULL;no;		0.019000;0;0;0
CIPHER_AES_XTS PAD_NOPAD;no;		0.019000;0;0;0
CIPHER_AES_XTS PAD_ISO9797_M1;no;		0.019000;0;0;0
CIPHER_AES_XTS PAD_ISO9797_M2;no;		0.019000;0;0;0
CIPHER_AES_XTS PAD_ISO9797_1_M1_ALG3;no;		0.019000;0;0;0
CIPHER_AES_XTS PAD_ISO9797_1_M2_ALG3;no;		0.019000;0;0;0
CIPHER_AES_XTS PAD_PKCS5;no;		0.019000;0;0;0
CIPHER_AES_XTS PAD_PKCS1;no;		0.019000;0;0;0
CIPHER_AES_XTS PAD_PKCS1_PSS;no;		0.019000;0;0;0
CIPHER_AES_XTS PAD_PKCS1_OAEP;no;		0.020000;0;0;0
CIPHER_AES_XTS PAD_ISO9796;no;		0.019000;0;0;0
CIPHER_AES_XTS PAD_ISO9796_MR;no;		0.019000;0;0;0
CIPHER_AES_XTS PAD_RFC2409;no;		0.018000;0;0;0
CIPHER_AES_XTS PAD_PKCS1_OAEP_SHA224;no;		0.021000;0;0;0
CIPHER_AES_XTS PAD_PKCS1_OAEP_SHA256;no;		0.019000;0;0;0
CIPHER_AES_XTS PAD_PKCS1_OAEP_SHA384;no;		0.018000;0;0;0
CIPHER_AES_XTS PAD_PKCS1_OAEP_SHA512;no;		0.019000;0;0;0
CIPHER_AES_XTS PAD_PKCS1_OAEP_SHA3_224;no;		0.019000;0;0;0
CIPHER_AES_XTS PAD_PKCS1_OAEP_SHA3_256;no;		0.019000;0;0;0
CIPHER_AES_XTS PAD_PKCS1_OAEP_SHA3_384;no;		0.019000;0;0;0
CIPHER_AES_XTS PAD_PKCS1_OAEP_SHA3_512;no;		0.018000;0;0;0
CIPHER_AES_XTS PAD_ISO9796_MR_SCHEME_2;no;		0.017000;0;0;0
CIPHER_AES_XTS PAD_ISO9796_MR_SCHEME_3;no;		0.019000;0;0;0
CIPHER_SM4_ECB PAD_NULL;no;		0.019000;0;0;0
CIPHER_SM4_ECB PAD_NOPAD;no;		0.019000;0;0;0
CIPHER_SM4_ECB PAD_ISO9797_M1;no;		0.018000;0;0;0
CIPHER_SM4_ECB PAD_ISO9797_M2;no;		0.018000;0;0;0
CIPHER_SM4_ECB PAD_ISO9797_1_M1_ALG3;no;		0.019000;0;0;0
CIPHER_SM4_ECB PAD_ISO9797_1_M2_ALG3;no;		0.019000;0;0;0
CIPHER_SM4_ECB PAD_PKCS5;no;		0.020000;0;0;0
CIPHER_SM4_ECB PAD_PKCS1;no;		0.019000;0;0;0
CIPHER_SM4_ECB PAD_PKCS1_PSS;no;		0.019000;0;0;0
CIPHER_SM4_ECB PAD_PKCS1_OAEP;no;		0.019000;0;0;0
CIPHER_SM4_ECB PAD_ISO9796;no;		0.019000;0;0;0
CIPHER_SM4_ECB PAD_ISO9796_MR;no;		0.019000;0;0;0
CIPHER_SM4_ECB PAD_RFC2409;no;		0.018000;0;0;0
CIPHER_SM4_ECB PAD_PKCS1_OAEP_SHA224;no;		0.019000;0;0;0
CIPHER_SM4_ECB PAD_PKCS1_OAEP_SHA256;no;		0.019000;0;0;0
CIPHER_SM4_ECB PAD_PKCS1_OAEP_SHA384;no;		0.018000;0;0;0
CIPHER_SM4_ECB PAD_PKCS1_OAEP_SHA512;no;		0.019000;0;0;0
CIPHER_SM4_ECB PAD_PKCS1_OAEP_SHA3_224;no;		0.019000;0;0;0
CIPHER_SM4_ECB PAD_PKCS1_OAEP_SHA3_256;no;		0.019000;0;0;0
CIPHER_SM4_ECB PAD_PKCS1_OAEP_SHA3_384;no;		0.019000;0;0;0
CIPHER_SM4_ECB PAD_PKCS1_OAEP_SHA3_512;no;		0.019000;0;0;0
CIPHER_SM4_ECB PAD_ISO9796_MR_SCHEME_2;no;		0.019000;0;0;0
CIPHER_SM4_ECB PAD_ISO9796_MR_SCHEME_3;no;		0.018000;0;0;0
CIPHER_SM4_CBC PAD_NULL;no;		0.019000;0;0;0
CIPHER_SM4_CBC PAD_NOPAD;no;		0.019000;0;0;0
CIPHER_SM4_CBC PAD_ISO9797_M1;no;		0.018000;0;0;0
CIPHER_SM4_CBC PAD_ISO9797_M2;no;		0.018000;0;0;0
CIPHER_SM4_CBC PAD_ISO9797_1_M1_ALG3;no;		0.018000;0;0;0
CIPHER_SM4_CBC PAD_ISO9797_1_M2_ALG3;no;		0.019000;0;0;0
CIPHER_SM4_CBC PAD_PKCS5;no;		0.019000;0;0;0
CIPHER_SM4_CBC PAD_PKCS1;no;		0.019000;0;0;0
CIPHER_SM4_CBC PAD_PKCS1_PSS;no;		0.019000;0;0;0
CIPHER_SM4_CBC PAD_PKCS1_OAEP;no;		0.019000;0;0;0
CIPHER_SM4_CBC PAD_ISO9796;no;		0.017000;0;0;0
CIPHER_SM4_CBC PAD_ISO9796_MR;no;		0.017000;0;0;0
CIPHER_SM4_CBC PAD_RFC2409;no;		0.022000;0;0;0
CIPHER_SM4_CBC PAD_PKCS1_OAEP_SHA224;no;		0.019000;0;0;0
CIPHER_SM4_CBC PAD_PKCS1_OAEP_SHA256;no;		0.019000;0;0;0
CIPHER_SM4_CBC PAD_PKCS1_OAEP_SHA384;no;		0.019000;0;0;0
CIPHER_SM4_CBC PAD_PKCS1_OAEP_SHA512;no;		0.019000;0;0;0
CIPHER_SM4_CBC PAD_PKCS1_OAEP_SHA3_224;no;		0.019000;0;0;0
CIPHER_SM4_CBC PAD_PKCS1_OAEP_SHA3_256;no;		0.018000;0;0;0
CIPHER_SM4_CBC PAD_PKCS1_OAEP_SHA3_384;no;		0.019000;0;0;0
CIPHER_SM4_CBC PAD_PKCS1_OAEP_SHA3_512;no;		0.019000;0;0;0
CIPHER_SM4_CBC PAD_ISO9796_MR_SCHEME_2;no;		0.019000;0;0;0
CIPHER_SM4_CBC PAD_ISO9796_MR_SCHEME_3;no;		0.018000;0;0;0
CIPHER_SM2 PAD_NULL;no;		0.018000;0;0;0
CIPHER_SM2 PAD_NOPAD;no;		0.018000;0;0;0
CIPHER_SM2 PAD_ISO9797_M1;no;		0.018000;0;0;0
CIPHER_SM2 PAD_ISO9797_M2;no;		0.019000;0;0;0
CIPHER_SM2 PAD_ISO9797_1_M1_ALG3;no;		0.018000;0;0;0
CIPHER_SM2 PAD_ISO9797_1_M2_ALG3;no;		0.019000;0;0;0
CIPHER_SM2 PAD_PKCS5;no;		0.017000;0;0;0
CIPHER_SM2 PAD_PKCS1;no;		0.018000;0;0;0
CIPHER_SM2 PAD_PKCS1_PSS;no;		0.018000;0;0;0
CIPHER_SM2 PAD_PKCS1_OAEP;no;		0.017000;0;0;0
CIPHER_SM2 PAD_ISO9796;no;		0.019000;0;0;0
CIPHER_SM2 PAD_ISO9796_MR;no;		0.019000;0;0;0
CIPHER_SM2 PAD_RFC2409;no;		0.019000;0;0;0
CIPHER_SM2 PAD_PKCS1_OAEP_SHA224;no;		0.019000;0;0;0
CIPHER_SM2 PAD_PKCS1_OAEP_SHA256;no;		0.020000;0;0;0
CIPHER_SM2 PAD_PKCS1_OAEP_SHA384;no;		0.019000;0;0;0
CIPHER_SM2 PAD_PKCS1_OAEP_SHA512;no;		0.018000;0;0;0
CIPHER_SM2 PAD_PKCS1_OAEP_SHA3_224;no;		0.019000;0;0;0
CIPHER_SM2 PAD_PKCS1_OAEP_SHA3_256;no;		0.018000;0;0;0
CIPHER_SM2 PAD_PKCS1_OAEP_SHA3_384;no;		0.017000;0;0;0
CIPHER_SM2 PAD_PKCS1_OAEP_SHA3_512;no;		0.017000;0;0;0
CIPHER_SM2 PAD_ISO9796_MR_SCHEME_2;no;		0.018000;0;0;0
CIPHER_SM2 PAD_ISO9796_MR_SCHEME_3;no;		0.017000;0;0;0

javacard.crypto.Signature.getInstance(byte messageDigestAlgorithm, byte cipherAlgorithm, byte paddingAlgorithm, boolean externalAccess)
SIG_CIPHER_DES_MAC4 PAD_NULL ALG_NULL;no;		0.018000;0;0;0
SIG_CIPHER_DES_MAC4 PAD_NULL ALG_SHA;no;		0.018000;0;0;0
SIG_CIPHER_DES_MAC4 PAD_NULL ALG_MD5;no;		0.022000;0;0;0
SIG_CIPHER_DES_MAC4 PAD_NULL ALG_RIPEMD160;no;		0.018000;0;0;0
SIG_CIPHER_DES_MAC4 PAD_NULL ALG_SHA_256;no;		0.019000;0;0;0
SIG_CIPHER_DES_MAC4 PAD_NULL ALG_SHA_384;no;		0.020000;0;0;0
SIG_CIPHER_DES_MAC4 PAD_NULL ALG_SHA_512;no;		0.019000;0;0;0
SIG_CIPHER_DES_MAC4 PAD_NULL ALG_SHA_224;no;		0.017000;0;0;0
SIG_CIPHER_DES_MAC4 PAD_NULL ALG_SHA3_224;no;		0.018000;0;0;0
SIG_CIPHER_DES_MAC4 PAD_NULL ALG_SHA3_256;no;		0.019000;0;0;0
SIG_CIPHER_DES_MAC4 PAD_NULL ALG_SHA3_384;no;		0.019000;0;0;0
SIG_CIPHER_DES_MAC4 PAD_NULL ALG_SHA3_512;no;		0.018000;0;0;0
SIG_CIPHER_DES_MAC4 PAD_NOPAD ALG_NULL;yes;		0.053000;32;20;20
SIG_CIPHER_DES_MAC4 PAD_NOPAD ALG_SHA;no;		0.019000;0;0;0
SIG_CIPHER_DES_MAC4 PAD_NOPAD ALG_MD5;no;		0.018000;0;0;0
SIG_CIPHER_DES_MAC4 PAD_NOPAD ALG_RIPEMD160;no;		0.020000;0;0;0
SIG_CIPHER_DES_MAC4 PAD_NOPAD ALG_SHA_256;no;		0.018000;0;0;0
SIG_CIPHER_DES_MAC4 PAD_NOPAD ALG_SHA_384;no;		0.018000;0;0;0
SIG_CIPHER_DES_MAC4 PAD_NOPAD ALG_SHA_512;no;		0.024000;0;0;0
SIG_CIPHER_DES_MAC4 PAD_NOPAD ALG_SHA_224;no;		0.018000;0;0;0
SIG_CIPHER_DES_MAC4 PAD_NOPAD ALG_SHA3_224;no;		0.018000;0;0;0
SIG_CIPHER_DES_MAC4 PAD_NOPAD ALG_SHA3_256;no;		0.018000;0;0;0
SIG_CIPHER_DES_MAC4 PAD_NOPAD ALG_SHA3_384;no;		0.019000;0;0;0
SIG_CIPHER_DES_MAC4 PAD_NOPAD ALG_SHA3_512;no;		0.018000;0;0;0
SIG_CIPHER_DES_MAC4 PAD_ISO9797_M1 ALG_NULL;yes;		0.052000;32;20;20
SIG_CIPHER_DES_MAC4 PAD_ISO9797_M1 ALG_SHA;no;		0.018000;0;0;0
SIG_CIPHER_DES_MAC4 PAD_ISO9797_M1 ALG_MD5;no;		0.019000;0;0;0
SIG_CIPHER_DES_MAC4 PAD_ISO9797_M1 ALG_RIPEMD160;no;		0.019000;0;0;0
SIG_CIPHER_DES_MAC4 PAD_ISO9797_M1 ALG_SHA_256;no;		0.019000;0;0;0
SIG_CIPHER_DES_MAC4 PAD_ISO9797_M1 ALG_SHA_384;no;		0.019000;0;0;0
SIG_CIPHER_DES_MAC4 PAD_ISO9797_M1 ALG_SHA_512;no;		0.018000;0;0;0
SIG_CIPHER_DES_MAC4 PAD_ISO9797_M1 ALG_SHA_224;no;		0.018000;0;0;0
SIG_CIPHER_DES_MAC4 PAD_ISO9797_M1 ALG_SHA3_224;no;		0.018000;0;0;0
SIG_CIPHER_DES_MAC4 PAD_ISO9797_M1 ALG_SHA3_256;no;		0.018000;0;0;0
SIG_CIPHER_DES_MAC4 PAD_ISO9797_M1 ALG_SHA3_384;no;		0.019000;0;0;0
SIG_CIPHER_DES_MAC4 PAD_ISO9797_M1 ALG_SHA3_512;no;		0.019000;0;0;0
SIG_CIPHER_DES_MAC4 PAD_ISO9797_M2 ALG_NULL;yes;		0.052000;32;20;20
SIG_CIPHER_DES_MAC4 PAD_ISO9797_M2 ALG_SHA;no;		0.018000;0;0;0
SIG_CIPHER_DES_MAC4 PAD_ISO9797_M2 ALG_MD5;no;		0.017000;0;0;0
SIG_CIPHER_DES_MAC4 PAD_ISO9797_M2 ALG_RIPEMD160;no;		0.019000;0;0;0
SIG_CIPHER_DES_MAC4 PAD_ISO9797_M2 ALG_SHA_256;no;		0.017000;0;0;0
SIG_CIPHER_DES_MAC4 PAD_ISO9797_M2 ALG_SHA_384;no;		0.019000;0;0;0
SIG_CIPHER_DES_MAC4 PAD_ISO9797_M2 ALG_SHA_512;no;		0.021000;0;0;0
SIG_CIPHER_DES_MAC4 PAD_ISO9797_M2 ALG_SHA_224;no;		0.019000;0;0;0
SIG_CIPHER_DES_MAC4 PAD_ISO9797_M2 ALG_SHA3_224;no;		0.018000;0;0;0
SIG_CIPHER_DES_MAC4 PAD_ISO9797_M2 ALG_SHA3_256;no;		0.018000;0;0;0
SIG_CIPHER_DES_MAC4 PAD_ISO9797_M2 ALG_SHA3_384;no;		0.019000;0;0;0
SIG_CIPHER_DES_MAC4 PAD_ISO9797_M2 ALG_SHA3_512;no;		0.019000;0;0;0
SIG_CIPHER_DES_MAC4 PAD_ISO9797_1_M1_ALG3 ALG_NULL;yes;		0.053000;32;20;20
SIG_CIPHER_DES_MAC4 PAD_ISO9797_1_M1_ALG3 ALG_SHA;no;		0.019000;0;0;0
SIG_CIPHER_DES_MAC4 PAD_ISO9797_1_M1_ALG3 ALG_MD5;no;		0.018000;0;0;0
SIG_CIPHER_DES_MAC4 PAD_ISO9797_1_M1_ALG3 ALG_RIPEMD160;no;		0.018000;0;0;0
SIG_CIPHER_DES_MAC4 PAD_ISO9797_1_M1_ALG3 ALG_SHA_256;no;		0.022000;0;0;0
SIG_CIPHER_DES_MAC4 PAD_ISO9797_1_M1_ALG3 ALG_SHA_384;no;		0.019000;0;0;0
SIG_CIPHER_DES_MAC4 PAD_ISO9797_1_M1_ALG3 ALG_SHA_512;no;		0.019000;0;0;0
SIG_CIPHER_DES_MAC4 PAD_ISO9797_1_M1_ALG3 ALG_SHA_224;no;		0.018000;0;0;0
SIG_CIPHER_DES_MAC4 PAD_ISO9797_1_M1_ALG3 ALG_SHA3_224;no;		0.019000;0;0;0
SIG_CIPHER_DES_MAC4 PAD_ISO9797_1_M1_ALG3 ALG_SHA3_256;no;		0.019000;0;0;0
SIG_CIPHER_DES_MAC4 PAD_ISO9797_1_M1_ALG3 ALG_SHA3_384;no;		0.019000;0;0;0
SIG_CIPHER_DES_MAC4 PAD_ISO9797_1_M1_ALG3 ALG_SHA3_512;no;		0.018000;0;0;0
SIG_CIPHER_DES_MAC4 PAD_ISO9797_1_M2_ALG3 ALG_NULL;yes;		0.053000;32;20;20
SIG_CIPHER_DES_MAC4 PAD_ISO9797_1_M2_ALG3 ALG_SHA;no;		0.018000;0;0;0
SIG_CIPHER_DES_MAC4 PAD_ISO9797_1_M2_ALG3 ALG_MD5;no;		0.018000;0;0;0
SIG_CIPHER_DES_MAC4 PAD_ISO9797_1_M2_ALG3 ALG_RIPEMD160;no;		0.019000;0;0;0
SIG_CIPHER_DES_MAC4 PAD_ISO9797_1_M2_ALG3 ALG_SHA_256;no;		0.018000;0;0;0
SIG_CIPHER_DES_MAC4 PAD_ISO9797_1_M2_ALG3 ALG_SHA_384;no;		0.018000;0;0;0
SIG_CIPHER_DES_MAC4 PAD_ISO9797_1_M2_ALG3 ALG_SHA_512;no;		0.018000;0;0;0
SIG_CIPHER_DES_MAC4 PAD_ISO9797_1_M2_ALG3 ALG_SHA_224;no;		0.019000;0;0;0
SIG_CIPHER_DES_MAC4 PAD_ISO9797_1_M2_ALG3 ALG_SHA3_224;no;		0.018000;0;0;0
SIG_CIPHER_DES_MAC4 PAD_ISO9797_1_M2_ALG3 ALG_SHA3_256;no;		0.022000;0;0;0
SIG_CIPHER_DES_MAC4 PAD_ISO9797_1_M2_ALG3 ALG_SHA3_384;no;		0.021000;0;0;0
SIG_CIPHER_DES_MAC4 PAD_ISO9797_1_M2_ALG3 ALG_SHA3_512;no;		0.018000;0;0;0
SIG_CIPHER_DES_MAC4 PAD_PKCS5 ALG_NULL;yes;		0.052000;32;20;20
SIG_CIPHER_DES_MAC4 PAD_PKCS5 ALG_SHA;no;		0.018000;0;0;0
SIG_CIPHER_DES_MAC4 PAD_PKCS5 ALG_MD5;no;		0.018000;0;0;0
SIG_CIPHER_DES_MAC4 PAD_PKCS5 ALG_RIPEMD160;no;		0.019000;0;0;0
SIG_CIPHER_DES_MAC4 PAD_PKCS5 ALG_SHA_256;no;		0.018000;0;0;0
SIG_CIPHER_DES_MAC4 PAD_PKCS5 ALG_SHA_384;no;		0.019000;0;0;0
SIG_CIPHER_DES_MAC4 PAD_PKCS5 ALG_SHA_512;no;		0.019000;0;0;0
SIG_CIPHER_DES_MAC4 PAD_PKCS5 ALG_SHA_224;no;		0.019000;0;0;0
SIG_CIPHER_DES_MAC4 PAD_PKCS5 ALG_SHA3_224;no;		0.017000;0;0;0
SIG_CIPHER_DES_MAC4 PAD_PKCS5 ALG_SHA3_256;no;		0.018000;0;0;0
SIG_CIPHER_DES_MAC4 PAD_PKCS5 ALG_SHA3_384;no;		0.022000;0;0;0
SIG_CIPHER_DES_MAC4 PAD_PKCS5 ALG_SHA3_512;no;		0.018000;0;0;0
SIG_CIPHER_DES_MAC4 PAD_PKCS1 ALG_NULL;no;		0.018000;0;0;0
SIG_CIPHER_DES_MAC4 PAD_PKCS1 ALG_SHA;no;		0.018000;0;0;0
SIG_CIPHER_DES_MAC4 PAD_PKCS1 ALG_MD5;no;		0.018000;0;0;0
SIG_CIPHER_DES_MAC4 PAD_PKCS1 ALG_RIPEMD160;no;		0.018000;0;0;0
SIG_CIPHER_DES_MAC4 PAD_PKCS1 ALG_SHA_256;no;		0.018000;0;0;0
SIG_CIPHER_DES_MAC4 PAD_PKCS1 ALG_SHA_384;no;		0.018000;0;0;0
SIG_CIPHER_DES_MAC4 PAD_PKCS1 ALG_SHA_512;no;		0.020000;0;0;0
SIG_CIPHER_DES_MAC4 PAD_PKCS1 ALG_SHA_224;no;		0.019000;0;0;0
SIG_CIPHER_DES_MAC4 PAD_PKCS1 ALG_SHA3_224;no;		0.020000;0;0;0
SIG_CIPHER_DES_MAC4 PAD_PKCS1 ALG_SHA3_256;no;		0.019000;0;0;0
SIG_CIPHER_DES_MAC4 PAD_PKCS1 ALG_SHA3_384;no;		0.017000;0;0;0
SIG_CIPHER_DES_MAC4 PAD_PKCS1 ALG_SHA3_512;no;		0.018000;0;0;0
SIG_CIPHER_DES_MAC4 PAD_PKCS1_PSS ALG_NULL;no;		0.019000;0;0;0
SIG_CIPHER_DES_MAC4 PAD_PKCS1_PSS ALG_SHA;no;		0.017000;0;0;0
SIG_CIPHER_DES_MAC4 PAD_PKCS1_PSS ALG_MD5;no;		0.017000;0;0;0
SIG_CIPHER_DES_MAC4 PAD_PKCS1_PSS ALG_RIPEMD160;no;		0.018000;0;0;0
SIG_CIPHER_DES_MAC4 PAD_PKCS1_PSS ALG_SHA_256;no;		0.020000;0;0;0
SIG_CIPHER_DES_MAC4 PAD_PKCS1_PSS ALG_SHA_384;no;		0.019000;0;0;0
SIG_CIPHER_DES_MAC4 PAD_PKCS1_PSS ALG_SHA_512;no;		0.020000;0;0;0
SIG_CIPHER_DES_MAC4 PAD_PKCS1_PSS ALG_SHA_224;no;		0.019000;0;0;0
SIG_CIPHER_DES_MAC4 PAD_PKCS1_PSS ALG_SHA3_224;no;		0.019000;0;0;0
SIG_CIPHER_DES_MAC4 PAD_PKCS1_PSS ALG_SHA3_256;no;		0.019000;0;0;0
SIG_CIPHER_DES_MAC4 PAD_PKCS1_PSS ALG_SHA3_384;no;		0.020000;0;0;0
SIG_CIPHER_DES_MAC4 PAD_PKCS1_PSS ALG_SHA3_512;no;		0.020000;0;0;0
SIG_CIPHER_DES_MAC4 PAD_PKCS1_OAEP ALG_NULL;no;		0.020000;0;0;0
SIG_CIPHER_DES_MAC4 PAD_PKCS1_OAEP ALG_SHA;no;		0.019000;0;0;0
SIG_CIPHER_DES_MAC4 PAD_PKCS1_OAEP ALG_MD5;no;		0.019000;0;0;0
SIG_CIPHER_DES_MAC4 PAD_PKCS1_OAEP ALG_RIPEMD160;no;		0.018000;0;0;0
SIG_CIPHER_DES_MAC4 PAD_PKCS1_OAEP ALG_SHA_256;no;		0.019000;0;0;0
SIG_CIPHER_DES_MAC4 PAD_PKCS1_OAEP ALG_SHA_384;no;		0.019000;0;0;0
SIG_CIPHER_DES_MAC4 PAD_PKCS1_OAEP ALG_SHA_512;no;		0.019000;0;0;0
SIG_CIPHER_DES_MAC4 PAD_PKCS1_OAEP ALG_SHA_224;no;		0.019000;0;0;0
SIG_CIPHER_DES_MAC4 PAD_PKCS1_OAEP ALG_SHA3_224;no;		0.020000;0;0;0
SIG_CIPHER_DES_MAC4 PAD_PKCS1_OAEP ALG_SHA3_256;no;		0.019000;0;0;0
SIG_CIPHER_DES_MAC4 PAD_PKCS1_OAEP ALG_SHA3_384;no;		0.019000;0;0;0
SIG_CIPHER_DES_MAC4 PAD_PKCS1_OAEP ALG_SHA3_512;no;		0.019000;0;0;0
SIG_CIPHER_DES_MAC4 PAD_ISO9796 ALG_NULL;no;		0.021000;0;0;0
SIG_CIPHER_DES_MAC4 PAD_ISO9796 ALG_SHA;no;		0.018000;0;0;0
SIG_CIPHER_DES_MAC4 PAD_ISO9796 ALG_MD5;no;		0.020000;0;0;0
SIG_CIPHER_DES_MAC4 PAD_ISO9796 ALG_RIPEMD160;no;		0.020000;0;0;0
SIG_CIPHER_DES_MAC4 PAD_ISO9796 ALG_SHA_256;no;		0.020000;0;0;0
SIG_CIPHER_DES_MAC4 PAD_ISO9796 ALG_SHA_384;no;		0.018000;0;0;0
SIG_CIPHER_DES_MAC4 PAD_ISO9796 ALG_SHA_512;no;		0.018000;0;0;0
SIG_CIPHER_DES_MAC4 PAD_ISO9796 ALG_SHA_224;no;		0.019000;0;0;0
SIG_CIPHER_DES_MAC4 PAD_ISO9796 ALG_SHA3_224;no;		0.021000;0;0;0
SIG_CIPHER_DES_MAC4 PAD_ISO9796 ALG_SHA3_256;no;		0.019000;0;0;0
SIG_CIPHER_DES_MAC4 PAD_ISO9796 ALG_SHA3_384;no;		0.018000;0;0;0
SIG_CIPHER_DES_MAC4 PAD_ISO9796 ALG_SHA3_512;no;		0.018000;0;0;0
SIG_CIPHER_DES_MAC4 PAD_ISO9796_MR ALG_NULL;no;		0.019000;0;0;0
SIG_CIPHER_DES_MAC4 PAD_ISO9796_MR ALG_SHA;no;		0.018000;0;0;0
SIG_CIPHER_DES_MAC4 PAD_ISO9796_MR ALG_MD5;no;		0.019000;0;0;0
SIG_CIPHER_DES_MAC4 PAD_ISO9796_MR ALG_RIPEMD160;no;		0.019000;0;0;0
SIG_CIPHER_DES_MAC4 PAD_ISO9796_MR ALG_SHA_256;no;		0.019000;0;0;0
SIG_CIPHER_DES_MAC4 PAD_ISO9796_MR ALG_SHA_384;no;		0.019000;0;0;0
SIG_CIPHER_DES_MAC4 PAD_ISO9796_MR ALG_SHA_512;no;		0.019000;0;0;0
SIG_CIPHER_DES_MAC4 PAD_ISO9796_MR ALG_SHA_224;no;		0.017000;0;0;0
SIG_CIPHER_DES_MAC4 PAD_ISO9796_MR ALG_SHA3_224;no;		0.017000;0;0;0
SIG_CIPHER_DES_MAC4 PAD_ISO9796_MR ALG_SHA3_256;no;		0.019000;0;0;0
SIG_CIPHER_DES_MAC4 PAD_ISO9796_MR ALG_SHA3_384;no;		0.019000;0;0;0
SIG_CIPHER_DES_MAC4 PAD_ISO9796_MR ALG_SHA3_512;no;		0.017000;0;0;0
SIG_CIPHER_DES_MAC4 PAD_RFC2409 ALG_NULL;no;		0.019000;0;0;0
SIG_CIPHER_DES_MAC4 PAD_RFC2409 ALG_SHA;no;		0.018000;0;0;0
SIG_CIPHER_DES_MAC4 PAD_RFC2409 ALG_MD5;no;		0.019000;0;0;0
SIG_CIPHER_DES_MAC4 PAD_RFC2409 ALG_RIPEMD160;no;		0.020000;0;0;0
SIG_CIPHER_DES_MAC4 PAD_RFC2409 ALG_SHA_256;no;		0.017000;0;0;0
SIG_CIPHER_DES_MAC4 PAD_RFC2409 ALG_SHA_384;no;		0.018000;0;0;0
SIG_CIPHER_DES_MAC4 PAD_RFC2409 ALG_SHA_512;no;		0.021000;0;0;0
SIG_CIPHER_DES_MAC4 PAD_RFC2409 ALG_SHA_224;no;		0.017000;0;0;0
SIG_CIPHER_DES_MAC4 PAD_RFC2409 ALG_SHA3_224;no;		0.018000;0;0;0
SIG_CIPHER_DES_MAC4 PAD_RFC2409 ALG_SHA3_256;no;		0.020000;0;0;0
SIG_CIPHER_DES_MAC4 PAD_RFC2409 ALG_SHA3_384;no;		0.020000;0;0;0
SIG_CIPHER_DES_MAC4 PAD_RFC2409 ALG_SHA3_512;no;		0.017000;0;0;0
SIG_CIPHER_DES_MAC4 PAD_PKCS1_OAEP_SHA224 ALG_NULL;no;		0.018000;0;0;0
SIG_CIPHER_DES_MAC4 PAD_PKCS1_OAEP_SHA224 ALG_SHA;no;		0.018000;0;0;0
SIG_CIPHER_DES_MAC4 PAD_PKCS1_OAEP_SHA224 ALG_MD5;no;		0.019000;0;0;0
SIG_CIPHER_DES_MAC4 PAD_PKCS1_OAEP_SHA224 ALG_RIPEMD160;no;		0.019000;0;0;0
SIG_CIPHER_DES_MAC4 PAD_PKCS1_OAEP_SHA224 ALG_SHA_256;no;		0.020000;0;0;0
SIG_CIPHER_DES_MAC4 PAD_PKCS1_OAEP_SHA224 ALG_SHA_384;no;		0.025000;0;0;0
SIG_CIPHER_DES_MAC4 PAD_PKCS1_OAEP_SHA224 ALG_SHA_512;no;		0.018000;0;0;0
SIG_CIPHER_DES_MAC4 PAD_PKCS1_OAEP_SHA224 ALG_SHA_224;no;		0.019000;0;0;0
SIG_CIPHER_DES_MAC4 PAD_PKCS1_OAEP_SHA224 ALG_SHA3_224;no;		0.018000;0;0;0
SIG_CIPHER_DES_MAC4 PAD_PKCS1_OAEP_SHA224 ALG_SHA3_256;no;		0.019000;0;0;0
SIG_CIPHER_DES_MAC4 PAD_PKCS1_OAEP_SHA224 ALG_SHA3_384;no;		0.018000;0;0;0
SIG_CIPHER_DES_MAC4 PAD_PKCS1_OAEP_SHA224 ALG_SHA3_512;no;		0.019000;0;0;0
SIG_CIPHER_DES_MAC4 PAD_PKCS1_OAEP_SHA256 ALG_NULL;no;		0.020000;0;0;0
SIG_CIPHER_DES_MAC4 PAD_PKCS1_OAEP_SHA256 ALG_SHA;no;		0.019000;0;0;0
SIG_CIPHER_DES_MAC4 PAD_PKCS1_OAEP_SHA256 ALG_MD5;no;		0.020000;0;0;0
SIG_CIPHER_DES_MAC4 PAD_PKCS1_OAEP_SHA256 ALG_RIPEMD160;no;		0.018000;0;0;0
SIG_CIPHER_DES_MAC4 PAD_PKCS1_OAEP_SHA256 ALG_SHA_256;no;		0.018000;0;0;0
SIG_CIPHER_DES_MAC4 PAD_PKCS1_OAEP_SHA256 ALG_SHA_384;no;		0.019000;0;0;0
SIG_CIPHER_DES_MAC4 PAD_PKCS1_OAEP_SHA256 ALG_SHA_512;no;		0.020000;0;0;0
SIG_CIPHER_DES_MAC4 PAD_PKCS1_OAEP_SHA256 ALG_SHA_224;no;		0.019000;0;0;0
SIG_CIPHER_DES_MAC4 PAD_PKCS1_OAEP_SHA256 ALG_SHA3_224;no;		0.019000;0;0;0
SIG_CIPHER_DES_MAC4 PAD_PKCS1_OAEP_SHA256 ALG_SHA3_256;no;		0.018000;0;0;0
SIG_CIPHER_DES_MAC4 PAD_PKCS1_OAEP_SHA256 ALG_SHA3_384;no;		0.019000;0;0;0
SIG_CIPHER_DES_MAC4 PAD_PKCS1_OAEP_SHA256 ALG_SHA3_512;no;		0.019000;0;0;0
SIG_CIPHER_DES_MAC4 PAD_PKCS1_OAEP_SHA384 ALG_NULL;no;		0.019000;0;0;0
SIG_CIPHER_DES_MAC4 PAD_PKCS1_OAEP_SHA384 ALG_SHA;no;		0.019000;0;0;0
SIG_CIPHER_DES_MAC4 PAD_PKCS1_OAEP_SHA384 ALG_MD5;no;		0.019000;0;0;0
SIG_CIPHER_DES_MAC4 PAD_PKCS1_OAEP_SHA384 ALG_RIPEMD160;no;		0.018000;0;0;0
SIG_CIPHER_DES_MAC4 PAD_PKCS1_OAEP_SHA384 ALG_SHA_256;no;		0.019000;0;0;0
SIG_CIPHER_DES_MAC4 PAD_PKCS1_OAEP_SHA384 ALG_SHA_384;no;		0.019000;0;0;0
SIG_CIPHER_DES_MAC4 PAD_PKCS1_OAEP_SHA384 ALG_SHA_512;no;		0.019000;0;0;0
SIG_CIPHER_DES_MAC4 PAD_PKCS1_OAEP_SHA384 ALG_SHA_224;no;		0.018000;0;0;0
SIG_CIPHER_DES_MAC4 PAD_PKCS1_OAEP_SHA384 ALG_SHA3_224;no;		0.020000;0;0;0
SIG_CIPHER_DES_MAC4 PAD_PKCS1_OAEP_SHA384 ALG_SHA3_256;no;		0.019000;0;0;0
SIG_CIPHER_DES_MAC4 PAD_PKCS1_OAEP_SHA384 ALG_SHA3_384;no;		0.019000;0;0;0
SIG_CIPHER_DES_MAC4 PAD_PKCS1_OAEP_SHA384 ALG_SHA3_512;no;		0.018000;0;0;0
SIG_CIPHER_DES_MAC4 PAD_PKCS1_OAEP_SHA512 ALG_NULL;no;		0.019000;0;0;0
SIG_CIPHER_DES_MAC4 PAD_PKCS1_OAEP_SHA512 ALG_SHA;no;		0.018000;0;0;0
SIG_CIPHER_DES_MAC4 PAD_PKCS1_OAEP_SHA512 ALG_MD5;no;		0.019000;0;0;0
SIG_CIPHER_DES_MAC4 PAD_PKCS1_OAEP_SHA512 ALG_RIPEMD160;no;		0.019000;0;0;0
SIG_CIPHER_DES_MAC4 PAD_PKCS1_OAEP_SHA512 ALG_SHA_256;no;		0.019000;0;0;0
SIG_CIPHER_DES_MAC4 PAD_PKCS1_OAEP_SHA512 ALG_SHA_384;no;		0.017000;0;0;0
SIG_CIPHER_DES_MAC4 PAD_PKCS1_OAEP_SHA512 ALG_SHA_512;no;		0.018000;0;0;0
SIG_CIPHER_DES_MAC4 PAD_PKCS1_OAEP_SHA512 ALG_SHA_224;no;		0.020000;0;0;0
SIG_CIPHER_DES_MAC4 PAD_PKCS1_OAEP_SHA512 ALG_SHA3_224;no;		0.019000;0;0;0
SIG_CIPHER_DES_MAC4 PAD_PKCS1_OAEP_SHA512 ALG_SHA3_256;no;		0.017000;0;0;0
SIG_CIPHER_DES_MAC4 PAD_PKCS1_OAEP_SHA512 ALG_SHA3_384;no;		0.018000;0;0;0
SIG_CIPHER_DES_MAC4 PAD_PKCS1_OAEP_SHA512 ALG_SHA3_512;no;		0.018000;0;0;0
SIG_CIPHER_DES_MAC4 PAD_PKCS1_OAEP_SHA3_224 ALG_NULL;no;		0.018000;0;0;0
SIG_CIPHER_DES_MAC4 PAD_PKCS1_OAEP_SHA3_224 ALG_SHA;no;		0.018000;0;0;0
SIG_CIPHER_DES_MAC4 PAD_PKCS1_OAEP_SHA3_224 ALG_MD5;no;		0.018000;0;0;0
SIG_CIPHER_DES_MAC4 PAD_PKCS1_OAEP_SHA3_224 ALG_RIPEMD160;no;		0.018000;0;0;0
SIG_CIPHER_DES_MAC4 PAD_PKCS1_OAEP_SHA3_224 ALG_SHA_256;no;		0.020000;0;0;0
SIG_CIPHER_DES_MAC4 PAD_PKCS1_OAEP_SHA3_224 ALG_SHA_384;no;		0.020000;0;0;0
SIG_CIPHER_DES_MAC4 PAD_PKCS1_OAEP_SHA3_224 ALG_SHA_512;no;		0.019000;0;0;0
SIG_CIPHER_DES_MAC4 PAD_PKCS1_OAEP_SHA3_224 ALG_SHA_224;no;		0.019000;0;0;0
SIG_CIPHER_DES_MAC4 PAD_PKCS1_OAEP_SHA3_224 ALG_SHA3_224;no;		0.018000;0;0;0
SIG_CIPHER_DES_MAC4 PAD_PKCS1_OAEP_SHA3_224 ALG_SHA3_256;no;		0.018000;0;0;0
SIG_CIPHER_DES_MAC4 PAD_PKCS1_OAEP_SHA3_224 ALG_SHA3_384;no;		0.020000;0;0;0
SIG_CIPHER_DES_MAC4 PAD_PKCS1_OAEP_SHA3_224 ALG_SHA3_512;no;		0.019000;0;0;0
SIG_CIPHER_DES_MAC4 PAD_PKCS1_OAEP_SHA3_256 ALG_NULL;no;		0.019000;0;0;0
SIG_CIPHER_DES_MAC4 PAD_PKCS1_OAEP_SHA3_256 ALG_SHA;no;		0.021000;0;0;0
SIG_CIPHER_DES_MAC4 PAD_PKCS1_OAEP_SHA3_256 ALG_MD5;no;		0.020000;0;0;0
SIG_CIPHER_DES_MAC4 PAD_PKCS1_OAEP_SHA3_256 ALG_RIPEMD160;no;		0.018000;0;0;0
SIG_CIPHER_DES_MAC4 PAD_PKCS1_OAEP_SHA3_256 ALG_SHA_256;no;		0.019000;0;0;0
SIG_CIPHER_DES_MAC4 PAD_PKCS1_OAEP_SHA3_256 ALG_SHA_384;no;		0.020000;0;0;0
SIG_CIPHER_DES_MAC4 PAD_PKCS1_OAEP_SHA3_256 ALG_SHA_512;no;		0.020000;0;0;0
SIG_CIPHER_DES_MAC4 PAD_PKCS1_OAEP_SHA3_256 ALG_SHA_224;no;		0.019000;0;0;0
SIG_CIPHER_DES_MAC4 PAD_PKCS1_OAEP_SHA3_256 ALG_SHA3_224;no;		0.018000;0;0;0
SIG_CIPHER_DES_MAC4 PAD_PKCS1_OAEP_SHA3_256 ALG_SHA3_256;no;		0.019000;0;0;0
SIG_CIPHER_DES_MAC4 PAD_PKCS1_OAEP_SHA3_256 ALG_SHA3_384;no;		0.019000;0;0;0
SIG_CIPHER_DES_MAC4 PAD_PKCS1_OAEP_SHA3_256 ALG_SHA3_512;no;		0.019000;0;0;0
SIG_CIPHER_DES_MAC4 PAD_PKCS1_OAEP_SHA3_384 ALG_NULL;no;		0.019000;0;0;0
SIG_CIPHER_DES_MAC4 PAD_PKCS1_OAEP_SHA3_384 ALG_SHA;no;		0.018000;0;0;0
SIG_CIPHER_DES_MAC4 PAD_PKCS1_OAEP_SHA3_384 ALG_MD5;no;		0.020000;0;0;0
SIG_CIPHER_DES_MAC4 PAD_PKCS1_OAEP_SHA3_384 ALG_RIPEMD160;no;		0.019000;0;0;0
SIG_CIPHER_DES_MAC4 PAD_PKCS1_OAEP_SHA3_384 ALG_SHA_256;no;		0.021000;0;0;0
SIG_CIPHER_DES_MAC4 PAD_PKCS1_OAEP_SHA3_384 ALG_SHA_384;no;		0.020000;0;0;0
SIG_CIPHER_DES_MAC4 PAD_PKCS1_OAEP_SHA3_384 ALG_SHA_512;no;		0.019000;0;0;0
SIG_CIPHER_DES_MAC4 PAD_PKCS1_OAEP_SHA3_384 ALG_SHA_224;no;		0.020000;0;0;0
SIG_CIPHER_DES_MAC4 PAD_PKCS1_OAEP_SHA3_384 ALG_SHA3_224;no;		0.019000;0;0;0
SIG_CIPHER_DES_MAC4 PAD_PKCS1_OAEP_SHA3_384 ALG_SHA3_256;no;		0.019000;0;0;0
SIG_CIPHER_DES_MAC4 PAD_PKCS1_OAEP_SHA3_384 ALG_SHA3_384;no;		0.018000;0;0;0
SIG_CIPHER_DES_MAC4 PAD_PKCS1_OAEP_SHA3_384 ALG_SHA3_512;no;		0.017000;0;0;0
SIG_CIPHER_DES_MAC4 PAD_PKCS1_OAEP_SHA3_512 ALG_NULL;no;		0.018000;0;0;0
SIG_CIPHER_DES_MAC4 PAD_PKCS1_OAEP_SHA3_512 ALG_SHA;no;		0.017000;0;0;0
SIG_CIPHER_DES_MAC4 PAD_PKCS1_OAEP_SHA3_512 ALG_MD5;no;		0.018000;0;0;0
SIG_CIPHER_DES_MAC4 PAD_PKCS1_OAEP_SHA3_512 ALG_RIPEMD160;no;		0.018000;0;0;0
SIG_CIPHER_DES_MAC4 PAD_PKCS1_OAEP_SHA3_512 ALG_SHA_256;no;		0.018000;0;0;0
SIG_CIPHER_DES_MAC4 PAD_PKCS1_OAEP_SHA3_512 ALG_SHA_384;no;		0.032000;0;0;0
SIG_CIPHER_DES_MAC4 PAD_PKCS1_OAEP_SHA3_512 ALG_SHA_512;no;		0.019000;0;0;0
SIG_CIPHER_DES_MAC4 PAD_PKCS1_OAEP_SHA3_512 ALG_SHA_224;no;		0.023000;0;0;0
SIG_CIPHER_DES_MAC4 PAD_PKCS1_OAEP_SHA3_512 ALG_SHA3_224;no;		0.019000;0;0;0
SIG_CIPHER_DES_MAC4 PAD_PKCS1_OAEP_SHA3_512 ALG_SHA3_256;no;		0.021000;0;0;0
SIG_CIPHER_DES_MAC4 PAD_PKCS1_OAEP_SHA3_512 ALG_SHA3_384;no;		0.019000;0;0;0
SIG_CIPHER_DES_MAC4 PAD_PKCS1_OAEP_SHA3_512 ALG_SHA3_512;no;		0.020000;0;0;0
SIG_CIPHER_DES_MAC4 PAD_ISO9796_MR_SCHEME_2 ALG_NULL;no;		0.020000;0;0;0
SIG_CIPHER_DES_MAC4 PAD_ISO9796_MR_SCHEME_2 ALG_SHA;no;		0.019000;0;0;0
SIG_CIPHER_DES_MAC4 PAD_ISO9796_MR_SCHEME_2 ALG_MD5;no;		0.019000;0;0;0
SIG_CIPHER_DES_MAC4 PAD_ISO9796_MR_SCHEME_2 ALG_RIPEMD160;no;		0.019000;0;0;0
SIG_CIPHER_DES_MAC4 PAD_ISO9796_MR_SCHEME_2 ALG_SHA_256;no;		0.019000;0;0;0
SIG_CIPHER_DES_MAC4 PAD_ISO9796_MR_SCHEME_2 ALG_SHA_384;no;		0.018000;0;0;0
SIG_CIPHER_DES_MAC4 PAD_ISO9796_MR_SCHEME_2 ALG_SHA_512;no;		0.018000;0;0;0
SIG_CIPHER_DES_MAC4 PAD_ISO9796_MR_SCHEME_2 ALG_SHA_224;no;		0.017000;0;0;0
SIG_CIPHER_DES_MAC4 PAD_ISO9796_MR_SCHEME_2 ALG_SHA3_224;no;		0.018000;0;0;0
SIG_CIPHER_DES_MAC4 PAD_ISO9796_MR_SCHEME_2 ALG_SHA3_256;no;		0.018000;0;0;0
SIG_CIPHER_DES_MAC4 PAD_ISO9796_MR_SCHEME_2 ALG_SHA3_384;no;		0.019000;0;0;0
SIG_CIPHER_DES_MAC4 PAD_ISO9796_MR_SCHEME_2 ALG_SHA3_512;no;		0.020000;0;0;0
SIG_CIPHER_DES_MAC4 PAD_ISO9796_MR_SCHEME_3 ALG_NULL;no;		0.019000;0;0;0
SIG_CIPHER_DES_MAC4 PAD_ISO9796_MR_SCHEME_3 ALG_SHA;no;		0.018000;0;0;0
SIG_CIPHER_DES_MAC4 PAD_ISO9796_MR_SCHEME_3 ALG_MD5;no;		0.019000;0;0;0
SIG_CIPHER_DES_MAC4 PAD_ISO9796_MR_SCHEME_3 ALG_RIPEMD160;no;		0.020000;0;0;0
SIG_CIPHER_DES_MAC4 PAD_ISO9796_MR_SCHEME_3 ALG_SHA_256;no;		0.019000;0;0;0
SIG_CIPHER_DES_MAC4 PAD_ISO9796_MR_SCHEME_3 ALG_SHA_384;no;		0.018000;0;0;0
SIG_CIPHER_DES_MAC4 PAD_ISO9796_MR_SCHEME_3 ALG_SHA_512;no;		0.020000;0;0;0
SIG_CIPHER_DES_MAC4 PAD_ISO9796_MR_SCHEME_3 ALG_SHA_224;no;		0.020000;0;0;0
SIG_CIPHER_DES_MAC4 PAD_ISO9796_MR_SCHEME_3 ALG_SHA3_224;no;		0.019000;0;0;0
SIG_CIPHER_DES_MAC4 PAD_ISO9796_MR_SCHEME_3 ALG_SHA3_256;no;		0.019000;0;0;0
SIG_CIPHER_DES_MAC4 PAD_ISO9796_MR_SCHEME_3 ALG_SHA3_384;no;		0.019000;0;0;0
SIG_CIPHER_DES_MAC4 PAD_ISO9796_MR_SCHEME_3 ALG_SHA3_512;no;		0.019000;0;0;0
SIG_CIPHER_DES_MAC8 PAD_NULL ALG_NULL;no;		0.020000;0;0;0
SIG_CIPHER_DES_MAC8 PAD_NULL ALG_SHA;no;		0.023000;0;0;0
SIG_CIPHER_DES_MAC8 PAD_NULL ALG_MD5;no;		0.021000;0;0;0
SIG_CIPHER_DES_MAC8 PAD_NULL ALG_RIPEMD160;no;		0.020000;0;0;0
SIG_CIPHER_DES_MAC8 PAD_NULL ALG_SHA_256;no;		0.020000;0;0;0
SIG_CIPHER_DES_MAC8 PAD_NULL ALG_SHA_384;no;		0.019000;0;0;0
SIG_CIPHER_DES_MAC8 PAD_NULL ALG_SHA_512;no;		0.018000;0;0;0
SIG_CIPHER_DES_MAC8 PAD_NULL ALG_SHA_224;no;		0.019000;0;0;0
SIG_CIPHER_DES_MAC8 PAD_NULL ALG_SHA3_224;no;		0.019000;0;0;0
SIG_CIPHER_DES_MAC8 PAD_NULL ALG_SHA3_256;no;		0.019000;0;0;0
SIG_CIPHER_DES_MAC8 PAD_NULL ALG_SHA3_384;no;		0.021000;0;0;0
SIG_CIPHER_DES_MAC8 PAD_NULL ALG_SHA3_512;no;		0.018000;0;0;0
SIG_CIPHER_DES_MAC8 PAD_NOPAD ALG_NULL;yes;		0.052000;32;20;20
SIG_CIPHER_DES_MAC8 PAD_NOPAD ALG_SHA;no;		0.018000;0;0;0
SIG_CIPHER_DES_MAC8 PAD_NOPAD ALG_MD5;no;		0.018000;0;0;0
SIG_CIPHER_DES_MAC8 PAD_NOPAD ALG_RIPEMD160;no;		0.018000;0;0;0
SIG_CIPHER_DES_MAC8 PAD_NOPAD ALG_SHA_256;no;		0.018000;0;0;0
SIG_CIPHER_DES_MAC8 PAD_NOPAD ALG_SHA_384;no;		0.020000;0;0;0
SIG_CIPHER_DES_MAC8 PAD_NOPAD ALG_SHA_512;no;		0.019000;0;0;0
SIG_CIPHER_DES_MAC8 PAD_NOPAD ALG_SHA_224;no;		0.019000;0;0;0
SIG_CIPHER_DES_MAC8 PAD_NOPAD ALG_SHA3_224;no;		0.019000;0;0;0
SIG_CIPHER_DES_MAC8 PAD_NOPAD ALG_SHA3_256;no;		0.019000;0;0;0
SIG_CIPHER_DES_MAC8 PAD_NOPAD ALG_SHA3_384;no;		0.020000;0;0;0
SIG_CIPHER_DES_MAC8 PAD_NOPAD ALG_SHA3_512;no;		0.018000;0;0;0
SIG_CIPHER_DES_MAC8 PAD_ISO9797_M1 ALG_NULL;yes;		0.055000;32;20;20
SIG_CIPHER_DES_MAC8 PAD_ISO9797_M1 ALG_SHA;no;		0.018000;0;0;0
SIG_CIPHER_DES_MAC8 PAD_ISO9797_M1 ALG_MD5;no;		0.019000;0;0;0
SIG_CIPHER_DES_MAC8 PAD_ISO9797_M1 ALG_RIPEMD160;no;		0.019000;0;0;0
SIG_CIPHER_DES_MAC8 PAD_ISO9797_M1 ALG_SHA_256;no;		0.019000;0;0;0
SIG_CIPHER_DES_MAC8 PAD_ISO9797_M1 ALG_SHA_384;no;		0.018000;0;0;0
SIG_CIPHER_DES_MAC8 PAD_ISO9797_M1 ALG_SHA_512;no;		0.018000;0;0;0
SIG_CIPHER_DES_MAC8 PAD_ISO9797_M1 ALG_SHA_224;no;		0.017000;0;0;0
SIG_CIPHER_DES_MAC8 PAD_ISO9797_M1 ALG_SHA3_224;no;		0.018000;0;0;0
SIG_CIPHER_DES_MAC8 PAD_ISO9797_M1 ALG_SHA3_256;no;		0.017000;0;0;0
SIG_CIPHER_DES_MAC8 PAD_ISO9797_M1 ALG_SHA3_384;no;		0.018000;0;0;0
SIG_CIPHER_DES_MAC8 PAD_ISO9797_M1 ALG_SHA3_512;no;		0.018000;0;0;0
SIG_CIPHER_DES_MAC8 PAD_ISO9797_M2 ALG_NULL;yes;		0.052000;32;20;20
SIG_CIPHER_DES_MAC8 PAD_ISO9797_M2 ALG_SHA;no;		0.018000;0;0;0
SIG_CIPHER_DES_MAC8 PAD_ISO9797_M2 ALG_MD5;no;		0.018000;0;0;0
SIG_CIPHER_DES_MAC8 PAD_ISO9797_M2 ALG_RIPEMD160;no;		0.017000;0;0;0
SIG_CIPHER_DES_MAC8 PAD_ISO9797_M2 ALG_SHA_256;no;		0.018000;0;0;0
SIG_CIPHER_DES_MAC8 PAD_ISO9797_M2 ALG_SHA_384;no;		0.019000;0;0;0
SIG_CIPHER_DES_MAC8 PAD_ISO9797_M2 ALG_SHA_512;no;		0.017000;0;0;0
SIG_CIPHER_DES_MAC8 PAD_ISO9797_M2 ALG_SHA_224;no;		0.018000;0;0;0
SIG_CIPHER_DES_MAC8 PAD_ISO9797_M2 ALG_SHA3_224;no;		0.018000;0;0;0
SIG_CIPHER_DES_MAC8 PAD_ISO9797_M2 ALG_SHA3_256;no;		0.018000;0;0;0
SIG_CIPHER_DES_MAC8 PAD_ISO9797_M2 ALG_SHA3_384;no;		0.026000;0;0;0
SIG_CIPHER_DES_MAC8 PAD_ISO9797_M2 ALG_SHA3_512;no;		0.019000;0;0;0
SIG_CIPHER_DES_MAC8 PAD_ISO9797_1_M1_ALG3 ALG_NULL;yes;		0.052000;32;20;20
SIG_CIPHER_DES_MAC8 PAD_ISO9797_1_M1_ALG3 ALG_SHA;no;		0.018000;0;0;0
SIG_CIPHER_DES_MAC8 PAD_ISO9797_1_M1_ALG3 ALG_MD5;no;		0.017000;0;0;0
SIG_CIPHER_DES_MAC8 PAD_ISO9797_1_M1_ALG3 ALG_RIPEMD160;no;		0.019000;0;0;0
SIG_CIPHER_DES_MAC8 PAD_ISO9797_1_M1_ALG3 ALG_SHA_256;no;		0.018000;0;0;0
SIG_CIPHER_DES_MAC8 PAD_ISO9797_1_M1_ALG3 ALG_SHA_384;no;		0.019000;0;0;0
SIG_CIPHER_DES_MAC8 PAD_ISO9797_1_M1_ALG3 ALG_SHA_512;no;		0.019000;0;0;0
SIG_CIPHER_DES_MAC8 PAD_ISO9797_1_M1_ALG3 ALG_SHA_224;no;		0.020000;0;0;0
SIG_CIPHER_DES_MAC8 PAD_ISO9797_1_M1_ALG3 ALG_SHA3_224;no;		0.019000;0;0;0
SIG_CIPHER_DES_MAC8 PAD_ISO9797_1_M1_ALG3 ALG_SHA3_256;no;		0.019000;0;0;0
SIG_CIPHER_DES_MAC8 PAD_ISO9797_1_M1_ALG3 ALG_SHA3_384;no;		0.021000;0;0;0
SIG_CIPHER_DES_MAC8 PAD_ISO9797_1_M1_ALG3 ALG_SHA3_512;no;		0.019000;0;0;0
SIG_CIPHER_DES_MAC8 PAD_ISO9797_1_M2_ALG3 ALG_NULL;yes;		0.054000;32;20;20
SIG_CIPHER_DES_MAC8 PAD_ISO9797_1_M2_ALG3 ALG_SHA;no;		0.017000;0;0;0
SIG_CIPHER_DES_MAC8 PAD_ISO9797_1_M2_ALG3 ALG_MD5;no;		0.019000;0;0;0
SIG_CIPHER_DES_MAC8 PAD_ISO9797_1_M2_ALG3 ALG_RIPEMD160;no;		0.018000;0;0;0
SIG_CIPHER_DES_MAC8 PAD_ISO9797_1_M2_ALG3 ALG_SHA_256;no;		0.020000;0;0;0
SIG_CIPHER_DES_MAC8 PAD_ISO9797_1_M2_ALG3 ALG_SHA_384;no;		0.019000;0;0;0
SIG_CIPHER_DES_MAC8 PAD_ISO9797_1_M2_ALG3 ALG_SHA_512;no;		0.019000;0;0;0
SIG_CIPHER_DES_MAC8 PAD_ISO9797_1_M2_ALG3 ALG_SHA_224;no;		0.017000;0;0;0
SIG_CIPHER_DES_MAC8 PAD_ISO9797_1_M2_ALG3 ALG_SHA3_224;no;		0.018000;0;0;0
SIG_CIPHER_DES_MAC8 PAD_ISO9797_1_M2_ALG3 ALG_SHA3_256;no;		0.018000;0;0;0
SIG_CIPHER_DES_MAC8 PAD_ISO9797_1_M2_ALG3 ALG_SHA3_384;no;		0.019000;0;0;0
SIG_CIPHER_DES_MAC8 PAD_ISO9797_1_M2_ALG3 ALG_SHA3_512;no;		0.023000;0;0;0
SIG_CIPHER_DES_MAC8 PAD_PKCS5 ALG_NULL;yes;		0.053000;32;20;20
SIG_CIPHER_DES_MAC8 PAD_PKCS5 ALG_SHA;no;		0.021000;0;0;0
SIG_CIPHER_DES_MAC8 PAD_PKCS5 ALG_MD5;no;		0.019000;0;0;0
SIG_CIPHER_DES_MAC8 PAD_PKCS5 ALG_RIPEMD160;no;		0.017000;0;0;0
SIG_CIPHER_DES_MAC8 PAD_PKCS5 ALG_SHA_256;no;		0.019000;0;0;0
SIG_CIPHER_DES_MAC8 PAD_PKCS5 ALG_SHA_384;no;		0.019000;0;0;0
SIG_CIPHER_DES_MAC8 PAD_PKCS5 ALG_SHA_512;no;		0.020000;0;0;0
SIG_CIPHER_DES_MAC8 PAD_PKCS5 ALG_SHA_224;no;		0.019000;0;0;0
SIG_CIPHER_DES_MAC8 PAD_PKCS5 ALG_SHA3_224;no;		0.020000;0;0;0
SIG_CIPHER_DES_MAC8 PAD_PKCS5 ALG_SHA3_256;no;		0.019000;0;0;0
SIG_CIPHER_DES_MAC8 PAD_PKCS5 ALG_SHA3_384;no;		0.019000;0;0;0
SIG_CIPHER_DES_MAC8 PAD_PKCS5 ALG_SHA3_512;no;		0.018000;0;0;0
SIG_CIPHER_DES_MAC8 PAD_PKCS1 ALG_NULL;no;		0.019000;0;0;0
SIG_CIPHER_DES_MAC8 PAD_PKCS1 ALG_SHA;no;		0.019000;0;0;0
SIG_CIPHER_DES_MAC8 PAD_PKCS1 ALG_MD5;no;		0.018000;0;0;0
SIG_CIPHER_DES_MAC8 PAD_PKCS1 ALG_RIPEMD160;no;		0.019000;0;0;0
SIG_CIPHER_DES_MAC8 PAD_PKCS1 ALG_SHA_256;no;		0.019000;0;0;0
SIG_CIPHER_DES_MAC8 PAD_PKCS1 ALG_SHA_384;no;		0.021000;0;0;0
SIG_CIPHER_DES_MAC8 PAD_PKCS1 ALG_SHA_512;no;		0.018000;0;0;0
SIG_CIPHER_DES_MAC8 PAD_PKCS1 ALG_SHA_224;no;		0.020000;0;0;0
SIG_CIPHER_DES_MAC8 PAD_PKCS1 ALG_SHA3_224;no;		0.018000;0;0;0
SIG_CIPHER_DES_MAC8 PAD_PKCS1 ALG_SHA3_256;no;		0.019000;0;0;0
SIG_CIPHER_DES_MAC8 PAD_PKCS1 ALG_SHA3_384;no;		0.017000;0;0;0
SIG_CIPHER_DES_MAC8 PAD_PKCS1 ALG_SHA3_512;no;		0.020000;0;0;0
SIG_CIPHER_DES_MAC8 PAD_PKCS1_PSS ALG_NULL;no;		0.018000;0;0;0
SIG_CIPHER_DES_MAC8 PAD_PKCS1_PSS ALG_SHA;no;		0.019000;0;0;0
SIG_CIPHER_DES_MAC8 PAD_PKCS1_PSS ALG_MD5;no;		0.019000;0;0;0
SIG_CIPHER_DES_MAC8 PAD_PKCS1_PSS ALG_RIPEMD160;no;		0.021000;0;0;0
SIG_CIPHER_DES_MAC8 PAD_PKCS1_PSS ALG_SHA_256;no;		0.022000;0;0;0
SIG_CIPHER_DES_MAC8 PAD_PKCS1_PSS ALG_SHA_384;no;		0.019000;0;0;0
SIG_CIPHER_DES_MAC8 PAD_PKCS1_PSS ALG_SHA_512;no;		0.019000;0;0;0
SIG_CIPHER_DES_MAC8 PAD_PKCS1_PSS ALG_SHA_224;no;		0.019000;0;0;0
SIG_CIPHER_DES_MAC8 PAD_PKCS1_PSS ALG_SHA3_224;no;		0.018000;0;0;0
SIG_CIPHER_DES_MAC8 PAD_PKCS1_PSS ALG_SHA3_256;no;		0.020000;0;0;0
SIG_CIPHER_DES_MAC8 PAD_PKCS1_PSS ALG_SHA3_384;no;		0.018000;0;0;0
SIG_CIPHER_DES_MAC8 PAD_PKCS1_PSS ALG_SHA3_512;no;		0.020000;0;0;0
SIG_CIPHER_DES_MAC8 PAD_PKCS1_OAEP ALG_NULL;no;		0.019000;0;0;0
SIG_CIPHER_DES_MAC8 PAD_PKCS1_OAEP ALG_SHA;no;		0.019000;0;0;0
SIG_CIPHER_DES_MAC8 PAD_PKCS1_OAEP ALG_MD5;no;		0.018000;0;0;0
SIG_CIPHER_DES_MAC8 PAD_PKCS1_OAEP ALG_RIPEMD160;no;		0.023000;0;0;0
SIG_CIPHER_DES_MAC8 PAD_PKCS1_OAEP ALG_SHA_256;no;		0.019000;0;0;0
SIG_CIPHER_DES_MAC8 PAD_PKCS1_OAEP ALG_SHA_384;no;		0.021000;0;0;0
SIG_CIPHER_DES_MAC8 PAD_PKCS1_OAEP ALG_SHA_512;no;		0.019000;0;0;0
SIG_CIPHER_DES_MAC8 PAD_PKCS1_OAEP ALG_SHA_224;no;		0.018000;0;0;0
SIG_CIPHER_DES_MAC8 PAD_PKCS1_OAEP ALG_SHA3_224;no;		0.020000;0;0;0
SIG_CIPHER_DES_MAC8 PAD_PKCS1_OAEP ALG_SHA3_256;no;		0.018000;0;0;0
SIG_CIPHER_DES_MAC8 PAD_PKCS1_OAEP ALG_SHA3_384;no;		0.020000;0;0;0
SIG_CIPHER_DES_MAC8 PAD_PKCS1_OAEP ALG_SHA3_512;no;		0.019000;0;0;0
SIG_CIPHER_DES_MAC8 PAD_ISO9796 ALG_NULL;no;		0.018000;0;0;0
SIG_CIPHER_DES_MAC8 PAD_ISO9796 ALG_SHA;no;		0.018000;0;0;0
SIG_CIPHER_DES_MAC8 PAD_ISO9796 ALG_MD5;no;		0.018000;0;0;0
SIG_CIPHER_DES_MAC8 PAD_ISO9796 ALG_RIPEMD160;no;		0.019000;0;0;0
SIG_CIPHER_DES_MAC8 PAD_ISO9796 ALG_SHA_256;no;		0.018000;0;0;0
SIG_CIPHER_DES_MAC8 PAD_ISO9796 ALG_SHA_384;no;		0.019000;0;0;0
SIG_CIPHER_DES_MAC8 PAD_ISO9796 ALG_SHA_512;no;		0.019000;0;0;0
SIG_CIPHER_DES_MAC8 PAD_ISO9796 ALG_SHA_224;no;		0.019000;0;0;0
SIG_CIPHER_DES_MAC8 PAD_ISO9796 ALG_SHA3_224;no;		0.018000;0;0;0
SIG_CIPHER_DES_MAC8 PAD_ISO9796 ALG_SHA3_256;no;		0.020000;0;0;0
SIG_CIPHER_DES_MAC8 PAD_ISO9796 ALG_SHA3_384;no;		0.019000;0;0;0
SIG_CIPHER_DES_MAC8 PAD_ISO9796 ALG_SHA3_512;no;		0.020000;0;0;0
SIG_CIPHER_DES_MAC8 PAD_ISO9796_MR ALG_NULL;no;		0.019000;0;0;0
SIG_CIPHER_DES_MAC8 PAD_ISO9796_MR ALG_SHA;no;		0.019000;0;0;0
SIG_CIPHER_DES_MAC8 PAD_ISO9796_MR ALG_MD5;no;		0.017000;0;0;0
SIG_CIPHER_DES_MAC8 PAD_ISO9796_MR ALG_RIPEMD160;no;		0.019000;0;0;0
SIG_CIPHER_DES_MAC8 PAD_ISO9796_MR ALG_SHA_256;no;		0.018000;0;0;0
SIG_CIPHER_DES_MAC8 PAD_ISO9796_MR ALG_SHA_384;no;		0.018000;0;0;0
SIG_CIPHER_DES_MAC8 PAD_ISO9796_MR ALG_SHA_512;no;		0.019000;0;0;0
SIG_CIPHER_DES_MAC8 PAD_ISO9796_MR ALG_SHA_224;no;		0.019000;0;0;0
SIG_CIPHER_DES_MAC8 PAD_ISO9796_MR ALG_SHA3_224;no;		0.019000;0;0;0
SIG_CIPHER_DES_MAC8 PAD_ISO9796_MR ALG_SHA3_256;no;		0.018000;0;0;0
SIG_CIPHER_DES_MAC8 PAD_ISO9796_MR ALG_SHA3_384;no;		0.019000;0;0;0
SIG_CIPHER_DES_MAC8 PAD_ISO9796_MR ALG_SHA3_512;no;		0.019000;0;0;0
SIG_CIPHER_DES_MAC8 PAD_RFC2409 ALG_NULL;no;		0.019000;0;0;0
SIG_CIPHER_DES_MAC8 PAD_RFC2409 ALG_SHA;no;		0.018000;0;0;0
SIG_CIPHER_DES_MAC8 PAD_RFC2409 ALG_MD5;no;		0.018000;0;0;0
SIG_CIPHER_DES_MAC8 PAD_RFC2409 ALG_RIPEMD160;no;		0.019000;0;0;0
SIG_CIPHER_DES_MAC8 PAD_RFC2409 ALG_SHA_256;no;		0.019000;0;0;0
SIG_CIPHER_DES_MAC8 PAD_RFC2409 ALG_SHA_384;no;		0.019000;0;0;0
SIG_CIPHER_DES_MAC8 PAD_RFC2409 ALG_SHA_512;no;		0.018000;0;0;0
SIG_CIPHER_DES_MAC8 PAD_RFC2409 ALG_SHA_224;no;		0.019000;0;0;0
SIG_CIPHER_DES_MAC8 PAD_RFC2409 ALG_SHA3_224;no;		0.020000;0;0;0
SIG_CIPHER_DES_MAC8 PAD_RFC2409 ALG_SHA3_256;no;		0.021000;0;0;0
SIG_CIPHER_DES_MAC8 PAD_RFC2409 ALG_SHA3_384;no;		0.019000;0;0;0
SIG_CIPHER_DES_MAC8 PAD_RFC2409 ALG_SHA3_512;no;		0.019000;0;0;0
SIG_CIPHER_DES_MAC8 PAD_PKCS1_OAEP_SHA224 ALG_NULL;no;		0.019000;0;0;0
SIG_CIPHER_DES_MAC8 PAD_PKCS1_OAEP_SHA224 ALG_SHA;no;		0.020000;0;0;0
SIG_CIPHER_DES_MAC8 PAD_PKCS1_OAEP_SHA224 ALG_MD5;no;		0.018000;0;0;0
SIG_CIPHER_DES_MAC8 PAD_PKCS1_OAEP_SHA224 ALG_RIPEMD160;no;		0.019000;0;0;0
SIG_CIPHER_DES_MAC8 PAD_PKCS1_OAEP_SHA224 ALG_SHA_256;no;		0.018000;0;0;0
SIG_CIPHER_DES_MAC8 PAD_PKCS1_OAEP_SHA224 ALG_SHA_384;no;		0.019000;0;0;0
SIG_CIPHER_DES_MAC8 PAD_PKCS1_OAEP_SHA224 ALG_SHA_512;no;		0.019000;0;0;0
SIG_CIPHER_DES_MAC8 PAD_PKCS1_OAEP_SHA224 ALG_SHA_224;no;		0.019000;0;0;0
SIG_CIPHER_DES_MAC8 PAD_PKCS1_OAEP_SHA224 ALG_SHA3_224;no;		0.019000;0;0;0
SIG_CIPHER_DES_MAC8 PAD_PKCS1_OAEP_SHA224 ALG_SHA3_256;no;		0.019000;0;0;0
SIG_CIPHER_DES_MAC8 PAD_PKCS1_OAEP_SHA224 ALG_SHA3_384;no;		0.019000;0;0;0
SIG_CIPHER_DES_MAC8 PAD_PKCS1_OAEP_SHA224 ALG_SHA3_512;no;		0.018000;0;0;0
SIG_CIPHER_DES_MAC8 PAD_PKCS1_OAEP_SHA256 ALG_NULL;no;		0.019000;0;0;0
SIG_CIPHER_DES_MAC8 PAD_PKCS1_OAEP_SHA256 ALG_SHA;no;		0.019000;0;0;0
SIG_CIPHER_DES_MAC8 PAD_PKCS1_OAEP_SHA256 ALG_MD5;no;		0.019000;0;0;0
SIG_CIPHER_DES_MAC8 PAD_PKCS1_OAEP_SHA256 ALG_RIPEMD160;no;		0.018000;0;0;0
SIG_CIPHER_DES_MAC8 PAD_PKCS1_OAEP_SHA256 ALG_SHA_256;no;		0.019000;0;0;0
SIG_CIPHER_DES_MAC8 PAD_PKCS1_OAEP_SHA256 ALG_SHA_384;no;		0.019000;0;0;0
SIG_CIPHER_DES_MAC8 PAD_PKCS1_OAEP_SHA256 ALG_SHA_512;no;		0.018000;0;0;0
SIG_CIPHER_DES_MAC8 PAD_PKCS1_OAEP_SHA256 ALG_SHA_224;no;		0.019000;0;0;0
SIG_CIPHER_DES_MAC8 PAD_PKCS1_OAEP_SHA256 ALG_SHA3_224;no;		0.019000;0;0;0
SIG_CIPHER_DES_MAC8 PAD_PKCS1_OAEP_SHA256 ALG_SHA3_256;no;		0.019000;0;0;0
SIG_CIPHER_DES_MAC8 PAD_PKCS1_OAEP_SHA256 ALG_SHA3_384;no;		0.019000;0;0;0
SIG_CIPHER_DES_MAC8 PAD_PKCS1_OAEP_SHA256 ALG_SHA3_512;no;		0.018000;0;0;0
SIG_CIPHER_DES_MAC8 PAD_PKCS1_OAEP_SHA384 ALG_NULL;no;		0.019000;0;0;0
SIG_CIPHER_DES_MAC8 PAD_PKCS1_OAEP_SHA384 ALG_SHA;no;		0.018000;0;0;0
SIG_CIPHER_DES_MAC8 PAD_PKCS1_OAEP_SHA384 ALG_MD5;no;		0.019000;0;0;0
SIG_CIPHER_DES_MAC8 PAD_PKCS1_OAEP_SHA384 ALG_RIPEMD160;no;		0.018000;0;0;0
SIG_CIPHER_DES_MAC8 PAD_PKCS1_OAEP_SHA384 ALG_SHA_256;no;		0.018000;0;0;0
SIG_CIPHER_DES_MAC8 PAD_PKCS1_OAEP_SHA384 ALG_SHA_384;no;		0.018000;0;0;0
SIG_CIPHER_DES_MAC8 PAD_PKCS1_OAEP_SHA384 ALG_SHA_512;no;		0.019000;0;0;0
SIG_CIPHER_DES_MAC8 PAD_PKCS1_OAEP_SHA384 ALG_SHA_224;no;		0.021000;0;0;0
SIG_CIPHER_DES_MAC8 PAD_PKCS1_OAEP_SHA384 ALG_SHA3_224;no;		0.023000;0;0;0
SIG_CIPHER_DES_MAC8 PAD_PKCS1_OAEP_SHA384 ALG_SHA3_256;no;		0.020000;0;0;0
SIG_CIPHER_DES_MAC8 PAD_PKCS1_OAEP_SHA384 ALG_SHA3_384;no;		0.018000;0;0;0
SIG_CIPHER_DES_MAC8 PAD_PKCS1_OAEP_SHA384 ALG_SHA3_512;no;		0.019000;0;0;0
SIG_CIPHER_DES_MAC8 PAD_PKCS1_OAEP_SHA512 ALG_NULL;no;		0.019000;0;0;0
SIG_CIPHER_DES_MAC8 PAD_PKCS1_OAEP_SHA512 ALG_SHA;no;		0.019000;0;0;0
SIG_CIPHER_DES_MAC8 PAD_PKCS1_OAEP_SHA512 ALG_MD5;no;		0.019000;0;0;0
SIG_CIPHER_DES_MAC8 PAD_PKCS1_OAEP_SHA512 ALG_RIPEMD160;no;		0.018000;0;0;0
SIG_CIPHER_DES_MAC8 PAD_PKCS1_OAEP_SHA512 ALG_SHA_256;no;		0.019000;0;0;0
SIG_CIPHER_DES_MAC8 PAD_PKCS1_OAEP_SHA512 ALG_SHA_384;no;		0.018000;0;0;0
SIG_CIPHER_DES_MAC8 PAD_PKCS1_OAEP_SHA512 ALG_SHA_512;no;		0.017000;0;0;0
SIG_CIPHER_DES_MAC8 PAD_PKCS1_OAEP_SHA512 ALG_SHA_224;no;		0.018000;0;0;0
SIG_CIPHER_DES_MAC8 PAD_PKCS1_OAEP_SHA512 ALG_SHA3_224;no;		0.017000;0;0;0
SIG_CIPHER_DES_MAC8 PAD_PKCS1_OAEP_SHA512 ALG_SHA3_256;no;		0.018000;0;0;0
SIG_CIPHER_DES_MAC8 PAD_PKCS1_OAEP_SHA512 ALG_SHA3_384;no;		0.018000;0;0;0
SIG_CIPHER_DES_MAC8 PAD_PKCS1_OAEP_SHA512 ALG_SHA3_512;no;		0.017000;0;0;0
SIG_CIPHER_DES_MAC8 PAD_PKCS1_OAEP_SHA3_224 ALG_NULL;no;		0.018000;0;0;0
SIG_CIPHER_DES_MAC8 PAD_PKCS1_OAEP_SHA3_224 ALG_SHA;no;		0.018000;0;0;0
SIG_CIPHER_DES_MAC8 PAD_PKCS1_OAEP_SHA3_224 ALG_MD5;no;		0.019000;0;0;0
SIG_CIPHER_DES_MAC8 PAD_PKCS1_OAEP_SHA3_224 ALG_RIPEMD160;no;		0.020000;0;0;0
SIG_CIPHER_DES_MAC8 PAD_PKCS1_OAEP_SHA3_224 ALG_SHA_256;no;		0.018000;0;0;0
SIG_CIPHER_DES_MAC8 PAD_PKCS1_OAEP_SHA3_224 ALG_SHA_384;no;		0.019000;0;0;0
SIG_CIPHER_DES_MAC8 PAD_PKCS1_OAEP_SHA3_224 ALG_SHA_512;no;		0.019000;0;0;0
SIG_CIPHER_DES_MAC8 PAD_PKCS1_OAEP_SHA3_224 ALG_SHA_224;no;		0.017000;0;0;0
SIG_CIPHER_DES_MAC8 PAD_PKCS1_OAEP_SHA3_224 ALG_SHA3_224;no;		0.017000;0;0;0
SIG_CIPHER_DES_MAC8 PAD_PKCS1_OAEP_SHA3_224 ALG_SHA3_256;no;		0.018000;0;0;0
SIG_CIPHER_DES_MAC8 PAD_PKCS1_OAEP_SHA3_224 ALG_SHA3_384;no;		0.018000;0;0;0
SIG_CIPHER_DES_MAC8 PAD_PKCS1_OAEP_SHA3_224 ALG_SHA3_512;no;		0.019000;0;0;0
SIG_CIPHER_DES_MAC8 PAD_PKCS1_OAEP_SHA3_256 ALG_NULL;no;		0.019000;0;0;0
SIG_CIPHER_DES_MAC8 PAD_PKCS1_OAEP_SHA3_256 ALG_SHA;no;		0.019000;0;0;0
SIG_CIPHER_DES_MAC8 PAD_PKCS1_OAEP_SHA3_256 ALG_MD5;no;		0.017000;0;0;0
SIG_CIPHER_DES_MAC8 PAD_PKCS1_OAEP_SHA3_256 ALG_RIPEMD160;no;		0.018000;0;0;0
SIG_CIPHER_DES_MAC8 PAD_PKCS1_OAEP_SHA3_256 ALG_SHA_256;no;		0.018000;0;0;0
SIG_CIPHER_DES_MAC8 PAD_PKCS1_OAEP_SHA3_256 ALG_SHA_384;no;		0.019000;0;0;0
SIG_CIPHER_DES_MAC8 PAD_PKCS1_OAEP_SHA3_256 ALG_SHA_512;no;		0.020000;0;0;0
SIG_CIPHER_DES_MAC8 PAD_PKCS1_OAEP_SHA3_256 ALG_SHA_224;no;		0.018000;0;0;0
SIG_CIPHER_DES_MAC8 PAD_PKCS1_OAEP_SHA3_256 ALG_SHA3_224;no;		0.018000;0;0;0
SIG_CIPHER_DES_MAC8 PAD_PKCS1_OAEP_SHA3_256 ALG_SHA3_256;no;		0.018000;0;0;0
SIG_CIPHER_DES_MAC8 PAD_PKCS1_OAEP_SHA3_256 ALG_SHA3_384;no;		0.019000;0;0;0
SIG_CIPHER_DES_MAC8 PAD_PKCS1_OAEP_SHA3_256 ALG_SHA3_512;no;		0.020000;0;0;0
SIG_CIPHER_DES_MAC8 PAD_PKCS1_OAEP_SHA3_384 ALG_NULL;no;		0.020000;0;0;0
SIG_CIPHER_DES_MAC8 PAD_PKCS1_OAEP_SHA3_384 ALG_SHA;no;		0.020000;0;0;0
SIG_CIPHER_DES_MAC8 PAD_PKCS1_OAEP_SHA3_384 ALG_MD5;no;		0.018000;0;0;0
SIG_CIPHER_DES_MAC8 PAD_PKCS1_OAEP_SHA3_384 ALG_RIPEMD160;no;		0.021000;0;0;0
SIG_CIPHER_DES_MAC8 PAD_PKCS1_OAEP_SHA3_384 ALG_SHA_256;no;		0.019000;0;0;0
SIG_CIPHER_DES_MAC8 PAD_PKCS1_OAEP_SHA3_384 ALG_SHA_384;no;		0.018000;0;0;0
SIG_CIPHER_DES_MAC8 PAD_PKCS1_OAEP_SHA3_384 ALG_SHA_512;no;		0.019000;0;0;0
SIG_CIPHER_DES_MAC8 PAD_PKCS1_OAEP_SHA3_384 ALG_SHA_224;no;		0.019000;0;0;0
SIG_CIPHER_DES_MAC8 PAD_PKCS1_OAEP_SHA3_384 ALG_SHA3_224;no;		0.019000;0;0;0
SIG_CIPHER_DES_MAC8 PAD_PKCS1_OAEP_SHA3_384 ALG_SHA3_256;no;		0.019000;0;0;0
SIG_CIPHER_DES_MAC8 PAD_PKCS1_OAEP_SHA3_384 ALG_SHA3_384;no;		0.020000;0;0;0
SIG_CIPHER_DES_MAC8 PAD_PKCS1_OAEP_SHA3_384 ALG_SHA3_512;no;		0.019000;0;0;0
SIG_CIPHER_DES_MAC8 PAD_PKCS1_OAEP_SHA3_512 ALG_NULL;no;		0.019000;0;0;0
SIG_CIPHER_DES_MAC8 PAD_PKCS1_OAEP_SHA3_512 ALG_SHA;no;		0.018000;0;0;0
SIG_CIPHER_DES_MAC8 PAD_PKCS1_OAEP_SHA3_512 ALG_MD5;no;		0.018000;0;0;0
SIG_CIPHER_DES_MAC8 PAD_PKCS1_OAEP_SHA3_512 ALG_RIPEMD160;no;		0.020000;0;0;0
SIG_CIPHER_DES_MAC8 PAD_PKCS1_OAEP_SHA3_512 ALG_SHA_256;no;		0.018000;0;0;0
SIG_CIPHER_DES_MAC8 PAD_PKCS1_OAEP_SHA3_512 ALG_SHA_384;no;		0.019000;0;0;0
SIG_CIPHER_DES_MAC8 PAD_PKCS1_OAEP_SHA3_512 ALG_SHA_512;no;		0.019000;0;0;0
SIG_CIPHER_DES_MAC8 PAD_PKCS1_OAEP_SHA3_512 ALG_SHA_224;no;		0.020000;0;0;0
SIG_CIPHER_DES_MAC8 PAD_PKCS1_OAEP_SHA3_512 ALG_SHA3_224;no;		0.018000;0;0;0
SIG_CIPHER_DES_MAC8 PAD_PKCS1_OAEP_SHA3_512 ALG_SHA3_256;no;		0.019000;0;0;0
SIG_CIPHER_DES_MAC8 PAD_PKCS1_OAEP_SHA3_512 ALG_SHA3_384;no;		0.018000;0;0;0
SIG_CIPHER_DES_MAC8 PAD_PKCS1_OAEP_SHA3_512 ALG_SHA3_512;no;		0.018000;0;0;0
SIG_CIPHER_DES_MAC8 PAD_ISO9796_MR_SCHEME_2 ALG_NULL;no;		0.018000;0;0;0
SIG_CIPHER_DES_MAC8 PAD_ISO9796_MR_SCHEME_2 ALG_SHA;no;		0.018000;0;0;0
SIG_CIPHER_DES_MAC8 PAD_ISO9796_MR_SCHEME_2 ALG_MD5;no;		0.023000;0;0;0
SIG_CIPHER_DES_MAC8 PAD_ISO9796_MR_SCHEME_2 ALG_RIPEMD160;no;		0.019000;0;0;0
SIG_CIPHER_DES_MAC8 PAD_ISO9796_MR_SCHEME_2 ALG_SHA_256;no;		0.017000;0;0;0
SIG_CIPHER_DES_MAC8 PAD_ISO9796_MR_SCHEME_2 ALG_SHA_384;no;		0.018000;0;0;0
SIG_CIPHER_DES_MAC8 PAD_ISO9796_MR_SCHEME_2 ALG_SHA_512;no;		0.017000;0;0;0
SIG_CIPHER_DES_MAC8 PAD_ISO9796_MR_SCHEME_2 ALG_SHA_224;no;		0.019000;0;0;0
SIG_CIPHER_DES_MAC8 PAD_ISO9796_MR_SCHEME_2 ALG_SHA3_224;no;		0.018000;0;0;0
SIG_CIPHER_DES_MAC8 PAD_ISO9796_MR_SCHEME_2 ALG_SHA3_256;no;		0.018000;0;0;0
SIG_CIPHER_DES_MAC8 PAD_ISO9796_MR_SCHEME_2 ALG_SHA3_384;no;		0.017000;0;0;0
SIG_CIPHER_DES_MAC8 PAD_ISO9796_MR_SCHEME_2 ALG_SHA3_512;no;		0.017000;0;0;0
SIG_CIPHER_DES_MAC8 PAD_ISO9796_MR_SCHEME_3 ALG_NULL;no;		0.017000;0;0;0
SIG_CIPHER_DES_MAC8 PAD_ISO9796_MR_SCHEME_3 ALG_SHA;no;		0.017000;0;0;0
SIG_CIPHER_DES_MAC8 PAD_ISO9796_MR_SCHEME_3 ALG_MD5;no;		0.017000;0;0;0
SIG_CIPHER_DES_MAC8 PAD_ISO9796_MR_SCHEME_3 ALG_RIPEMD160;no;		0.017000;0;0;0
SIG_CIPHER_DES_MAC8 PAD_ISO9796_MR_SCHEME_3 ALG_SHA_256;no;		0.017000;0;0;0
SIG_CIPHER_DES_MAC8 PAD_ISO9796_MR_SCHEME_3 ALG_SHA_384;no;		0.017000;0;0;0
SIG_CIPHER_DES_MAC8 PAD_ISO9796_MR_SCHEME_3 ALG_SHA_512;no;		0.018000;0;0;0
SIG_CIPHER_DES_MAC8 PAD_ISO9796_MR_SCHEME_3 ALG_SHA_224;no;		0.017000;0;0;0
SIG_CIPHER_DES_MAC8 PAD_ISO9796_MR_SCHEME_3 ALG_SHA3_224;no;		0.018000;0;0;0
SIG_CIPHER_DES_MAC8 PAD_ISO9796_MR_SCHEME_3 ALG_SHA3_256;no;		0.018000;0;0;0
SIG_CIPHER_DES_MAC8 PAD_ISO9796_MR_SCHEME_3 ALG_SHA3_384;no;		0.017000;0;0;0
SIG_CIPHER_DES_MAC8 PAD_ISO9796_MR_SCHEME_3 ALG_SHA3_512;no;		0.018000;0;0;0
SIG_CIPHER_RSA PAD_NULL ALG_NULL;no;		0.021000;0;0;0
SIG_CIPHER_RSA PAD_NULL ALG_SHA;no;		0.021000;0;0;0
SIG_CIPHER_RSA PAD_NULL ALG_MD5;no;		0.019000;0;0;0
SIG_CIPHER_RSA PAD_NULL ALG_RIPEMD160;no;		0.018000;0;0;0
SIG_CIPHER_RSA PAD_NULL ALG_SHA_256;no;		0.019000;0;0;0
SIG_CIPHER_RSA PAD_NULL ALG_SHA_384;no;		0.021000;0;0;0
SIG_CIPHER_RSA PAD_NULL ALG_SHA_512;no;		0.019000;0;0;0
SIG_CIPHER_RSA PAD_NULL ALG_SHA_224;no;		0.021000;0;0;0
SIG_CIPHER_RSA PAD_NULL ALG_SHA3_224;no;		0.019000;0;0;0
SIG_CIPHER_RSA PAD_NULL ALG_SHA3_256;no;		0.018000;0;0;0
SIG_CIPHER_RSA PAD_NULL ALG_SHA3_384;no;		0.019000;0;0;0
SIG_CIPHER_RSA PAD_NULL ALG_SHA3_512;no;		0.020000;0;0;0
SIG_CIPHER_RSA PAD_NOPAD ALG_NULL;no;		0.019000;0;0;0
SIG_CIPHER_RSA PAD_NOPAD ALG_SHA;no;		0.022000;0;0;0
SIG_CIPHER_RSA PAD_NOPAD ALG_MD5;no;		0.018000;0;0;0
SIG_CIPHER_RSA PAD_NOPAD ALG_RIPEMD160;no;		0.022000;0;0;0
SIG_CIPHER_RSA PAD_NOPAD ALG_SHA_256;no;		0.018000;0;0;0
SIG_CIPHER_RSA PAD_NOPAD ALG_SHA_384;no;		0.019000;0;0;0
SIG_CIPHER_RSA PAD_NOPAD ALG_SHA_512;no;		0.018000;0;0;0
SIG_CIPHER_RSA PAD_NOPAD ALG_SHA_224;no;		0.018000;0;0;0
SIG_CIPHER_RSA PAD_NOPAD ALG_SHA3_224;no;		0.018000;0;0;0
SIG_CIPHER_RSA PAD_NOPAD ALG_SHA3_256;no;		0.020000;0;0;0
SIG_CIPHER_RSA PAD_NOPAD ALG_SHA3_384;no;		0.018000;0;0;0
SIG_CIPHER_RSA PAD_NOPAD ALG_SHA3_512;no;		0.018000;0;0;0
SIG_CIPHER_RSA PAD_ISO9797_M1 ALG_NULL;no;		0.020000;0;0;0
SIG_CIPHER_RSA PAD_ISO9797_M1 ALG_SHA;no;		0.018000;0;0;0
SIG_CIPHER_RSA PAD_ISO9797_M1 ALG_MD5;no;		0.018000;0;0;0
SIG_CIPHER_RSA PAD_ISO9797_M1 ALG_RIPEMD160;no;		0.018000;0;0;0
SIG_CIPHER_RSA PAD_ISO9797_M1 ALG_SHA_256;no;		0.019000;0;0;0
SIG_CIPHER_RSA PAD_ISO9797_M1 ALG_SHA_384;no;		0.018000;0;0;0
SIG_CIPHER_RSA PAD_ISO9797_M1 ALG_SHA_512;no;		0.019000;0;0;0
SIG_CIPHER_RSA PAD_ISO9797_M1 ALG_SHA_224;no;		0.020000;0;0;0
SIG_CIPHER_RSA PAD_ISO9797_M1 ALG_SHA3_224;no;		0.020000;0;0;0
SIG_CIPHER_RSA PAD_ISO9797_M1 ALG_SHA3_256;no;		0.017000;0;0;0
SIG_CIPHER_RSA PAD_ISO9797_M1 ALG_SHA3_384;no;		0.018000;0;0;0
SIG_CIPHER_RSA PAD_ISO9797_M1 ALG_SHA3_512;no;		0.018000;0;0;0
SIG_CIPHER_RSA PAD_ISO9797_M2 ALG_NULL;no;		0.018000;0;0;0
SIG_CIPHER_RSA PAD_ISO9797_M2 ALG_SHA;no;		0.018000;0;0;0
SIG_CIPHER_RSA PAD_ISO9797_M2 ALG_MD5;no;		0.019000;0;0;0
SIG_CIPHER_RSA PAD_ISO9797_M2 ALG_RIPEMD160;no;		0.019000;0;0;0
SIG_CIPHER_RSA PAD_ISO9797_M2 ALG_SHA_256;no;		0.019000;0;0;0
SIG_CIPHER_RSA PAD_ISO9797_M2 ALG_SHA_384;no;		0.018000;0;0;0
SIG_CIPHER_RSA PAD_ISO9797_M2 ALG_SHA_512;no;		0.018000;0;0;0
SIG_CIPHER_RSA PAD_ISO9797_M2 ALG_SHA_224;no;		0.018000;0;0;0
SIG_CIPHER_RSA PAD_ISO9797_M2 ALG_SHA3_224;no;		0.018000;0;0;0
SIG_CIPHER_RSA PAD_ISO9797_M2 ALG_SHA3_256;no;		0.018000;0;0;0
SIG_CIPHER_RSA PAD_ISO9797_M2 ALG_SHA3_384;no;		0.021000;0;0;0
SIG_CIPHER_RSA PAD_ISO9797_M2 ALG_SHA3_512;no;		0.018000;0;0;0
SIG_CIPHER_RSA PAD_ISO9797_1_M1_ALG3 ALG_NULL;no;		0.019000;0;0;0
SIG_CIPHER_RSA PAD_ISO9797_1_M1_ALG3 ALG_SHA;no;		0.018000;0;0;0
SIG_CIPHER_RSA PAD_ISO9797_1_M1_ALG3 ALG_MD5;no;		0.018000;0;0;0
SIG_CIPHER_RSA PAD_ISO9797_1_M1_ALG3 ALG_RIPEMD160;no;		0.017000;0;0;0
SIG_CIPHER_RSA PAD_ISO9797_1_M1_ALG3 ALG_SHA_256;no;		0.018000;0;0;0
SIG_CIPHER_RSA PAD_ISO9797_1_M1_ALG3 ALG_SHA_384;no;		0.020000;0;0;0
SIG_CIPHER_RSA PAD_ISO9797_1_M1_ALG3 ALG_SHA_512;no;		0.018000;0;0;0
SIG_CIPHER_RSA PAD_ISO9797_1_M1_ALG3 ALG_SHA_224;no;		0.018000;0;0;0
SIG_CIPHER_RSA PAD_ISO9797_1_M1_ALG3 ALG_SHA3_224;no;		0.019000;0;0;0
SIG_CIPHER_RSA PAD_ISO9797_1_M1_ALG3 ALG_SHA3_256;no;		0.018000;0;0;0
SIG_CIPHER_RSA PAD_ISO9797_1_M1_ALG3 ALG_SHA3_384;no;		0.018000;0;0;0
SIG_CIPHER_RSA PAD_ISO9797_1_M1_ALG3 ALG_SHA3_512;no;		0.019000;0;0;0
SIG_CIPHER_RSA PAD_ISO9797_1_M2_ALG3 ALG_NULL;no;		0.018000;0;0;0
SIG_CIPHER_RSA PAD_ISO9797_1_M2_ALG3 ALG_SHA;no;		0.020000;0;0;0
SIG_CIPHER_RSA PAD_ISO9797_1_M2_ALG3 ALG_MD5;no;		0.018000;0;0;0
SIG_CIPHER_RSA PAD_ISO9797_1_M2_ALG3 ALG_RIPEMD160;no;		0.019000;0;0;0
SIG_CIPHER_RSA PAD_ISO9797_1_M2_ALG3 ALG_SHA_256;no;		0.019000;0;0;0
SIG_CIPHER_RSA PAD_ISO9797_1_M2_ALG3 ALG_SHA_384;no;		0.018000;0;0;0
SIG_CIPHER_RSA PAD_ISO9797_1_M2_ALG3 ALG_SHA_512;no;		0.018000;0;0;0
SIG_CIPHER_RSA PAD_ISO9797_1_M2_ALG3 ALG_SHA_224;no;		0.018000;0;0;0
SIG_CIPHER_RSA PAD_ISO9797_1_M2_ALG3 ALG_SHA3_224;no;		0.019000;0;0;0
SIG_CIPHER_RSA PAD_ISO9797_1_M2_ALG3 ALG_SHA3_256;no;		0.017000;0;0;0
SIG_CIPHER_RSA PAD_ISO9797_1_M2_ALG3 ALG_SHA3_384;no;		0.019000;0;0;0
SIG_CIPHER_RSA PAD_ISO9797_1_M2_ALG3 ALG_SHA3_512;no;		0.020000;0;0;0
SIG_CIPHER_RSA PAD_PKCS5 ALG_NULL;no;		0.020000;0;0;0
SIG_CIPHER_RSA PAD_PKCS5 ALG_SHA;no;		0.023000;0;0;0
SIG_CIPHER_RSA PAD_PKCS5 ALG_MD5;no;		0.019000;0;0;0
SIG_CIPHER_RSA PAD_PKCS5 ALG_RIPEMD160;no;		0.018000;0;0;0
SIG_CIPHER_RSA PAD_PKCS5 ALG_SHA_256;no;		0.019000;0;0;0
SIG_CIPHER_RSA PAD_PKCS5 ALG_SHA_384;no;		0.018000;0;0;0
SIG_CIPHER_RSA PAD_PKCS5 ALG_SHA_512;no;		0.018000;0;0;0
SIG_CIPHER_RSA PAD_PKCS5 ALG_SHA_224;no;		0.018000;0;0;0
SIG_CIPHER_RSA PAD_PKCS5 ALG_SHA3_224;no;		0.019000;0;0;0
SIG_CIPHER_RSA PAD_PKCS5 ALG_SHA3_256;no;		0.017000;0;0;0
SIG_CIPHER_RSA PAD_PKCS5 ALG_SHA3_384;no;		0.019000;0;0;0
SIG_CIPHER_RSA PAD_PKCS5 ALG_SHA3_512;no;		0.018000;0;0;0
SIG_CIPHER_RSA PAD_PKCS1 ALG_NULL;no;		0.018000;0;0;0
SIG_CIPHER_RSA PAD_PKCS1 ALG_SHA;yes;		0.053000;32;99;99
SIG_CIPHER_RSA PAD_PKCS1 ALG_MD5;yes;		0.053000;32;95;95
SIG_CIPHER_RSA PAD_PKCS1 ALG_RIPEMD160;yes;		0.053000;32;99;99
SIG_CIPHER_RSA PAD_PKCS1 ALG_SHA_256;yes;		0.053000;32;111;111
SIG_CIPHER_RSA PAD_PKCS1 ALG_SHA_384;yes;		0.053000;32;215;215
SIG_CIPHER_RSA PAD_PKCS1 ALG_SHA_512;yes;		0.052000;32;215;215
SIG_CIPHER_RSA PAD_PKCS1 ALG_SHA_224;yes;		0.053000;32;111;111
SIG_CIPHER_RSA PAD_PKCS1 ALG_SHA3_224;no;		0.018000;0;0;0
SIG_CIPHER_RSA PAD_PKCS1 ALG_SHA3_256;no;		0.018000;0;0;0
SIG_CIPHER_RSA PAD_PKCS1 ALG_SHA3_384;no;		0.018000;0;0;0
SIG_CIPHER_RSA PAD_PKCS1 ALG_SHA3_512;no;		0.017000;0;0;0
SIG_CIPHER_RSA PAD_PKCS1_PSS ALG_NULL;no;		0.018000;0;0;0
SIG_CIPHER_RSA PAD_PKCS1_PSS ALG_SHA;yes;		0.052000;32;99;99
SIG_CIPHER_RSA PAD_PKCS1_PSS ALG_MD5;yes;		0.053000;32;95;95
SIG_CIPHER_RSA PAD_PKCS1_PSS ALG_RIPEMD160;yes;		0.052000;32;99;99
SIG_CIPHER_RSA PAD_PKCS1_PSS ALG_SHA_256;yes;		0.052000;32;111;111
SIG_CIPHER_RSA PAD_PKCS1_PSS ALG_SHA_384;yes;		0.052000;32;215;215
SIG_CIPHER_RSA PAD_PKCS1_PSS ALG_SHA_512;yes;		0.052000;32;215;215
SIG_CIPHER_RSA PAD_PKCS1_PSS ALG_SHA_224;yes;		0.051000;32;111;111
SIG_CIPHER_RSA PAD_PKCS1_PSS ALG_SHA3_224;no;		0.020000;0;0;0
SIG_CIPHER_RSA PAD_PKCS1_PSS ALG_SHA3_256;no;		0.019000;0;0;0
SIG_CIPHER_RSA PAD_PKCS1_PSS ALG_SHA3_384;no;		0.020000;0;0;0
SIG_CIPHER_RSA PAD_PKCS1_PSS ALG_SHA3_512;no;		0.018000;0;0;0
SIG_CIPHER_RSA PAD_PKCS1_OAEP ALG_NULL;no;		0.019000;0;0;0
SIG_CIPHER_RSA PAD_PKCS1_OAEP ALG_SHA;no;		0.019000;0;0;0
SIG_CIPHER_RSA PAD_PKCS1_OAEP ALG_MD5;no;		0.019000;0;0;0
SIG_CIPHER_RSA PAD_PKCS1_OAEP ALG_RIPEMD160;no;		0.019000;0;0;0
SIG_CIPHER_RSA PAD_PKCS1_OAEP ALG_SHA_256;no;		0.018000;0;0;0
SIG_CIPHER_RSA PAD_PKCS1_OAEP ALG_SHA_384;no;		0.019000;0;0;0
SIG_CIPHER_RSA PAD_PKCS1_OAEP ALG_SHA_512;no;		0.019000;0;0;0
SIG_CIPHER_RSA PAD_PKCS1_OAEP ALG_SHA_224;no;		0.018000;0;0;0
SIG_CIPHER_RSA PAD_PKCS1_OAEP ALG_SHA3_224;no;		0.018000;0;0;0
SIG_CIPHER_RSA PAD_PKCS1_OAEP ALG_SHA3_256;no;		0.019000;0;0;0
SIG_CIPHER_RSA PAD_PKCS1_OAEP ALG_SHA3_384;no;		0.019000;0;0;0
SIG_CIPHER_RSA PAD_PKCS1_OAEP ALG_SHA3_512;no;		0.018000;0;0;0
SIG_CIPHER_RSA PAD_ISO9796 ALG_NULL;no;		0.020000;0;0;0
SIG_CIPHER_RSA PAD_ISO9796 ALG_SHA;yes;		0.052000;32;358;358
SIG_CIPHER_RSA PAD_ISO9796 ALG_MD5;no;		0.019000;0;0;0
SIG_CIPHER_RSA PAD_ISO9796 ALG_RIPEMD160;yes;		0.053000;32;358;358
SIG_CIPHER_RSA PAD_ISO9796 ALG_SHA_256;yes;		0.052000;32;370;370
SIG_CIPHER_RSA PAD_ISO9796 ALG_SHA_384;yes;		0.052000;32;474;474
SIG_CIPHER_RSA PAD_ISO9796 ALG_SHA_512;yes;		0.052000;32;474;474
SIG_CIPHER_RSA PAD_ISO9796 ALG_SHA_224;yes;		0.053000;32;370;370
SIG_CIPHER_RSA PAD_ISO9796 ALG_SHA3_224;no;		0.020000;0;0;0
SIG_CIPHER_RSA PAD_ISO9796 ALG_SHA3_256;no;		0.018000;0;0;0
SIG_CIPHER_RSA PAD_ISO9796 ALG_SHA3_384;no;		0.017000;0;0;0
SIG_CIPHER_RSA PAD_ISO9796 ALG_SHA3_512;no;		0.018000;0;0;0
SIG_CIPHER_RSA PAD_ISO9796_MR ALG_NULL;no;		0.020000;0;0;0
SIG_CIPHER_RSA PAD_ISO9796_MR ALG_SHA;yes;		0.054000;32;358;358
SIG_CIPHER_RSA PAD_ISO9796_MR ALG_MD5;no;		0.019000;0;0;0
SIG_CIPHER_RSA PAD_ISO9796_MR ALG_RIPEMD160;yes;		0.054000;32;358;358
SIG_CIPHER_RSA PAD_ISO9796_MR ALG_SHA_256;yes;		0.054000;32;370;370
SIG_CIPHER_RSA PAD_ISO9796_MR ALG_SHA_384;yes;		0.053000;32;474;474
SIG_CIPHER_RSA PAD_ISO9796_MR ALG_SHA_512;yes;		0.053000;32;474;474
SIG_CIPHER_RSA PAD_ISO9796_MR ALG_SHA_224;yes;		0.053000;32;370;370
SIG_CIPHER_RSA PAD_ISO9796_MR ALG_SHA3_224;no;		0.019000;0;0;0
SIG_CIPHER_RSA PAD_ISO9796_MR ALG_SHA3_256;no;		0.019000;0;0;0
SIG_CIPHER_RSA PAD_ISO9796_MR ALG_SHA3_384;no;		0.018000;0;0;0
SIG_CIPHER_RSA PAD_ISO9796_MR ALG_SHA3_512;no;		0.017000;0;0;0
SIG_CIPHER_RSA PAD_RFC2409 ALG_NULL;no;		0.019000;0;0;0
SIG_CIPHER_RSA PAD_RFC2409 ALG_SHA;no;		0.018000;0;0;0
SIG_CIPHER_RSA PAD_RFC2409 ALG_MD5;no;		0.019000;0;0;0
SIG_CIPHER_RSA PAD_RFC2409 ALG_RIPEMD160;no;		0.018000;0;0;0
SIG_CIPHER_RSA PAD_RFC2409 ALG_SHA_256;no;		0.018000;0;0;0
SIG_CIPHER_RSA PAD_RFC2409 ALG_SHA_384;no;		0.019000;0;0;0
SIG_CIPHER_RSA PAD_RFC2409 ALG_SHA_512;no;		0.019000;0;0;0
SIG_CIPHER_RSA PAD_RFC2409 ALG_SHA_224;no;		0.020000;0;0;0
SIG_CIPHER_RSA PAD_RFC2409 ALG_SHA3_224;no;		0.018000;0;0;0
SIG_CIPHER_RSA PAD_RFC2409 ALG_SHA3_256;no;		0.017000;0;0;0
SIG_CIPHER_RSA PAD_RFC2409 ALG_SHA3_384;no;		0.018000;0;0;0
SIG_CIPHER_RSA PAD_RFC2409 ALG_SHA3_512;no;		0.019000;0;0;0
SIG_CIPHER_RSA PAD_PKCS1_OAEP_SHA224 ALG_NULL;no;		0.019000;0;0;0
SIG_CIPHER_RSA PAD_PKCS1_OAEP_SHA224 ALG_SHA;no;		0.018000;0;0;0
SIG_CIPHER_RSA PAD_PKCS1_OAEP_SHA224 ALG_MD5;no;		0.018000;0;0;0
SIG_CIPHER_RSA PAD_PKCS1_OAEP_SHA224 ALG_RIPEMD160;no;		0.018000;0;0;0
SIG_CIPHER_RSA PAD_PKCS1_OAEP_SHA224 ALG_SHA_256;no;		0.019000;0;0;0
SIG_CIPHER_RSA PAD_PKCS1_OAEP_SHA224 ALG_SHA_384;no;		0.018000;0;0;0
SIG_CIPHER_RSA PAD_PKCS1_OAEP_SHA224 ALG_SHA_512;no;		0.021000;0;0;0
SIG_CIPHER_RSA PAD_PKCS1_OAEP_SHA224 ALG_SHA_224;no;		0.018000;0;0;0
SIG_CIPHER_RSA PAD_PKCS1_OAEP_SHA224 ALG_SHA3_224;no;		0.022000;0;0;0
SIG_CIPHER_RSA PAD_PKCS1_OAEP_SHA224 ALG_SHA3_256;no;		0.018000;0;0;0
SIG_CIPHER_RSA PAD_PKCS1_OAEP_SHA224 ALG_SHA3_384;no;		0.019000;0;0;0
SIG_CIPHER_RSA PAD_PKCS1_OAEP_SHA224 ALG_SHA3_512;no;		0.019000;0;0;0
SIG_CIPHER_RSA PAD_PKCS1_OAEP_SHA256 ALG_NULL;no;		0.019000;0;0;0
SIG_CIPHER_RSA PAD_PKCS1_OAEP_SHA256 ALG_SHA;no;		0.018000;0;0;0
SIG_CIPHER_RSA PAD_PKCS1_OAEP_SHA256 ALG_MD5;no;		0.018000;0;0;0
SIG_CIPHER_RSA PAD_PKCS1_OAEP_SHA256 ALG_RIPEMD160;no;		0.019000;0;0;0
SIG_CIPHER_RSA PAD_PKCS1_OAEP_SHA256 ALG_SHA_256;no;		0.019000;0;0;0
SIG_CIPHER_RSA PAD_PKCS1_OAEP_SHA256 ALG_SHA_384;no;		0.019000;0;0;0
SIG_CIPHER_RSA PAD_PKCS1_OAEP_SHA256 ALG_SHA_512;no;		0.019000;0;0;0
SIG_CIPHER_RSA PAD_PKCS1_OAEP_SHA256 ALG_SHA_224;no;		0.020000;0;0;0
SIG_CIPHER_RSA PAD_PKCS1_OAEP_SHA256 ALG_SHA3_224;no;		0.018000;0;0;0
SIG_CIPHER_RSA PAD_PKCS1_OAEP_SHA256 ALG_SHA3_256;no;		0.021000;0;0;0
SIG_CIPHER_RSA PAD_PKCS1_OAEP_SHA256 ALG_SHA3_384;no;		0.018000;0;0;0
SIG_CIPHER_RSA PAD_PKCS1_OAEP_SHA256 ALG_SHA3_512;no;		0.018000;0;0;0
SIG_CIPHER_RSA PAD_PKCS1_OAEP_SHA384 ALG_NULL;no;		0.017000;0;0;0
SIG_CIPHER_RSA PAD_PKCS1_OAEP_SHA384 ALG_SHA;no;		0.017000;0;0;0
SIG_CIPHER_RSA PAD_PKCS1_OAEP_SHA384 ALG_MD5;no;		0.018000;0;0;0
SIG_CIPHER_RSA PAD_PKCS1_OAEP_SHA384 ALG_RIPEMD160;no;		0.018000;0;0;0
SIG_CIPHER_RSA PAD_PKCS1_OAEP_SHA384 ALG_SHA_256;no;		0.018000;0;0;0
SIG_CIPHER_RSA PAD_PKCS1_OAEP_SHA384 ALG_SHA_384;no;		0.018000;0;0;0
SIG_CIPHER_RSA PAD_PKCS1_OAEP_SHA384 ALG_SHA_512;no;		0.018000;0;0;0
SIG_CIPHER_RSA PAD_PKCS1_OAEP_SHA384 ALG_SHA_224;no;		0.019000;0;0;0
SIG_CIPHER_RSA PAD_PKCS1_OAEP_SHA384 ALG_SHA3_224;no;		0.017000;0;0;0
SIG_CIPHER_RSA PAD_PKCS1_OAEP_SHA384 ALG_SHA3_256;no;		0.018000;0;0;0
SIG_CIPHER_RSA PAD_PKCS1_OAEP_SHA384 ALG_SHA3_384;no;		0.018000;0;0;0
SIG_CIPHER_RSA PAD_PKCS1_OAEP_SHA384 ALG_SHA3_512;no;		0.017000;0;0;0
SIG_CIPHER_RSA PAD_PKCS1_OAEP_SHA512 ALG_NULL;no;		0.019000;0;0;0
SIG_CIPHER_RSA PAD_PKCS1_OAEP_SHA512 ALG_SHA;no;		0.019000;0;0;0
SIG_CIPHER_RSA PAD_PKCS1_OAEP_SHA512 ALG_MD5;no;		0.018000;0;0;0
SIG_CIPHER_RSA PAD_PKCS1_OAEP_SHA512 ALG_RIPEMD160;no;		0.018000;0;0;0
SIG_CIPHER_RSA PAD_PKCS1_OAEP_SHA512 ALG_SHA_256;no;		0.018000;0;0;0
SIG_CIPHER_RSA PAD_PKCS1_OAEP_SHA512 ALG_SHA_384;no;		0.018000;0;0;0
SIG_CIPHER_RSA PAD_PKCS1_OAEP_SHA512 ALG_SHA_512;no;		0.018000;0;0;0
SIG_CIPHER_RSA PAD_PKCS1_OAEP_SHA512 ALG_SHA_224;no;		0.018000;0;0;0
SIG_CIPHER_RSA PAD_PKCS1_OAEP_SHA512 ALG_SHA3_224;no;		0.018000;0;0;0
SIG_CIPHER_RSA PAD_PKCS1_OAEP_SHA512 ALG_SHA3_256;no;		0.018000;0;0;0
SIG_CIPHER_RSA PAD_PKCS1_OAEP_SHA512 ALG_SHA3_384;no;		0.018000;0;0;0
SIG_CIPHER_RSA PAD_PKCS1_OAEP_SHA512 ALG_SHA3_512;no;		0.018000;0;0;0
SIG_CIPHER_RSA PAD_PKCS1_OAEP_SHA3_224 ALG_NULL;no;		0.018000;0;0;0
SIG_CIPHER_RSA PAD_PKCS1_OAEP_SHA3_224 ALG_SHA;no;		0.018000;0;0;0
SIG_CIPHER_RSA PAD_PKCS1_OAEP_SHA3_224 ALG_MD5;no;		0.018000;0;0;0
SIG_CIPHER_RSA PAD_PKCS1_OAEP_SHA3_224 ALG_RIPEMD160;no;		0.019000;0;0;0
SIG_CIPHER_RSA PAD_PKCS1_OAEP_SHA3_224 ALG_SHA_256;no;		0.019000;0;0;0
SIG_CIPHER_RSA PAD_PKCS1_OAEP_SHA3_224 ALG_SHA_384;no;		0.018000;0;0;0
SIG_CIPHER_RSA PAD_PKCS1_OAEP_SHA3_224 ALG_SHA_512;no;		0.019000;0;0;0
SIG_CIPHER_RSA PAD_PKCS1_OAEP_SHA3_224 ALG_SHA_224;no;		0.019000;0;0;0
SIG_CIPHER_RSA PAD_PKCS1_OAEP_SHA3_224 ALG_SHA3_224;no;		0.019000;0;0;0
SIG_CIPHER_RSA PAD_PKCS1_OAEP_SHA3_224 ALG_SHA3_256;no;		0.019000;0;0;0
SIG_CIPHER_RSA PAD_PKCS1_OAEP_SHA3_224 ALG_SHA3_384;no;		0.018000;0;0;0
SIG_CIPHER_RSA PAD_PKCS1_OAEP_SHA3_224 ALG_SHA3_512;no;		0.018000;0;0;0
SIG_CIPHER_RSA PAD_PKCS1_OAEP_SHA3_256 ALG_NULL;no;		0.019000;0;0;0
SIG_CIPHER_RSA PAD_PKCS1_OAEP_SHA3_256 ALG_SHA;no;		0.019000;0;0;0
SIG_CIPHER_RSA PAD_PKCS1_OAEP_SHA3_256 ALG_MD5;no;		0.019000;0;0;0
SIG_CIPHER_RSA PAD_PKCS1_OAEP_SHA3_256 ALG_RIPEMD160;no;		0.019000;0;0;0
SIG_CIPHER_RSA PAD_PKCS1_OAEP_SHA3_256 ALG_SHA_256;no;		0.018000;0;0;0
SIG_CIPHER_RSA PAD_PKCS1_OAEP_SHA3_256 ALG_SHA_384;no;		0.019000;0;0;0
SIG_CIPHER_RSA PAD_PKCS1_OAEP_SHA3_256 ALG_SHA_512;no;		0.019000;0;0;0
SIG_CIPHER_RSA PAD_PKCS1_OAEP_SHA3_256 ALG_SHA_224;no;		0.019000;0;0;0
SIG_CIPHER_RSA PAD_PKCS1_OAEP_SHA3_256 ALG_SHA3_224;no;		0.020000;0;0;0
SIG_CIPHER_RSA PAD_PKCS1_OAEP_SHA3_256 ALG_SHA3_256;no;		0.017000;0;0;0
SIG_CIPHER_RSA PAD_PKCS1_OAEP_SHA3_256 ALG_SHA3_384;no;		0.018000;0;0;0
SIG_CIPHER_RSA PAD_PKCS1_OAEP_SHA3_256 ALG_SHA3_512;no;		0.019000;0;0;0
SIG_CIPHER_RSA PAD_PKCS1_OAEP_SHA3_384 ALG_NULL;no;		0.019000;0;0;0
SIG_CIPHER_RSA PAD_PKCS1_OAEP_SHA3_384 ALG_SHA;no;		0.019000;0;0;0
SIG_CIPHER_RSA PAD_PKCS1_OAEP_SHA3_384 ALG_MD5;no;		0.019000;0;0;0
SIG_CIPHER_RSA PAD_PKCS1_OAEP_SHA3_384 ALG_RIPEMD160;no;		0.018000;0;0;0
SIG_CIPHER_RSA PAD_PKCS1_OAEP_SHA3_384 ALG_SHA_256;no;		0.019000;0;0;0
SIG_CIPHER_RSA PAD_PKCS1_OAEP_SHA3_384 ALG_SHA_384;no;		0.018000;0;0;0
SIG_CIPHER_RSA PAD_PKCS1_OAEP_SHA3_384 ALG_SHA_512;no;		0.017000;0;0;0
SIG_CIPHER_RSA PAD_PKCS1_OAEP_SHA3_384 ALG_SHA_224;no;		0.018000;0;0;0
SIG_CIPHER_RSA PAD_PKCS1_OAEP_SHA3_384 ALG_SHA3_224;no;		0.018000;0;0;0
SIG_CIPHER_RSA PAD_PKCS1_OAEP_SHA3_384 ALG_SHA3_256;no;		0.017000;0;0;0
SIG_CIPHER_RSA PAD_PKCS1_OAEP_SHA3_384 ALG_SHA3_384;no;		0.019000;0;0;0
SIG_CIPHER_RSA PAD_PKCS1_OAEP_SHA3_384 ALG_SHA3_512;no;		0.018000;0;0;0
SIG_CIPHER_RSA PAD_PKCS1_OAEP_SHA3_512 ALG_NULL;no;		0.018000;0;0;0
SIG_CIPHER_RSA PAD_PKCS1_OAEP_SHA3_512 ALG_SHA;no;		0.018000;0;0;0
SIG_CIPHER_RSA PAD_PKCS1_OAEP_SHA3_512 ALG_MD5;no;		0.019000;0;0;0
SIG_CIPHER_RSA PAD_PKCS1_OAEP_SHA3_512 ALG_RIPEMD160;no;		0.019000;0;0;0
SIG_CIPHER_RSA PAD_PKCS1_OAEP_SHA3_512 ALG_SHA_256;no;		0.019000;0;0;0
SIG_CIPHER_RSA PAD_PKCS1_OAEP_SHA3_512 ALG_SHA_384;no;		0.019000;0;0;0
SIG_CIPHER_RSA PAD_PKCS1_OAEP_SHA3_512 ALG_SHA_512;no;		0.018000;0;0;0
SIG_CIPHER_RSA PAD_PKCS1_OAEP_SHA3_512 ALG_SHA_224;no;		0.018000;0;0;0
SIG_CIPHER_RSA PAD_PKCS1_OAEP_SHA3_512 ALG_SHA3_224;no;		0.018000;0;0;0
SIG_CIPHER_RSA PAD_PKCS1_OAEP_SHA3_512 ALG_SHA3_256;no;		0.018000;0;0;0
SIG_CIPHER_RSA PAD_PKCS1_OAEP_SHA3_512 ALG_SHA3_384;no;		0.018000;0;0;0
SIG_CIPHER_RSA PAD_PKCS1_OAEP_SHA3_512 ALG_SHA3_512;no;		0.018000;0;0;0
SIG_CIPHER_RSA PAD_ISO9796_MR_SCHEME_2 ALG_NULL;no;		0.018000;0;0;0
SIG_CIPHER_RSA PAD_ISO9796_MR_SCHEME_2 ALG_SHA;no;		0.018000;0;0;0
SIG_CIPHER_RSA PAD_ISO9796_MR_SCHEME_2 ALG_MD5;no;		0.018000;0;0;0
SIG_CIPHER_RSA PAD_ISO9796_MR_SCHEME_2 ALG_RIPEMD160;no;		0.018000;0;0;0
SIG_CIPHER_RSA PAD_ISO9796_MR_SCHEME_2 ALG_SHA_256;no;		0.018000;0;0;0
SIG_CIPHER_RSA PAD_ISO9796_MR_SCHEME_2 ALG_SHA_384;no;		0.017000;0;0;0
SIG_CIPHER_RSA PAD_ISO9796_MR_SCHEME_2 ALG_SHA_512;no;		0.017000;0;0;0
SIG_CIPHER_RSA PAD_ISO9796_MR_SCHEME_2 ALG_SHA_224;no;		0.017000;0;0;0
SIG_CIPHER_RSA PAD_ISO9796_MR_SCHEME_2 ALG_SHA3_224;no;		0.017000;0;0;0
SIG_CIPHER_RSA PAD_ISO9796_MR_SCHEME_2 ALG_SHA3_256;no;		0.018000;0;0;0
SIG_CIPHER_RSA PAD_ISO9796_MR_SCHEME_2 ALG_SHA3_384;no;		0.019000;0;0;0
SIG_CIPHER_RSA PAD_ISO9796_MR_SCHEME_2 ALG_SHA3_512;no;		0.018000;0;0;0
SIG_CIPHER_RSA PAD_ISO9796_MR_SCHEME_3 ALG_NULL;no;		0.018000;0;0;0
SIG_CIPHER_RSA PAD_ISO9796_MR_SCHEME_3 ALG_SHA;no;		0.018000;0;0;0
SIG_CIPHER_RSA PAD_ISO9796_MR_SCHEME_3 ALG_MD5;no;		0.018000;0;0;0
SIG_CIPHER_RSA PAD_ISO9796_MR_SCHEME_3 ALG_RIPEMD160;no;		0.021000;0;0;0
SIG_CIPHER_RSA PAD_ISO9796_MR_SCHEME_3 ALG_SHA_256;no;		0.018000;0;0;0
SIG_CIPHER_RSA PAD_ISO9796_MR_SCHEME_3 ALG_SHA_384;no;		0.018000;0;0;0
SIG_CIPHER_RSA PAD_ISO9796_MR_SCHEME_3 ALG_SHA_512;no;		0.018000;0;0;0
SIG_CIPHER_RSA PAD_ISO9796_MR_SCHEME_3 ALG_SHA_224;no;		0.017000;0;0;0
SIG_CIPHER_RSA PAD_ISO9796_MR_SCHEME_3 ALG_SHA3_224;no;		0.019000;0;0;0
SIG_CIPHER_RSA PAD_ISO9796_MR_SCHEME_3 ALG_SHA3_256;no;		0.017000;0;0;0
SIG_CIPHER_RSA PAD_ISO9796_MR_SCHEME_3 ALG_SHA3_384;no;		0.018000;0;0;0
SIG_CIPHER_RSA PAD_ISO9796_MR_SCHEME_3 ALG_SHA3_512;no;		0.017000;0;0;0
SIG_CIPHER_DSA PAD_NULL ALG_NULL;no;		0.019000;0;0;0
SIG_CIPHER_DSA PAD_NULL ALG_SHA;no;		0.018000;0;0;0
SIG_CIPHER_DSA PAD_NULL ALG_MD5;no;		0.018000;0;0;0
SIG_CIPHER_DSA PAD_NULL ALG_RIPEMD160;no;		0.018000;0;0;0
SIG_CIPHER_DSA PAD_NULL ALG_SHA_256;no;		0.018000;0;0;0
SIG_CIPHER_DSA PAD_NULL ALG_SHA_384;no;		0.018000;0;0;0
SIG_CIPHER_DSA PAD_NULL ALG_SHA_512;no;		0.018000;0;0;0
SIG_CIPHER_DSA PAD_NULL ALG_SHA_224;no;		0.018000;0;0;0
SIG_CIPHER_DSA PAD_NULL ALG_SHA3_224;no;		0.018000;0;0;0
SIG_CIPHER_DSA PAD_NULL ALG_SHA3_256;no;		0.018000;0;0;0
SIG_CIPHER_DSA PAD_NULL ALG_SHA3_384;no;		0.018000;0;0;0
SIG_CIPHER_DSA PAD_NULL ALG_SHA3_512;no;		0.018000;0;0;0
SIG_CIPHER_DSA PAD_NOPAD ALG_NULL;no;		0.018000;0;0;0
SIG_CIPHER_DSA PAD_NOPAD ALG_SHA;no;		0.018000;0;0;0
SIG_CIPHER_DSA PAD_NOPAD ALG_MD5;no;		0.018000;0;0;0
SIG_CIPHER_DSA PAD_NOPAD ALG_RIPEMD160;no;		0.018000;0;0;0
SIG_CIPHER_DSA PAD_NOPAD ALG_SHA_256;no;		0.018000;0;0;0
SIG_CIPHER_DSA PAD_NOPAD ALG_SHA_384;no;		0.019000;0;0;0
SIG_CIPHER_DSA PAD_NOPAD ALG_SHA_512;no;		0.018000;0;0;0
SIG_CIPHER_DSA PAD_NOPAD ALG_SHA_224;no;		0.017000;0;0;0
SIG_CIPHER_DSA PAD_NOPAD ALG_SHA3_224;no;		0.018000;0;0;0
SIG_CIPHER_DSA PAD_NOPAD ALG_SHA3_256;no;		0.018000;0;0;0
SIG_CIPHER_DSA PAD_NOPAD ALG_SHA3_384;no;		0.017000;0;0;0
SIG_CIPHER_DSA PAD_NOPAD ALG_SHA3_512;no;		0.017000;0;0;0
SIG_CIPHER_DSA PAD_ISO9797_M1 ALG_NULL;no;		0.017000;0;0;0
SIG_CIPHER_DSA PAD_ISO9797_M1 ALG_SHA;no;		0.018000;0;0;0
SIG_CIPHER_DSA PAD_ISO9797_M1 ALG_MD5;no;		0.018000;0;0;0
SIG_CIPHER_DSA PAD_ISO9797_M1 ALG_RIPEMD160;no;		0.018000;0;0;0
SIG_CIPHER_DSA PAD_ISO9797_M1 ALG_SHA_256;no;		0.018000;0;0;0
SIG_CIPHER_DSA PAD_ISO9797_M1 ALG_SHA_384;no;		0.018000;0;0;0
SIG_CIPHER_DSA PAD_ISO9797_M1 ALG_SHA_512;no;		0.018000;0;0;0
SIG_CIPHER_DSA PAD_ISO9797_M1 ALG_SHA_224;no;		0.018000;0;0;0
SIG_CIPHER_DSA PAD_ISO9797_M1 ALG_SHA3_224;no;		0.018000;0;0;0
SIG_CIPHER_DSA PAD_ISO9797_M1 ALG_SHA3_256;no;		0.018000;0;0;0
SIG_CIPHER_DSA PAD_ISO9797_M1 ALG_SHA3_384;no;		0.018000;0;0;0
SIG_CIPHER_DSA PAD_ISO9797_M1 ALG_SHA3_512;no;		0.018000;0;0;0
SIG_CIPHER_DSA PAD_ISO9797_M2 ALG_NULL;no;		0.018000;0;0;0
SIG_CIPHER_DSA PAD_ISO9797_M2 ALG_SHA;no;		0.019000;0;0;0
SIG_CIPHER_DSA PAD_ISO9797_M2 ALG_MD5;no;		0.018000;0;0;0
SIG_CIPHER_DSA PAD_ISO9797_M2 ALG_RIPEMD160;no;		0.018000;0;0;0
SIG_CIPHER_DSA PAD_ISO9797_M2 ALG_SHA_256;no;		0.018000;0;0;0
SIG_CIPHER_DSA PAD_ISO9797_M2 ALG_SHA_384;no;		0.019000;0;0;0
SIG_CIPHER_DSA PAD_ISO9797_M2 ALG_SHA_512;no;		0.018000;0;0;0
SIG_CIPHER_DSA PAD_ISO9797_M2 ALG_SHA_224;no;		0.018000;0;0;0
SIG_CIPHER_DSA PAD_ISO9797_M2 ALG_SHA3_224;no;		0.018000;0;0;0
SIG_CIPHER_DSA PAD_ISO9797_M2 ALG_SHA3_256;no;		0.019000;0;0;0
SIG_CIPHER_DSA PAD_ISO9797_M2 ALG_SHA3_384;no;		0.018000;0;0;0
SIG_CIPHER_DSA PAD_ISO9797_M2 ALG_SHA3_512;no;		0.017000;0;0;0
SIG_CIPHER_DSA PAD_ISO9797_1_M1_ALG3 ALG_NULL;no;		0.018000;0;0;0
SIG_CIPHER_DSA PAD_ISO9797_1_M1_ALG3 ALG_SHA;no;		0.018000;0;0;0
SIG_CIPHER_DSA PAD_ISO9797_1_M1_ALG3 ALG_MD5;no;		0.018000;0;0;0
SIG_CIPHER_DSA PAD_ISO9797_1_M1_ALG3 ALG_RIPEMD160;no;		0.018000;0;0;0
SIG_CIPHER_DSA PAD_ISO9797_1_M1_ALG3 ALG_SHA_256;no;		0.018000;0;0;0
SIG_CIPHER_DSA PAD_ISO9797_1_M1_ALG3 ALG_SHA_384;no;		0.019000;0;0;0
SIG_CIPHER_DSA PAD_ISO9797_1_M1_ALG3 ALG_SHA_512;no;		0.018000;0;0;0
SIG_CIPHER_DSA PAD_ISO9797_1_M1_ALG3 ALG_SHA_224;no;		0.019000;0;0;0
SIG_CIPHER_DSA PAD_ISO9797_1_M1_ALG3 ALG_SHA3_224;no;		0.018000;0;0;0
SIG_CIPHER_DSA PAD_ISO9797_1_M1_ALG3 ALG_SHA3_256;no;		0.019000;0;0;0
SIG_CIPHER_DSA PAD_ISO9797_1_M1_ALG3 ALG_SHA3_384;no;		0.018000;0;0;0
SIG_CIPHER_DSA PAD_ISO9797_1_M1_ALG3 ALG_SHA3_512;no;		0.018000;0;0;0
SIG_CIPHER_DSA PAD_ISO9797_1_M2_ALG3 ALG_NULL;no;		0.018000;0;0;0
SIG_CIPHER_DSA PAD_ISO9797_1_M2_ALG3 ALG_SHA;no;		0.018000;0;0;0
SIG_CIPHER_DSA PAD_ISO9797_1_M2_ALG3 ALG_MD5;no;		0.018000;0;0;0
SIG_CIPHER_DSA PAD_ISO9797_1_M2_ALG3 ALG_RIPEMD160;no;		0.018000;0;0;0
SIG_CIPHER_DSA PAD_ISO9797_1_M2_ALG3 ALG_SHA_256;no;		0.019000;0;0;0
SIG_CIPHER_DSA PAD_ISO9797_1_M2_ALG3 ALG_SHA_384;no;		0.017000;0;0;0
SIG_CIPHER_DSA PAD_ISO9797_1_M2_ALG3 ALG_SHA_512;no;		0.018000;0;0;0
SIG_CIPHER_DSA PAD_ISO9797_1_M2_ALG3 ALG_SHA_224;no;		0.026000;0;0;0
SIG_CIPHER_DSA PAD_ISO9797_1_M2_ALG3 ALG_SHA3_224;no;		0.018000;0;0;0
SIG_CIPHER_DSA PAD_ISO9797_1_M2_ALG3 ALG_SHA3_256;no;		0.019000;0;0;0
SIG_CIPHER_DSA PAD_ISO9797_1_M2_ALG3 ALG_SHA3_384;no;		0.018000;0;0;0
SIG_CIPHER_DSA PAD_ISO9797_1_M2_ALG3 ALG_SHA3_512;no;		0.018000;0;0;0
SIG_CIPHER_DSA PAD_PKCS5 ALG_NULL;no;		0.018000;0;0;0
SIG_CIPHER_DSA PAD_PKCS5 ALG_SHA;no;		0.020000;0;0;0
SIG_CIPHER_DSA PAD_PKCS5 ALG_MD5;no;		0.019000;0;0;0
SIG_CIPHER_DSA PAD_PKCS5 ALG_RIPEMD160;no;		0.018000;0;0;0
SIG_CIPHER_DSA PAD_PKCS5 ALG_SHA_256;no;		0.018000;0;0;0
SIG_CIPHER_DSA PAD_PKCS5 ALG_SHA_384;no;		0.019000;0;0;0
SIG_CIPHER_DSA PAD_PKCS5 ALG_SHA_512;no;		0.018000;0;0;0
SIG_CIPHER_DSA PAD_PKCS5 ALG_SHA_224;no;		0.018000;0;0;0
SIG_CIPHER_DSA PAD_PKCS5 ALG_SHA3_224;no;		0.018000;0;0;0
SIG_CIPHER_DSA PAD_PKCS5 ALG_SHA3_256;no;		0.018000;0;0;0
SIG_CIPHER_DSA PAD_PKCS5 ALG_SHA3_384;no;		0.018000;0;0;0
SIG_CIPHER_DSA PAD_PKCS5 ALG_SHA3_512;no;		0.018000;0;0;0
SIG_CIPHER_DSA PAD_PKCS1 ALG_NULL;no;		0.020000;0;0;0
SIG_CIPHER_DSA PAD_PKCS1 ALG_SHA;no;		0.017000;0;0;0
SIG_CIPHER_DSA PAD_PKCS1 ALG_MD5;no;		0.018000;0;0;0
SIG_CIPHER_DSA PAD_PKCS1 ALG_RIPEMD160;no;		0.018000;0;0;0
SIG_CIPHER_DSA PAD_PKCS1 ALG_SHA_256;no;		0.018000;0;0;0
SIG_CIPHER_DSA PAD_PKCS1 ALG_SHA_384;no;		0.018000;0;0;0
SIG_CIPHER_DSA PAD_PKCS1 ALG_SHA_512;no;		0.017000;0;0;0
SIG_CIPHER_DSA PAD_PKCS1 ALG_SHA_224;no;		0.018000;0;0;0
SIG_CIPHER_DSA PAD_PKCS1 ALG_SHA3_224;no;		0.018000;0;0;0
SIG_CIPHER_DSA PAD_PKCS1 ALG_SHA3_256;no;		0.018000;0;0;0
SIG_CIPHER_DSA PAD_PKCS1 ALG_SHA3_384;no;		0.018000;0;0;0
SIG_CIPHER_DSA PAD_PKCS1 ALG_SHA3_512;no;		0.019000;0;0;0
SIG_CIPHER_DSA PAD_PKCS1_PSS ALG_NULL;no;		0.018000;0;0;0
SIG_CIPHER_DSA PAD_PKCS1_PSS ALG_SHA;no;		0.020000;0;0;0
SIG_CIPHER_DSA PAD_PKCS1_PSS ALG_MD5;no;		0.017000;0;0;0
SIG_CIPHER_DSA PAD_PKCS1_PSS ALG_RIPEMD160;no;		0.021000;0;0;0
SIG_CIPHER_DSA PAD_PKCS1_PSS ALG_SHA_256;no;		0.019000;0;0;0
SIG_CIPHER_DSA PAD_PKCS1_PSS ALG_SHA_384;no;		0.018000;0;0;0
SIG_CIPHER_DSA PAD_PKCS1_PSS ALG_SHA_512;no;		0.019000;0;0;0
SIG_CIPHER_DSA PAD_PKCS1_PSS ALG_SHA_224;no;		0.018000;0;0;0
SIG_CIPHER_DSA PAD_PKCS1_PSS ALG_SHA3_224;no;		0.018000;0;0;0
SIG_CIPHER_DSA PAD_PKCS1_PSS ALG_SHA3_256;no;		0.018000;0;0;0
SIG_CIPHER_DSA PAD_PKCS1_PSS ALG_SHA3_384;no;		0.018000;0;0;0
SIG_CIPHER_DSA PAD_PKCS1_PSS ALG_SHA3_512;no;		0.018000;0;0;0
SIG_CIPHER_DSA PAD_PKCS1_OAEP ALG_NULL;no;		0.019000;0;0;0
SIG_CIPHER_DSA PAD_PKCS1_OAEP ALG_SHA;no;		0.019000;0;0;0
SIG_CIPHER_DSA PAD_PKCS1_OAEP ALG_MD5;no;		0.019000;0;0;0
SIG_CIPHER_DSA PAD_PKCS1_OAEP ALG_RIPEMD160;no;		0.018000;0;0;0
SIG_CIPHER_DSA PAD_PKCS1_OAEP ALG_SHA_256;no;		0.018000;0;0;0
SIG_CIPHER_DSA PAD_PKCS1_OAEP ALG_SHA_384;no;		0.018000;0;0;0
SIG_CIPHER_DSA PAD_PKCS1_OAEP ALG_SHA_512;no;		0.022000;0;0;0
SIG_CIPHER_DSA PAD_PKCS1_OAEP ALG_SHA_224;no;		0.018000;0;0;0
SIG_CIPHER_DSA PAD_PKCS1_OAEP ALG_SHA3_224;no;		0.018000;0;0;0
SIG_CIPHER_DSA PAD_PKCS1_OAEP ALG_SHA3_256;no;		0.017000;0;0;0
SIG_CIPHER_DSA PAD_PKCS1_OAEP ALG_SHA3_384;no;		0.017000;0;0;0
SIG_CIPHER_DSA PAD_PKCS1_OAEP ALG_SHA3_512;no;		0.018000;0;0;0
SIG_CIPHER_DSA PAD_ISO9796 ALG_NULL;no;		0.018000;0;0;0
SIG_CIPHER_DSA PAD_ISO9796 ALG_SHA;no;		0.018000;0;0;0
SIG_CIPHER_DSA PAD_ISO9796 ALG_MD5;no;		0.019000;0;0;0
SIG_CIPHER_DSA PAD_ISO9796 ALG_RIPEMD160;no;		0.019000;0;0;0
SIG_CIPHER_DSA PAD_ISO9796 ALG_SHA_256;no;		0.017000;0;0;0
SIG_CIPHER_DSA PAD_ISO9796 ALG_SHA_384;no;		0.018000;0;0;0
SIG_CIPHER_DSA PAD_ISO9796 ALG_SHA_512;no;		0.018000;0;0;0
SIG_CIPHER_DSA PAD_ISO9796 ALG_SHA_224;no;		0.018000;0;0;0
SIG_CIPHER_DSA PAD_ISO9796 ALG_SHA3_224;no;		0.018000;0;0;0
SIG_CIPHER_DSA PAD_ISO9796 ALG_SHA3_256;no;		0.018000;0;0;0
SIG_CIPHER_DSA PAD_ISO9796 ALG_SHA3_384;no;		0.019000;0;0;0
SIG_CIPHER_DSA PAD_ISO9796 ALG_SHA3_512;no;		0.019000;0;0;0
SIG_CIPHER_DSA PAD_ISO9796_MR ALG_NULL;no;		0.019000;0;0;0
SIG_CIPHER_DSA PAD_ISO9796_MR ALG_SHA;no;		0.018000;0;0;0
SIG_CIPHER_DSA PAD_ISO9796_MR ALG_MD5;no;		0.018000;0;0;0
SIG_CIPHER_DSA PAD_ISO9796_MR ALG_RIPEMD160;no;		0.017000;0;0;0
SIG_CIPHER_DSA PAD_ISO9796_MR ALG_SHA_256;no;		0.018000;0;0;0
SIG_CIPHER_DSA PAD_ISO9796_MR ALG_SHA_384;no;		0.017000;0;0;0
SIG_CIPHER_DSA PAD_ISO9796_MR ALG_SHA_512;no;		0.019000;0;0;0
SIG_CIPHER_DSA PAD_ISO9796_MR ALG_SHA_224;no;		0.019000;0;0;0
SIG_CIPHER_DSA PAD_ISO9796_MR ALG_SHA3_224;no;		0.018000;0;0;0
SIG_CIPHER_DSA PAD_ISO9796_MR ALG_SHA3_256;no;		0.018000;0;0;0
SIG_CIPHER_DSA PAD_ISO9796_MR ALG_SHA3_384;no;		0.018000;0;0;0
SIG_CIPHER_DSA PAD_ISO9796_MR ALG_SHA3_512;no;		0.019000;0;0;0
SIG_CIPHER_DSA PAD_RFC2409 ALG_NULL;no;		0.019000;0;0;0
SIG_CIPHER_DSA PAD_RFC2409 ALG_SHA;no;		0.020000;0;0;0
SIG_CIPHER_DSA PAD_RFC2409 ALG_MD5;no;		0.019000;0;0;0
SIG_CIPHER_DSA PAD_RFC2409 ALG_RIPEMD160;no;		0.019000;0;0;0
SIG_CIPHER_DSA PAD_RFC2409 ALG_SHA_256;no;		0.018000;0;0;0
SIG_CIPHER_DSA PAD_RFC2409 ALG_SHA_384;no;		0.019000;0;0;0
SIG_CIPHER_DSA PAD_RFC2409 ALG_SHA_512;no;		0.018000;0;0;0
SIG_CIPHER_DSA PAD_RFC2409 ALG_SHA_224;no;		0.019000;0;0;0
SIG_CIPHER_DSA PAD_RFC2409 ALG_SHA3_224;no;		0.018000;0;0;0
SIG_CIPHER_DSA PAD_RFC2409 ALG_SHA3_256;no;		0.019000;0;0;0
SIG_CIPHER_DSA PAD_RFC2409 ALG_SHA3_384;no;		0.019000;0;0;0
SIG_CIPHER_DSA PAD_RFC2409 ALG_SHA3_512;no;		0.019000;0;0;0
SIG_CIPHER_DSA PAD_PKCS1_OAEP_SHA224 ALG_NULL;no;		0.018000;0;0;0
SIG_CIPHER_DSA PAD_PKCS1_OAEP_SHA224 ALG_SHA;no;		0.020000;0;0;0
SIG_CIPHER_DSA PAD_PKCS1_OAEP_SHA224 ALG_MD5;no;		0.018000;0;0;0
SIG_CIPHER_DSA PAD_PKCS1_OAEP_SHA224 ALG_RIPEMD160;no;		0.018000;0;0;0
SIG_CIPHER_DSA PAD_PKCS1_OAEP_SHA224 ALG_SHA_256;no;		0.018000;0;0;0
SIG_CIPHER_DSA PAD_PKCS1_OAEP_SHA224 ALG_SHA_384;no;		0.019000;0;0;0
SIG_CIPHER_DSA PAD_PKCS1_OAEP_SHA224 ALG_SHA_512;no;		0.023000;0;0;0
SIG_CIPHER_DSA PAD_PKCS1_OAEP_SHA224 ALG_SHA_224;no;		0.017000;0;0;0
SIG_CIPHER_DSA PAD_PKCS1_OAEP_SHA224 ALG_SHA3_224;no;		0.018000;0;0;0
SIG_CIPHER_DSA PAD_PKCS1_OAEP_SHA224 ALG_SHA3_256;no;		0.018000;0;0;0
SIG_CIPHER_DSA PAD_PKCS1_OAEP_SHA224 ALG_SHA3_384;no;		0.018000;0;0;0
SIG_CIPHER_DSA PAD_PKCS1_OAEP_SHA224 ALG_SHA3_512;no;		0.018000;0;0;0
SIG_CIPHER_DSA PAD_PKCS1_OAEP_SHA256 ALG_NULL;no;		0.019000;0;0;0
SIG_CIPHER_DSA PAD_PKCS1_OAEP_SHA256 ALG_SHA;no;		0.018000;0;0;0
SIG_CIPHER_DSA PAD_PKCS1_OAEP_SHA256 ALG_MD5;no;		0.018000;0;0;0
SIG_CIPHER_DSA PAD_PKCS1_OAEP_SHA256 ALG_RIPEMD160;no;		0.018000;0;0;0
SIG_CIPHER_DSA PAD_PKCS1_OAEP_SHA256 ALG_SHA_256;no;		0.018000;0;0;0
SIG_CIPHER_DSA PAD_PKCS1_OAEP_SHA256 ALG_SHA_384;no;		0.018000;0;0;0
SIG_CIPHER_DSA PAD_PKCS1_OAEP_SHA256 ALG_SHA_512;no;		0.018000;0;0;0
SIG_CIPHER_DSA PAD_PKCS1_OAEP_SHA256 ALG_SHA_224;no;		0.018000;0;0;0
SIG_CIPHER_DSA PAD_PKCS1_OAEP_SHA256 ALG_SHA3_224;no;		0.018000;0;0;0
SIG_CIPHER_DSA PAD_PKCS1_OAEP_SHA256 ALG_SHA3_256;no;		0.019000;0;0;0
SIG_CIPHER_DSA PAD_PKCS1_OAEP_SHA256 ALG_SHA3_384;no;		0.018000;0;0;0
SIG_CIPHER_DSA PAD_PKCS1_OAEP_SHA256 ALG_SHA3_512;no;		0.018000;0;0;0
SIG_CIPHER_DSA PAD_PKCS1_OAEP_SHA384 ALG_NULL;no;		0.018000;0;0;0
SIG_CIPHER_DSA PAD_PKCS1_OAEP_SHA384 ALG_SHA;no;		0.018000;0;0;0
SIG_CIPHER_DSA PAD_PKCS1_OAEP_SHA384 ALG_MD5;no;		0.018000;0;0;0
SIG_CIPHER_DSA PAD_PKCS1_OAEP_SHA384 ALG_RIPEMD160;no;		0.017000;0;0;0
SIG_CIPHER_DSA PAD_PKCS1_OAEP_SHA384 ALG_SHA_256;no;		0.019000;0;0;0
SIG_CIPHER_DSA PAD_PKCS1_OAEP_SHA384 ALG_SHA_384;no;		0.018000;0;0;0
SIG_CIPHER_DSA PAD_PKCS1_OAEP_SHA384 ALG_SHA_512;no;		0.018000;0;0;0
SIG_CIPHER_DSA PAD_PKCS1_OAEP_SHA384 ALG_SHA_224;no;		0.019000;0;0;0
SIG_CIPHER_DSA PAD_PKCS1_OAEP_SHA384 ALG_SHA3_224;no;		0.019000;0;0;0
SIG_CIPHER_DSA PAD_PKCS1_OAEP_SHA384 ALG_SHA3_256;no;		0.018000;0;0;0
SIG_CIPHER_DSA PAD_PKCS1_OAEP_SHA384 ALG_SHA3_384;no;		0.018000;0;0;0
SIG_CIPHER_DSA PAD_PKCS1_OAEP_SHA384 ALG_SHA3_512;no;		0.019000;0;0;0
SIG_CIPHER_DSA PAD_PKCS1_OAEP_SHA512 ALG_NULL;no;		0.019000;0;0;0
SIG_CIPHER_DSA PAD_PKCS1_OAEP_SHA512 ALG_SHA;no;		0.018000;0;0;0
SIG_CIPHER_DSA PAD_PKCS1_OAEP_SHA512 ALG_MD5;no;		0.019000;0;0;0
SIG_CIPHER_DSA PAD_PKCS1_OAEP_SHA512 ALG_RIPEMD160;no;		0.018000;0;0;0
SIG_CIPHER_DSA PAD_PKCS1_OAEP_SHA512 ALG_SHA_256;no;		0.018000;0;0;0
SIG_CIPHER_DSA PAD_PKCS1_OAEP_SHA512 ALG_SHA_384;no;		0.018000;0;0;0
SIG_CIPHER_DSA PAD_PKCS1_OAEP_SHA512 ALG_SHA_512;no;		0.019000;0;0;0
SIG_CIPHER_DSA PAD_PKCS1_OAEP_SHA512 ALG_SHA_224;no;		0.017000;0;0;0
SIG_CIPHER_DSA PAD_PKCS1_OAEP_SHA512 ALG_SHA3_224;no;		0.019000;0;0;0
SIG_CIPHER_DSA PAD_PKCS1_OAEP_SHA512 ALG_SHA3_256;no;		0.019000;0;0;0
SIG_CIPHER_DSA PAD_PKCS1_OAEP_SHA512 ALG_SHA3_384;no;		0.019000;0;0;0
SIG_CIPHER_DSA PAD_PKCS1_OAEP_SHA512 ALG_SHA3_512;no;		0.018000;0;0;0
SIG_CIPHER_DSA PAD_PKCS1_OAEP_SHA3_224 ALG_NULL;no;		0.018000;0;0;0
SIG_CIPHER_DSA PAD_PKCS1_OAEP_SHA3_224 ALG_SHA;no;		0.018000;0;0;0
SIG_CIPHER_DSA PAD_PKCS1_OAEP_SHA3_224 ALG_MD5;no;		0.019000;0;0;0
SIG_CIPHER_DSA PAD_PKCS1_OAEP_SHA3_224 ALG_RIPEMD160;no;		0.018000;0;0;0
SIG_CIPHER_DSA PAD_PKCS1_OAEP_SHA3_224 ALG_SHA_256;no;		0.023000;0;0;0
SIG_CIPHER_DSA PAD_PKCS1_OAEP_SHA3_224 ALG_SHA_384;no;		0.018000;0;0;0
SIG_CIPHER_DSA PAD_PKCS1_OAEP_SHA3_224 ALG_SHA_512;no;		0.018000;0;0;0
SIG_CIPHER_DSA PAD_PKCS1_OAEP_SHA3_224 ALG_SHA_224;no;		0.018000;0;0;0
SIG_CIPHER_DSA PAD_PKCS1_OAEP_SHA3_224 ALG_SHA3_224;no;		0.017000;0;0;0
SIG_CIPHER_DSA PAD_PKCS1_OAEP_SHA3_224 ALG_SHA3_256;no;		0.017000;0;0;0
SIG_CIPHER_DSA PAD_PKCS1_OAEP_SHA3_224 ALG_SHA3_384;no;		0.017000;0;0;0
SIG_CIPHER_DSA PAD_PKCS1_OAEP_SHA3_224 ALG_SHA3_512;no;		0.017000;0;0;0
SIG_CIPHER_DSA PAD_PKCS1_OAEP_SHA3_256 ALG_NULL;no;		0.018000;0;0;0
SIG_CIPHER_DSA PAD_PKCS1_OAEP_SHA3_256 ALG_SHA;no;		0.019000;0;0;0
SIG_CIPHER_DSA PAD_PKCS1_OAEP_SHA3_256 ALG_MD5;no;		0.019000;0;0;0
SIG_CIPHER_DSA PAD_PKCS1_OAEP_SHA3_256 ALG_RIPEMD160;no;		0.018000;0;0;0
SIG_CIPHER_DSA PAD_PKCS1_OAEP_SHA3_256 ALG_SHA_256;no;		0.017000;0;0;0
SIG_CIPHER_DSA PAD_PKCS1_OAEP_SHA3_256 ALG_SHA_384;no;		0.017000;0;0;0
SIG_CIPHER_DSA PAD_PKCS1_OAEP_SHA3_256 ALG_SHA_512;no;		0.019000;0;0;0
SIG_CIPHER_DSA PAD_PKCS1_OAEP_SHA3_256 ALG_SHA_224;no;		0.018000;0;0;0
SIG_CIPHER_DSA PAD_PKCS1_OAEP_SHA3_256 ALG_SHA3_224;no;		0.019000;0;0;0
SIG_CIPHER_DSA PAD_PKCS1_OAEP_SHA3_256 ALG_SHA3_256;no;		0.019000;0;0;0
SIG_CIPHER_DSA PAD_PKCS1_OAEP_SHA3_256 ALG_SHA3_384;no;		0.019000;0;0;0
SIG_CIPHER_DSA PAD_PKCS1_OAEP_SHA3_256 ALG_SHA3_512;no;		0.019000;0;0;0
SIG_CIPHER_DSA PAD_PKCS1_OAEP_SHA3_384 ALG_NULL;no;		0.017000;0;0;0
SIG_CIPHER_DSA PAD_PKCS1_OAEP_SHA3_384 ALG_SHA;no;		0.018000;0;0;0
SIG_CIPHER_DSA PAD_PKCS1_OAEP_SHA3_384 ALG_MD5;no;		0.019000;0;0;0
SIG_CIPHER_DSA PAD_PKCS1_OAEP_SHA3_384 ALG_RIPEMD160;no;		0.019000;0;0;0
SIG_CIPHER_DSA PAD_PKCS1_OAEP_SHA3_384 ALG_SHA_256;no;		0.018000;0;0;0
SIG_CIPHER_DSA PAD_PKCS1_OAEP_SHA3_384 ALG_SHA_384;no;		0.017000;0;0;0
SIG_CIPHER_DSA PAD_PKCS1_OAEP_SHA3_384 ALG_SHA_512;no;		0.018000;0;0;0
SIG_CIPHER_DSA PAD_PKCS1_OAEP_SHA3_384 ALG_SHA_224;no;		0.018000;0;0;0
SIG_CIPHER_DSA PAD_PKCS1_OAEP_SHA3_384 ALG_SHA3_224;no;		0.017000;0;0;0
SIG_CIPHER_DSA PAD_PKCS1_OAEP_SHA3_384 ALG_SHA3_256;no;		0.019000;0;0;0
SIG_CIPHER_DSA PAD_PKCS1_OAEP_SHA3_384 ALG_SHA3_384;no;		0.018000;0;0;0
SIG_CIPHER_DSA PAD_PKCS1_OAEP_SHA3_384 ALG_SHA3_512;no;		0.018000;0;0;0
SIG_CIPHER_DSA PAD_PKCS1_OAEP_SHA3_512 ALG_NULL;no;		0.018000;0;0;0
SIG_CIPHER_DSA PAD_PKCS1_OAEP_SHA3_512 ALG_SHA;no;		0.017000;0;0;0
SIG_CIPHER_DSA PAD_PKCS1_OAEP_SHA3_512 ALG_MD5;no;		0.017000;0;0;0
SIG_CIPHER_DSA PAD_PKCS1_OAEP_SHA3_512 ALG_RIPEMD160;no;		0.018000;0;0;0
SIG_CIPHER_DSA PAD_PKCS1_OAEP_SHA3_512 ALG_SHA_256;no;		0.017000;0;0;0
SIG_CIPHER_DSA PAD_PKCS1_OAEP_SHA3_512 ALG_SHA_384;no;		0.018000;0;0;0
SIG_CIPHER_DSA PAD_PKCS1_OAEP_SHA3_512 ALG_SHA_512;no;		0.018000;0;0;0
SIG_CIPHER_DSA PAD_PKCS1_OAEP_SHA3_512 ALG_SHA_224;no;		0.018000;0;0;0
SIG_CIPHER_DSA PAD_PKCS1_OAEP_SHA3_512 ALG_SHA3_224;no;		0.017000;0;0;0
SIG_CIPHER_DSA PAD_PKCS1_OAEP_SHA3_512 ALG_SHA3_256;no;		0.017000;0;0;0
SIG_CIPHER_DSA PAD_PKCS1_OAEP_SHA3_512 ALG_SHA3_384;no;		0.018000;0;0;0
SIG_CIPHER_DSA PAD_PKCS1_OAEP_SHA3_512 ALG_SHA3_512;no;		0.018000;0;0;0
SIG_CIPHER_DSA PAD_ISO9796_MR_SCHEME_2 ALG_NULL;no;		0.018000;0;0;0
SIG_CIPHER_DSA PAD_ISO9796_MR_SCHEME_2 ALG_SHA;no;		0.019000;0;0;0
SIG_CIPHER_DSA PAD_ISO9796_MR_SCHEME_2 ALG_MD5;no;		0.019000;0;0;0
SIG_CIPHER_DSA PAD_ISO9796_MR_SCHEME_2 ALG_RIPEMD160;no;		0.018000;0;0;0
SIG_CIPHER_DSA PAD_ISO9796_MR_SCHEME_2 ALG_SHA_256;no;		0.018000;0;0;0
SIG_CIPHER_DSA PAD_ISO9796_MR_SCHEME_2 ALG_SHA_384;no;		0.018000;0;0;0
SIG_CIPHER_DSA PAD_ISO9796_MR_SCHEME_2 ALG_SHA_512;no;		0.017000;0;0;0
SIG_CIPHER_DSA PAD_ISO9796_MR_SCHEME_2 ALG_SHA_224;no;		0.017000;0;0;0
SIG_CIPHER_DSA PAD_ISO9796_MR_SCHEME_2 ALG_SHA3_224;no;		0.017000;0;0;0
SIG_CIPHER_DSA PAD_ISO9796_MR_SCHEME_2 ALG_SHA3_256;no;		0.017000;0;0;0
SIG_CIPHER_DSA PAD_ISO9796_MR_SCHEME_2 ALG_SHA3_384;no;		0.017000;0;0;0
SIG_CIPHER_DSA PAD_ISO9796_MR_SCHEME_2 ALG_SHA3_512;no;		0.018000;0;0;0
SIG_CIPHER_DSA PAD_ISO9796_MR_SCHEME_3 ALG_NULL;no;		0.018000;0;0;0
SIG_CIPHER_DSA PAD_ISO9796_MR_SCHEME_3 ALG_SHA;no;		0.021000;0;0;0
SIG_CIPHER_DSA PAD_ISO9796_MR_SCHEME_3 ALG_MD5;no;		0.018000;0;0;0
SIG_CIPHER_DSA PAD_ISO9796_MR_SCHEME_3 ALG_RIPEMD160;no;		0.018000;0;0;0
SIG_CIPHER_DSA PAD_ISO9796_MR_SCHEME_3 ALG_SHA_256;no;		0.019000;0;0;0
SIG_CIPHER_DSA PAD_ISO9796_MR_SCHEME_3 ALG_SHA_384;no;		0.018000;0;0;0
SIG_CIPHER_DSA PAD_ISO9796_MR_SCHEME_3 ALG_SHA_512;no;		0.018000;0;0;0
SIG_CIPHER_DSA PAD_ISO9796_MR_SCHEME_3 ALG_SHA_224;no;		0.018000;0;0;0
SIG_CIPHER_DSA PAD_ISO9796_MR_SCHEME_3 ALG_SHA3_224;no;		0.018000;0;0;0
SIG_CIPHER_DSA PAD_ISO9796_MR_SCHEME_3 ALG_SHA3_256;no;		0.018000;0;0;0
SIG_CIPHER_DSA PAD_ISO9796_MR_SCHEME_3 ALG_SHA3_384;no;		0.017000;0;0;0
SIG_CIPHER_DSA PAD_ISO9796_MR_SCHEME_3 ALG_SHA3_512;no;		0.017000;0;0;0
SIG_CIPHER_ECDSA PAD_NULL ALG_NULL;no;		0.017000;0;0;0
SIG_CIPHER_ECDSA PAD_NULL ALG_SHA;yes;		0.100000;76;116;116
SIG_CIPHER_ECDSA PAD_NULL ALG_MD5;no;		0.019000;0;0;0
SIG_CIPHER_ECDSA PAD_NULL ALG_RIPEMD160;no;		0.017000;0;0;0
SIG_CIPHER_ECDSA PAD_NULL ALG_SHA_256;yes;		0.101000;76;140;140
SIG_CIPHER_ECDSA PAD_NULL ALG_SHA_384;yes;		0.102000;76;260;260
SIG_CIPHER_ECDSA PAD_NULL ALG_SHA_512;yes;		0.102000;76;276;276
SIG_CIPHER_ECDSA PAD_NULL ALG_SHA_224;yes;		0.105000;76;136;136
SIG_CIPHER_ECDSA PAD_NULL ALG_SHA3_224;no;		0.018000;0;0;0
SIG_CIPHER_ECDSA PAD_NULL ALG_SHA3_256;no;		0.018000;0;0;0
SIG_CIPHER_ECDSA PAD_NULL ALG_SHA3_384;no;		0.017000;0;0;0
SIG_CIPHER_ECDSA PAD_NULL ALG_SHA3_512;no;		0.017000;0;0;0
SIG_CIPHER_ECDSA PAD_NOPAD ALG_NULL;no;		0.018000;0;0;0
SIG_CIPHER_ECDSA PAD_NOPAD ALG_SHA;yes;		0.102000;76;116;116
SIG_CIPHER_ECDSA PAD_NOPAD ALG_MD5;no;		0.017000;0;0;0
SIG_CIPHER_ECDSA PAD_NOPAD ALG_RIPEMD160;no;		0.018000;0;0;0
SIG_CIPHER_ECDSA PAD_NOPAD ALG_SHA_256;yes;		0.102000;76;140;140
SIG_CIPHER_ECDSA PAD_NOPAD ALG_SHA_384;yes;		0.102000;76;260;260
SIG_CIPHER_ECDSA PAD_NOPAD ALG_SHA_512;yes;		0.101000;76;276;276
SIG_CIPHER_ECDSA PAD_NOPAD ALG_SHA_224;yes;		0.101000;76;136;136
SIG_CIPHER_ECDSA PAD_NOPAD ALG_SHA3_224;no;		0.017000;0;0;0
SIG_CIPHER_ECDSA PAD_NOPAD ALG_SHA3_256;no;		0.017000;0;0;0
SIG_CIPHER_ECDSA PAD_NOPAD ALG_SHA3_384;no;		0.018000;0;0;0
SIG_CIPHER_ECDSA PAD_NOPAD ALG_SHA3_512;no;		0.018000;0;0;0
SIG_CIPHER_ECDSA PAD_ISO9797_M1 ALG_NULL;no;		0.018000;0;0;0
SIG_CIPHER_ECDSA PAD_ISO9797_M1 ALG_SHA;no;		0.018000;0;0;0
SIG_CIPHER_ECDSA PAD_ISO9797_M1 ALG_MD5;no;		0.018000;0;0;0
SIG_CIPHER_ECDSA PAD_ISO9797_M1 ALG_RIPEMD160;no;		0.018000;0;0;0
SIG_CIPHER_ECDSA PAD_ISO9797_M1 ALG_SHA_256;no;		0.018000;0;0;0
SIG_CIPHER_ECDSA PAD_ISO9797_M1 ALG_SHA_384;no;		0.018000;0;0;0
SIG_CIPHER_ECDSA PAD_ISO9797_M1 ALG_SHA_512;no;		0.018000;0;0;0
SIG_CIPHER_ECDSA PAD_ISO9797_M1 ALG_SHA_224;no;		0.018000;0;0;0
SIG_CIPHER_ECDSA PAD_ISO9797_M1 ALG_SHA3_224;no;		0.018000;0;0;0
SIG_CIPHER_ECDSA PAD_ISO9797_M1 ALG_SHA3_256;no;		0.017000;0;0;0
SIG_CIPHER_ECDSA PAD_ISO9797_M1 ALG_SHA3_384;no;		0.019000;0;0;0
SIG_CIPHER_ECDSA PAD_ISO9797_M1 ALG_SHA3_512;no;		0.018000;0;0;0
SIG_CIPHER_ECDSA PAD_ISO9797_M2 ALG_NULL;no;		0.018000;0;0;0
SIG_CIPHER_ECDSA PAD_ISO9797_M2 ALG_SHA;no;		0.018000;0;0;0
SIG_CIPHER_ECDSA PAD_ISO9797_M2 ALG_MD5;no;		0.018000;0;0;0
SIG_CIPHER_ECDSA PAD_ISO9797_M2 ALG_RIPEMD160;no;		0.018000;0;0;0
SIG_CIPHER_ECDSA PAD_ISO9797_M2 ALG_SHA_256;no;		0.019000;0;0;0
SIG_CIPHER_ECDSA PAD_ISO9797_M2 ALG_SHA_384;no;		0.018000;0;0;0
SIG_CIPHER_ECDSA PAD_ISO9797_M2 ALG_SHA_512;no;		0.018000;0;0;0
SIG_CIPHER_ECDSA PAD_ISO9797_M2 ALG_SHA_224;no;		0.018000;0;0;0
SIG_CIPHER_ECDSA PAD_ISO9797_M2 ALG_SHA3_224;no;		0.018000;0;0;0
SIG_CIPHER_ECDSA PAD_ISO9797_M2 ALG_SHA3_256;no;		0.018000;0;0;0
SIG_CIPHER_ECDSA PAD_ISO9797_M2 ALG_SHA3_384;no;		0.018000;0;0;0
SIG_CIPHER_ECDSA PAD_ISO9797_M2 ALG_SHA3_512;no;		0.017000;0;0;0
SIG_CIPHER_ECDSA PAD_ISO9797_1_M1_ALG3 ALG_NULL;no;		0.019000;0;0;0
SIG_CIPHER_ECDSA PAD_ISO9797_1_M1_ALG3 ALG_SHA;no;		0.018000;0;0;0
SIG_CIPHER_ECDSA PAD_ISO9797_1_M1_ALG3 ALG_MD5;no;		0.021000;0;0;0
SIG_CIPHER_ECDSA PAD_ISO9797_1_M1_ALG3 ALG_RIPEMD160;no;		0.017000;0;0;0
SIG_CIPHER_ECDSA PAD_ISO9797_1_M1_ALG3 ALG_SHA_256;no;		0.019000;0;0;0
SIG_CIPHER_ECDSA PAD_ISO9797_1_M1_ALG3 ALG_SHA_384;no;		0.018000;0;0;0
SIG_CIPHER_ECDSA PAD_ISO9797_1_M1_ALG3 ALG_SHA_512;no;		0.018000;0;0;0
SIG_CIPHER_ECDSA PAD_ISO9797_1_M1_ALG3 ALG_SHA_224;no;		0.018000;0;0;0
SIG_CIPHER_ECDSA PAD_ISO9797_1_M1_ALG3 ALG_SHA3_224;no;		0.019000;0;0;0
SIG_CIPHER_ECDSA PAD_ISO9797_1_M1_ALG3 ALG_SHA3_256;no;		0.020000;0;0;0
SIG_CIPHER_ECDSA PAD_ISO9797_1_M1_ALG3 ALG_SHA3_384;no;		0.017000;0;0;0
SIG_CIPHER_ECDSA PAD_ISO9797_1_M1_ALG3 ALG_SHA3_512;no;		0.021000;0;0;0
SIG_CIPHER_ECDSA PAD_ISO9797_1_M2_ALG3 ALG_NULL;no;		0.017000;0;0;0
SIG_CIPHER_ECDSA PAD_ISO9797_1_M2_ALG3 ALG_SHA;no;		0.017000;0;0;0
SIG_CIPHER_ECDSA PAD_ISO9797_1_M2_ALG3 ALG_MD5;no;		0.017000;0;0;0
SIG_CIPHER_ECDSA PAD_ISO9797_1_M2_ALG3 ALG_RIPEMD160;no;		0.018000;0;0;0
SIG_CIPHER_ECDSA PAD_ISO9797_1_M2_ALG3 ALG_SHA_256;no;		0.017000;0;0;0
SIG_CIPHER_ECDSA PAD_ISO9797_1_M2_ALG3 ALG_SHA_384;no;		0.018000;0;0;0
SIG_CIPHER_ECDSA PAD_ISO9797_1_M2_ALG3 ALG_SHA_512;no;		0.017000;0;0;0
SIG_CIPHER_ECDSA PAD_ISO9797_1_M2_ALG3 ALG_SHA_224;no;		0.017000;0;0;0
SIG_CIPHER_ECDSA PAD_ISO9797_1_M2_ALG3 ALG_SHA3_224;no;		0.017000;0;0;0
SIG_CIPHER_ECDSA PAD_ISO9797_1_M2_ALG3 ALG_SHA3_256;no;		0.018000;0;0;0
SIG_CIPHER_ECDSA PAD_ISO9797_1_M2_ALG3 ALG_SHA3_384;no;		0.017000;0;0;0
SIG_CIPHER_ECDSA PAD_ISO9797_1_M2_ALG3 ALG_SHA3_512;no;		0.017000;0;0;0
SIG_CIPHER_ECDSA PAD_PKCS5 ALG_NULL;no;		0.017000;0;0;0
SIG_CIPHER_ECDSA PAD_PKCS5 ALG_SHA;no;		0.017000;0;0;0
SIG_CIPHER_ECDSA PAD_PKCS5 ALG_MD5;no;		0.018000;0;0;0
SIG_CIPHER_ECDSA PAD_PKCS5 ALG_RIPEMD160;no;		0.017000;0;0;0
SIG_CIPHER_ECDSA PAD_PKCS5 ALG_SHA_256;no;		0.017000;0;0;0
SIG_CIPHER_ECDSA PAD_PKCS5 ALG_SHA_384;no;		0.017000;0;0;0
SIG_CIPHER_ECDSA PAD_PKCS5 ALG_SHA_512;no;		0.017000;0;0;0
SIG_CIPHER_ECDSA PAD_PKCS5 ALG_SHA_224;no;		0.017000;0;0;0
SIG_CIPHER_ECDSA PAD_PKCS5 ALG_SHA3_224;no;		0.017000;0;0;0
SIG_CIPHER_ECDSA PAD_PKCS5 ALG_SHA3_256;no;		0.018000;0;0;0
SIG_CIPHER_ECDSA PAD_PKCS5 ALG_SHA3_384;no;		0.018000;0;0;0
SIG_CIPHER_ECDSA PAD_PKCS5 ALG_SHA3_512;no;		0.019000;0;0;0
SIG_CIPHER_ECDSA PAD_PKCS1 ALG_NULL;no;		0.018000;0;0;0
SIG_CIPHER_ECDSA PAD_PKCS1 ALG_SHA;no;		0.019000;0;0;0
SIG_CIPHER_ECDSA PAD_PKCS1 ALG_MD5;no;		0.020000;0;0;0
SIG_CIPHER_ECDSA PAD_PKCS1 ALG_RIPEMD160;no;		0.018000;0;0;0
SIG_CIPHER_ECDSA PAD_PKCS1 ALG_SHA_256;no;		0.019000;0;0;0
SIG_CIPHER_ECDSA PAD_PKCS1 ALG_SHA_384;no;		0.019000;0;0;0
SIG_CIPHER_ECDSA PAD_PKCS1 ALG_SHA_512;no;		0.019000;0;0;0
SIG_CIPHER_ECDSA PAD_PKCS1 ALG_SHA_224;no;		0.018000;0;0;0
SIG_CIPHER_ECDSA PAD_PKCS1 ALG_SHA3_224;no;		0.019000;0;0;0
SIG_CIPHER_ECDSA PAD_PKCS1 ALG_SHA3_256;no;		0.018000;0;0;0
SIG_CIPHER_ECDSA PAD_PKCS1 ALG_SHA3_384;no;		0.017000;0;0;0
SIG_CIPHER_ECDSA PAD_PKCS1 ALG_SHA3_512;no;		0.018000;0;0;0
SIG_CIPHER_ECDSA PAD_PKCS1_PSS ALG_NULL;no;		0.017000;0;0;0
SIG_CIPHER_ECDSA PAD_PKCS1_PSS ALG_SHA;no;		0.018000;0;0;0
SIG_CIPHER_ECDSA PAD_PKCS1_PSS ALG_MD5;no;		0.017000;0;0;0
SIG_CIPHER_ECDSA PAD_PKCS1_PSS ALG_RIPEMD160;no;		0.018000;0;0;0
SIG_CIPHER_ECDSA PAD_PKCS1_PSS ALG_SHA_256;no;		0.017000;0;0;0
SIG_CIPHER_ECDSA PAD_PKCS1_PSS ALG_SHA_384;no;		0.018000;0;0;0
SIG_CIPHER_ECDSA PAD_PKCS1_PSS ALG_SHA_512;no;		0.017000;0;0;0
SIG_CIPHER_ECDSA PAD_PKCS1_PSS ALG_SHA_224;no;		0.017000;0;0;0
SIG_CIPHER_ECDSA PAD_PKCS1_PSS ALG_SHA3_224;no;		0.017000;0;0;0
SIG_CIPHER_ECDSA PAD_PKCS1_PSS ALG_SHA3_256;no;		0.018000;0;0;0
SIG_CIPHER_ECDSA PAD_PKCS1_PSS ALG_SHA3_384;no;		0.017000;0;0;0
SIG_CIPHER_ECDSA PAD_PKCS1_PSS ALG_SHA3_512;no;		0.018000;0;0;0
SIG_CIPHER_ECDSA PAD_PKCS1_OAEP ALG_NULL;no;		0.017000;0;0;0
SIG_CIPHER_ECDSA PAD_PKCS1_OAEP ALG_SHA;no;		0.017000;0;0;0
SIG_CIPHER_ECDSA PAD_PKCS1_OAEP ALG_MD5;no;		0.018000;0;0;0
SIG_CIPHER_ECDSA PAD_PKCS1_OAEP ALG_RIPEMD160;no;		0.018000;0;0;0
SIG_CIPHER_ECDSA PAD_PKCS1_OAEP ALG_SHA_256;no;		0.018000;0;0;0
SIG_CIPHER_ECDSA PAD_PKCS1_OAEP ALG_SHA_384;no;		0.018000;0;0;0
SIG_CIPHER_ECDSA PAD_PKCS1_OAEP ALG_SHA_512;no;		0.018000;0;0;0
SIG_CIPHER_ECDSA PAD_PKCS1_OAEP ALG_SHA_224;no;		0.018000;0;0;0
SIG_CIPHER_ECDSA PAD_PKCS1_OAEP ALG_SHA3_224;no;		0.019000;0;0;0
SIG_CIPHER_ECDSA PAD_PKCS1_OAEP ALG_SHA3_256;no;		0.018000;0;0;0
SIG_CIPHER_ECDSA PAD_PKCS1_OAEP ALG_SHA3_384;no;		0.018000;0;0;0
SIG_CIPHER_ECDSA PAD_PKCS1_OAEP ALG_SHA3_512;no;		0.017000;0;0;0
SIG_CIPHER_ECDSA PAD_ISO9796 ALG_NULL;no;		0.018000;0;0;0
SIG_CIPHER_ECDSA PAD_ISO9796 ALG_SHA;no;		0.018000;0;0;0
SIG_CIPHER_ECDSA PAD_ISO9796 ALG_MD5;no;		0.018000;0;0;0
SIG_CIPHER_ECDSA PAD_ISO9796 ALG_RIPEMD160;no;		0.019000;0;0;0
SIG_CIPHER_ECDSA PAD_ISO9796 ALG_SHA_256;no;		0.018000;0;0;0
SIG_CIPHER_ECDSA PAD_ISO9796 ALG_SHA_384;no;		0.018000;0;0;0
SIG_CIPHER_ECDSA PAD_ISO9796 ALG_SHA_512;no;		0.019000;0;0;0
SIG_CIPHER_ECDSA PAD_ISO9796 ALG_SHA_224;no;		0.018000;0;0;0
SIG_CIPHER_ECDSA PAD_ISO9796 ALG_SHA3_224;no;		0.018000;0;0;0
SIG_CIPHER_ECDSA PAD_ISO9796 ALG_SHA3_256;no;		0.018000;0;0;0
SIG_CIPHER_ECDSA PAD_ISO9796 ALG_SHA3_384;no;		0.018000;0;0;0
SIG_CIPHER_ECDSA PAD_ISO9796 ALG_SHA3_512;no;		0.018000;0;0;0
SIG_CIPHER_ECDSA PAD_ISO9796_MR ALG_NULL;no;		0.018000;0;0;0
SIG_CIPHER_ECDSA PAD_ISO9796_MR ALG_SHA;no;		0.018000;0;0;0
SIG_CIPHER_ECDSA PAD_ISO9796_MR ALG_MD5;no;		0.018000;0;0;0
SIG_CIPHER_ECDSA PAD_ISO9796_MR ALG_RIPEMD160;no;		0.017000;0;0;0
SIG_CIPHER_ECDSA PAD_ISO9796_MR ALG_SHA_256;no;		0.017000;0;0;0
SIG_CIPHER_ECDSA PAD_ISO9796_MR ALG_SHA_384;no;		0.017000;0;0;0
SIG_CIPHER_ECDSA PAD_ISO9796_MR ALG_SHA_512;no;		0.017000;0;0;0
SIG_CIPHER_ECDSA PAD_ISO9796_MR ALG_SHA_224;no;		0.018000;0;0;0
SIG_CIPHER_ECDSA PAD_ISO9796_MR ALG_SHA3_224;no;		0.018000;0;0;0
SIG_CIPHER_ECDSA PAD_ISO9796_MR ALG_SHA3_256;no;		0.018000;0;0;0
SIG_CIPHER_ECDSA PAD_ISO9796_MR ALG_SHA3_384;no;		0.018000;0;0;0
SIG_CIPHER_ECDSA PAD_ISO9796_MR ALG_SHA3_512;no;		0.019000;0;0;0
SIG_CIPHER_ECDSA PAD_RFC2409 ALG_NULL;no;		0.018000;0;0;0
SIG_CIPHER_ECDSA PAD_RFC2409 ALG_SHA;no;		0.018000;0;0;0
SIG_CIPHER_ECDSA PAD_RFC2409 ALG_MD5;no;		0.018000;0;0;0
SIG_CIPHER_ECDSA PAD_RFC2409 ALG_RIPEMD160;no;		0.018000;0;0;0
SIG_CIPHER_ECDSA PAD_RFC2409 ALG_SHA_256;no;		0.017000;0;0;0
SIG_CIPHER_ECDSA PAD_RFC2409 ALG_SHA_384;no;		0.018000;0;0;0
SIG_CIPHER_ECDSA PAD_RFC2409 ALG_SHA_512;no;		0.018000;0;0;0
SIG_CIPHER_ECDSA PAD_RFC2409 ALG_SHA_224;no;		0.018000;0;0;0
SIG_CIPHER_ECDSA PAD_RFC2409 ALG_SHA3_224;no;		0.019000;0;0;0
SIG_CIPHER_ECDSA PAD_RFC2409 ALG_SHA3_256;no;		0.018000;0;0;0
SIG_CIPHER_ECDSA PAD_RFC2409 ALG_SHA3_384;no;		0.018000;0;0;0
SIG_CIPHER_ECDSA PAD_RFC2409 ALG_SHA3_512;no;		0.018000;0;0;0
SIG_CIPHER_ECDSA PAD_PKCS1_OAEP_SHA224 ALG_NULL;no;		0.018000;0;0;0
SIG_CIPHER_ECDSA PAD_PKCS1_OAEP_SHA224 ALG_SHA;no;		0.018000;0;0;0
SIG_CIPHER_ECDSA PAD_PKCS1_OAEP_SHA224 ALG_MD5;no;		0.018000;0;0;0
SIG_CIPHER_ECDSA PAD_PKCS1_OAEP_SHA224 ALG_RIPEMD160;no;		0.019000;0;0;0
SIG_CIPHER_ECDSA PAD_PKCS1_OAEP_SHA224 ALG_SHA_256;no;		0.018000;0;0;0
SIG_CIPHER_ECDSA PAD_PKCS1_OAEP_SHA224 ALG_SHA_384;no;		0.018000;0;0;0
SIG_CIPHER_ECDSA PAD_PKCS1_OAEP_SHA224 ALG_SHA_512;no;		0.019000;0;0;0
SIG_CIPHER_ECDSA PAD_PKCS1_OAEP_SHA224 ALG_SHA_224;no;		0.018000;0;0;0
SIG_CIPHER_ECDSA PAD_PKCS1_OAEP_SHA224 ALG_SHA3_224;no;		0.018000;0;0;0
SIG_CIPHER_ECDSA PAD_PKCS1_OAEP_SHA224 ALG_SHA3_256;no;		0.018000;0;0;0
SIG_CIPHER_ECDSA PAD_PKCS1_OAEP_SHA224 ALG_SHA3_384;no;		0.018000;0;0;0
SIG_CIPHER_ECDSA PAD_PKCS1_OAEP_SHA224 ALG_SHA3_512;no;		0.018000;0;0;0
SIG_CIPHER_ECDSA PAD_PKCS1_OAEP_SHA256 ALG_NULL;no;		0.018000;0;0;0
SIG_CIPHER_ECDSA PAD_PKCS1_OAEP_SHA256 ALG_SHA;no;		0.018000;0;0;0
SIG_CIPHER_ECDSA PAD_PKCS1_OAEP_SHA256 ALG_MD5;no;		0.018000;0;0;0
SIG_CIPHER_ECDSA PAD_PKCS1_OAEP_SHA256 ALG_RIPEMD160;no;		0.018000;0;0;0
SIG_CIPHER_ECDSA PAD_PKCS1_OAEP_SHA256 ALG_SHA_256;no;		0.019000;0;0;0
SIG_CIPHER_ECDSA PAD_PKCS1_OAEP_SHA256 ALG_SHA_384;no;		0.020000;0;0;0
SIG_CIPHER_ECDSA PAD_PKCS1_OAEP_SHA256 ALG_SHA_512;no;		0.018000;0;0;0
SIG_CIPHER_ECDSA PAD_PKCS1_OAEP_SHA256 ALG_SHA_224;no;		0.018000;0;0;0
SIG_CIPHER_ECDSA PAD_PKCS1_OAEP_SHA256 ALG_SHA3_224;no;		0.020000;0;0;0
SIG_CIPHER_ECDSA PAD_PKCS1_OAEP_SHA256 ALG_SHA3_256;no;		0.019000;0;0;0
SIG_CIPHER_ECDSA PAD_PKCS1_OAEP_SHA256 ALG_SHA3_384;no;		0.019000;0;0;0
SIG_CIPHER_ECDSA PAD_PKCS1_OAEP_SHA256 ALG_SHA3_512;no;		0.018000;0;0;0
SIG_CIPHER_ECDSA PAD_PKCS1_OAEP_SHA384 ALG_NULL;no;		0.018000;0;0;0
SIG_CIPHER_ECDSA PAD_PKCS1_OAEP_SHA384 ALG_SHA;no;		0.020000;0;0;0
SIG_CIPHER_ECDSA PAD_PKCS1_OAEP_SHA384 ALG_MD5;no;		0.018000;0;0;0
SIG_CIPHER_ECDSA PAD_PKCS1_OAEP_SHA384 ALG_RIPEMD160;no;		0.018000;0;0;0
SIG_CIPHER_ECDSA PAD_PKCS1_OAEP_SHA384 ALG_SHA_256;no;		0.019000;0;0;0
SIG_CIPHER_ECDSA PAD_PKCS1_OAEP_SHA384 ALG_SHA_384;no;		0.019000;0;0;0
SIG_CIPHER_ECDSA PAD_PKCS1_OAEP_SHA384 ALG_SHA_512;no;		0.018000;0;0;0
SIG_CIPHER_ECDSA PAD_PKCS1_OAEP_SHA384 ALG_SHA_224;no;		0.018000;0;0;0
SIG_CIPHER_ECDSA PAD_PKCS1_OAEP_SHA384 ALG_SHA3_224;no;		0.018000;0;0;0
SIG_CIPHER_ECDSA PAD_PKCS1_OAEP_SHA384 ALG_SHA3_256;no;		0.019000;0;0;0
SIG_CIPHER_ECDSA PAD_PKCS1_OAEP_SHA384 ALG_SHA3_384;no;		0.019000;0;0;0
SIG_CIPHER_ECDSA PAD_PKCS1_OAEP_SHA384 ALG_SHA3_512;no;		0.019000;0;0;0
SIG_CIPHER_ECDSA PAD_PKCS1_OAEP_SHA512 ALG_NULL;no;		0.019000;0;0;0
SIG_CIPHER_ECDSA PAD_PKCS1_OAEP_SHA512 ALG_SHA;no;		0.018000;0;0;0
SIG_CIPHER_ECDSA PAD_PKCS1_OAEP_SHA512 ALG_MD5;no;		0.019000;0;0;0
SIG_CIPHER_ECDSA PAD_PKCS1_OAEP_SHA512 ALG_RIPEMD160;no;		0.017000;0;0;0
SIG_CIPHER_ECDSA PAD_PKCS1_OAEP_SHA512 ALG_SHA_256;no;		0.018000;0;0;0
SIG_CIPHER_ECDSA PAD_PKCS1_OAEP_SHA512 ALG_SHA_384;no;		0.018000;0;0;0
SIG_CIPHER_ECDSA PAD_PKCS1_OAEP_SHA512 ALG_SHA_512;no;		0.018000;0;0;0
SIG_CIPHER_ECDSA PAD_PKCS1_OAEP_SHA512 ALG_SHA_224;no;		0.017000;0;0;0
SIG_CIPHER_ECDSA PAD_PKCS1_OAEP_SHA512 ALG_SHA3_224;no;		0.017000;0;0;0
SIG_CIPHER_ECDSA PAD_PKCS1_OAEP_SHA512 ALG_SHA3_256;no;		0.018000;0;0;0
SIG_CIPHER_ECDSA PAD_PKCS1_OAEP_SHA512 ALG_SHA3_384;no;		0.018000;0;0;0
SIG_CIPHER_ECDSA PAD_PKCS1_OAEP_SHA512 ALG_SHA3_512;no;		0.019000;0;0;0
SIG_CIPHER_ECDSA PAD_PKCS1_OAEP_SHA3_224 ALG_NULL;no;		0.018000;0;0;0
SIG_CIPHER_ECDSA PAD_PKCS1_OAEP_SHA3_224 ALG_SHA;no;		0.018000;0;0;0
SIG_CIPHER_ECDSA PAD_PKCS1_OAEP_SHA3_224 ALG_MD5;no;		0.018000;0;0;0
SIG_CIPHER_ECDSA PAD_PKCS1_OAEP_SHA3_224 ALG_RIPEMD160;no;		0.018000;0;0;0
SIG_CIPHER_ECDSA PAD_PKCS1_OAEP_SHA3_224 ALG_SHA_256;no;		0.018000;0;0;0
SIG_CIPHER_ECDSA PAD_PKCS1_OAEP_SHA3_224 ALG_SHA_384;no;		0.018000;0;0;0
SIG_CIPHER_ECDSA PAD_PKCS1_OAEP_SHA3_224 ALG_SHA_512;no;		0.018000;0;0;0
SIG_CIPHER_ECDSA PAD_PKCS1_OAEP_SHA3_224 ALG_SHA_224;no;		0.018000;0;0;0
SIG_CIPHER_ECDSA PAD_PKCS1_OAEP_SHA3_224 ALG_SHA3_224;no;		0.018000;0;0;0
SIG_CIPHER_ECDSA PAD_PKCS1_OAEP_SHA3_224 ALG_SHA3_256;no;		0.018000;0;0;0
SIG_CIPHER_ECDSA PAD_PKCS1_OAEP_SHA3_224 ALG_SHA3_384;no;		0.018000;0;0;0
SIG_CIPHER_ECDSA PAD_PKCS1_OAEP_SHA3_224 ALG_SHA3_512;no;		0.018000;0;0;0
SIG_CIPHER_ECDSA PAD_PKCS1_OAEP_SHA3_256 ALG_NULL;no;		0.019000;0;0;0
SIG_CIPHER_ECDSA PAD_PKCS1_OAEP_SHA3_256 ALG_SHA;no;		0.018000;0;0;0
SIG_CIPHER_ECDSA PAD_PKCS1_OAEP_SHA3_256 ALG_MD5;no;		0.018000;0;0;0
SIG_CIPHER_ECDSA PAD_PKCS1_OAEP_SHA3_256 ALG_RIPEMD160;no;		0.017000;0;0;0
SIG_CIPHER_ECDSA PAD_PKCS1_OAEP_SHA3_256 ALG_SHA_256;no;		0.018000;0;0;0
SIG_CIPHER_ECDSA PAD_PKCS1_OAEP_SHA3_256 ALG_SHA_384;no;		0.018000;0;0;0
SIG_CIPHER_ECDSA PAD_PKCS1_OAEP_SHA3_256 ALG_SHA_512;no;		0.018000;0;0;0
SIG_CIPHER_ECDSA PAD_PKCS1_OAEP_SHA3_256 ALG_SHA_224;no;		0.017000;0;0;0
SIG_CIPHER_ECDSA PAD_PKCS1_OAEP_SHA3_256 ALG_SHA3_224;no;		0.019000;0;0;0
SIG_CIPHER_ECDSA PAD_PKCS1_OAEP_SHA3_256 ALG_SHA3_256;no;		0.018000;0;0;0
SIG_CIPHER_ECDSA PAD_PKCS1_OAEP_SHA3_256 ALG_SHA3_384;no;		0.018000;0;0;0
SIG_CIPHER_ECDSA PAD_PKCS1_OAEP_SHA3_256 ALG_SHA3_512;no;		0.019000;0;0;0
SIG_CIPHER_ECDSA PAD_PKCS1_OAEP_SHA3_384 ALG_NULL;no;		0.018000;0;0;0
SIG_CIPHER_ECDSA PAD_PKCS1_OAEP_SHA3_384 ALG_SHA;no;		0.018000;0;0;0
SIG_CIPHER_ECDSA PAD_PKCS1_OAEP_SHA3_384 ALG_MD5;no;		0.018000;0;0;0
SIG_CIPHER_ECDSA PAD_PKCS1_OAEP_SHA3_384 ALG_RIPEMD160;no;		0.018000;0;0;0
SIG_CIPHER_ECDSA PAD_PKCS1_OAEP_SHA3_384 ALG_SHA_256;no;		0.019000;0;0;0
SIG_CIPHER_ECDSA PAD_PKCS1_OAEP_SHA3_384 ALG_SHA_384;no;		0.019000;0;0;0
SIG_CIPHER_ECDSA PAD_PKCS1_OAEP_SHA3_384 ALG_SHA_512;no;		0.018000;0;0;0
SIG_CIPHER_ECDSA PAD_PKCS1_OAEP_SHA3_384 ALG_SHA_224;no;		0.018000;0;0;0
SIG_CIPHER_ECDSA PAD_PKCS1_OAEP_SHA3_384 ALG_SHA3_224;no;		0.018000;0;0;0
SIG_CIPHER_ECDSA PAD_PKCS1_OAEP_SHA3_384 ALG_SHA3_256;no;		0.018000;0;0;0
SIG_CIPHER_ECDSA PAD_PKCS1_OAEP_SHA3_384 ALG_SHA3_384;no;		0.018000;0;0;0
SIG_CIPHER_ECDSA PAD_PKCS1_OAEP_SHA3_384 ALG_SHA3_512;no;		0.018000;0;0;0
SIG_CIPHER_ECDSA PAD_PKCS1_OAEP_SHA3_512 ALG_NULL;no;		0.018000;0;0;0
SIG_CIPHER_ECDSA PAD_PKCS1_OAEP_SHA3_512 ALG_SHA;no;		0.018000;0;0;0
SIG_CIPHER_ECDSA PAD_PKCS1_OAEP_SHA3_512 ALG_MD5;no;		0.019000;0;0;0
SIG_CIPHER_ECDSA PAD_PKCS1_OAEP_SHA3_512 ALG_RIPEMD160;no;		0.019000;0;0;0
SIG_CIPHER_ECDSA PAD_PKCS1_OAEP_SHA3_512 ALG_SHA_256;no;		0.018000;0;0;0
SIG_CIPHER_ECDSA PAD_PKCS1_OAEP_SHA3_512 ALG_SHA_384;no;		0.018000;0;0;0
SIG_CIPHER_ECDSA PAD_PKCS1_OAEP_SHA3_512 ALG_SHA_512;no;		0.018000;0;0;0
SIG_CIPHER_ECDSA PAD_PKCS1_OAEP_SHA3_512 ALG_SHA_224;no;		0.019000;0;0;0
SIG_CIPHER_ECDSA PAD_PKCS1_OAEP_SHA3_512 ALG_SHA3_224;no;		0.018000;0;0;0
SIG_CIPHER_ECDSA PAD_PKCS1_OAEP_SHA3_512 ALG_SHA3_256;no;		0.018000;0;0;0
SIG_CIPHER_ECDSA PAD_PKCS1_OAEP_SHA3_512 ALG_SHA3_384;no;		0.019000;0;0;0
SIG_CIPHER_ECDSA PAD_PKCS1_OAEP_SHA3_512 ALG_SHA3_512;no;		0.018000;0;0;0
SIG_CIPHER_ECDSA PAD_ISO9796_MR_SCHEME_2 ALG_NULL;no;		0.018000;0;0;0
SIG_CIPHER_ECDSA PAD_ISO9796_MR_SCHEME_2 ALG_SHA;no;		0.021000;0;0;0
SIG_CIPHER_ECDSA PAD_ISO9796_MR_SCHEME_2 ALG_MD5;no;		0.019000;0;0;0
SIG_CIPHER_ECDSA PAD_ISO9796_MR_SCHEME_2 ALG_RIPEMD160;no;		0.019000;0;0;0
SIG_CIPHER_ECDSA PAD_ISO9796_MR_SCHEME_2 ALG_SHA_256;no;		0.019000;0;0;0
SIG_CIPHER_ECDSA PAD_ISO9796_MR_SCHEME_2 ALG_SHA_384;no;		0.018000;0;0;0
SIG_CIPHER_ECDSA PAD_ISO9796_MR_SCHEME_2 ALG_SHA_512;no;		0.018000;0;0;0
SIG_CIPHER_ECDSA PAD_ISO9796_MR_SCHEME_2 ALG_SHA_224;no;		0.018000;0;0;0
SIG_CIPHER_ECDSA PAD_ISO9796_MR_SCHEME_2 ALG_SHA3_224;no;		0.019000;0;0;0
SIG_CIPHER_ECDSA PAD_ISO9796_MR_SCHEME_2 ALG_SHA3_256;no;		0.018000;0;0;0
SIG_CIPHER_ECDSA PAD_ISO9796_MR_SCHEME_2 ALG_SHA3_384;no;		0.018000;0;0;0
SIG_CIPHER_ECDSA PAD_ISO9796_MR_SCHEME_2 ALG_SHA3_512;no;		0.018000;0;0;0
SIG_CIPHER_ECDSA PAD_ISO9796_MR_SCHEME_3 ALG_NULL;no;		0.018000;0;0;0
SIG_CIPHER_ECDSA PAD_ISO9796_MR_SCHEME_3 ALG_SHA;no;		0.018000;0;0;0
SIG_CIPHER_ECDSA PAD_ISO9796_MR_SCHEME_3 ALG_MD5;no;		0.018000;0;0;0
SIG_CIPHER_ECDSA PAD_ISO9796_MR_SCHEME_3 ALG_RIPEMD160;no;		0.017000;0;0;0
SIG_CIPHER_ECDSA PAD_ISO9796_MR_SCHEME_3 ALG_SHA_256;no;		0.019000;0;0;0
SIG_CIPHER_ECDSA PAD_ISO9796_MR_SCHEME_3 ALG_SHA_384;no;		0.018000;0;0;0
SIG_CIPHER_ECDSA PAD_ISO9796_MR_SCHEME_3 ALG_SHA_512;no;		0.018000;0;0;0
SIG_CIPHER_ECDSA PAD_ISO9796_MR_SCHEME_3 ALG_SHA_224;no;		0.019000;0;0;0
SIG_CIPHER_ECDSA PAD_ISO9796_MR_SCHEME_3 ALG_SHA3_224;no;		0.021000;0;0;0
SIG_CIPHER_ECDSA PAD_ISO9796_MR_SCHEME_3 ALG_SHA3_256;no;		0.018000;0;0;0
SIG_CIPHER_ECDSA PAD_ISO9796_MR_SCHEME_3 ALG_SHA3_384;no;		0.018000;0;0;0
SIG_CIPHER_ECDSA PAD_ISO9796_MR_SCHEME_3 ALG_SHA3_512;no;		0.018000;0;0;0
SIG_CIPHER_AES_MAC128 PAD_NULL ALG_NULL;no;		0.019000;0;0;0
SIG_CIPHER_AES_MAC128 PAD_NULL ALG_SHA;no;		0.018000;0;0;0
SIG_CIPHER_AES_MAC128 PAD_NULL ALG_MD5;no;		0.018000;0;0;0
SIG_CIPHER_AES_MAC128 PAD_NULL ALG_RIPEMD160;no;		0.018000;0;0;0
SIG_CIPHER_AES_MAC128 PAD_NULL ALG_SHA_256;no;		0.018000;0;0;0
SIG_CIPHER_AES_MAC128 PAD_NULL ALG_SHA_384;no;		0.017000;0;0;0
SIG_CIPHER_AES_MAC128 PAD_NULL ALG_SHA_512;no;		0.017000;0;0;0
SIG_CIPHER_AES_MAC128 PAD_NULL ALG_SHA_224;no;		0.018000;0;0;0
SIG_CIPHER_AES_MAC128 PAD_NULL ALG_SHA3_224;no;		0.019000;0;0;0
SIG_CIPHER_AES_MAC128 PAD_NULL ALG_SHA3_256;no;		0.017000;0;0;0
SIG_CIPHER_AES_MAC128 PAD_NULL ALG_SHA3_384;no;		0.018000;0;0;0
SIG_CIPHER_AES_MAC128 PAD_NULL ALG_SHA3_512;no;		0.018000;0;0;0
SIG_CIPHER_AES_MAC128 PAD_NOPAD ALG_NULL;yes;		0.053000;32;36;36
SIG_CIPHER_AES_MAC128 PAD_NOPAD ALG_SHA;no;		0.018000;0;0;0
SIG_CIPHER_AES_MAC128 PAD_NOPAD ALG_MD5;no;		0.018000;0;0;0
SIG_CIPHER_AES_MAC128 PAD_NOPAD ALG_RIPEMD160;no;		0.019000;0;0;0
SIG_CIPHER_AES_MAC128 PAD_NOPAD ALG_SHA_256;no;		0.019000;0;0;0
SIG_CIPHER_AES_MAC128 PAD_NOPAD ALG_SHA_384;no;		0.017000;0;0;0
SIG_CIPHER_AES_MAC128 PAD_NOPAD ALG_SHA_512;no;		0.018000;0;0;0
SIG_CIPHER_AES_MAC128 PAD_NOPAD ALG_SHA_224;no;		0.017000;0;0;0
SIG_CIPHER_AES_MAC128 PAD_NOPAD ALG_SHA3_224;no;		0.018000;0;0;0
SIG_CIPHER_AES_MAC128 PAD_NOPAD ALG_SHA3_256;no;		0.017000;0;0;0
SIG_CIPHER_AES_MAC128 PAD_NOPAD ALG_SHA3_384;no;		0.019000;0;0;0
SIG_CIPHER_AES_MAC128 PAD_NOPAD ALG_SHA3_512;no;		0.019000;0;0;0
SIG_CIPHER_AES_MAC128 PAD_ISO9797_M1 ALG_NULL;no;		0.018000;0;0;0
SIG_CIPHER_AES_MAC128 PAD_ISO9797_M1 ALG_SHA;no;		0.018000;0;0;0
SIG_CIPHER_AES_MAC128 PAD_ISO9797_M1 ALG_MD5;no;		0.019000;0;0;0
SIG_CIPHER_AES_MAC128 PAD_ISO9797_M1 ALG_RIPEMD160;no;		0.018000;0;0;0
SIG_CIPHER_AES_MAC128 PAD_ISO9797_M1 ALG_SHA_256;no;		0.018000;0;0;0
SIG_CIPHER_AES_MAC128 PAD_ISO9797_M1 ALG_SHA_384;no;		0.018000;0;0;0
SIG_CIPHER_AES_MAC128 PAD_ISO9797_M1 ALG_SHA_512;no;		0.019000;0;0;0
SIG_CIPHER_AES_MAC128 PAD_ISO9797_M1 ALG_SHA_224;no;		0.018000;0;0;0
SIG_CIPHER_AES_MAC128 PAD_ISO9797_M1 ALG_SHA3_224;no;		0.018000;0;0;0
SIG_CIPHER_AES_MAC128 PAD_ISO9797_M1 ALG_SHA3_256;no;		0.018000;0;0;0
SIG_CIPHER_AES_MAC128 PAD_ISO9797_M1 ALG_SHA3_384;no;		0.018000;0;0;0
SIG_CIPHER_AES_MAC128 PAD_ISO9797_M1 ALG_SHA3_512;no;		0.018000;0;0;0
SIG_CIPHER_AES_MAC128 PAD_ISO9797_M2 ALG_NULL;no;		0.019000;0;0;0
SIG_CIPHER_AES_MAC128 PAD_ISO9797_M2 ALG_SHA;no;		0.018000;0;0;0
SIG_CIPHER_AES_MAC128 PAD_ISO9797_M2 ALG_MD5;no;		0.018000;0;0;0
SIG_CIPHER_AES_MAC128 PAD_ISO9797_M2 ALG_RIPEMD160;no;		0.018000;0;0;0
SIG_CIPHER_AES_MAC128 PAD_ISO9797_M2 ALG_SHA_256;no;		0.018000;0;0;0
SIG_CIPHER_AES_MAC128 PAD_ISO9797_M2 ALG_SHA_384;no;		0.018000;0;0;0
SIG_CIPHER_AES_MAC128 PAD_ISO9797_M2 ALG_SHA_512;no;		0.018000;0;0;0
SIG_CIPHER_AES_MAC128 PAD_ISO9797_M2 ALG_SHA_224;no;		0.018000;0;0;0
SIG_CIPHER_AES_MAC128 PAD_ISO9797_M2 ALG_SHA3_224;no;		0.018000;0;0;0
SIG_CIPHER_AES_MAC128 PAD_ISO9797_M2 ALG_SHA3_256;no;		0.018000;0;0;0
SIG_CIPHER_AES_MAC128 PAD_ISO9797_M2 ALG_SHA3_384;no;		0.019000;0;0;0
SIG_CIPHER_AES_MAC128 PAD_ISO9797_M2 ALG_SHA3_512;no;		0.017000;0;0;0
SIG_CIPHER_AES_MAC128 PAD_ISO9797_1_M1_ALG3 ALG_NULL;no;		0.018000;0;0;0
SIG_CIPHER_AES_MAC128 PAD_ISO9797_1_M1_ALG3 ALG_SHA;no;		0.019000;0;0;0
SIG_CIPHER_AES_MAC128 PAD_ISO9797_1_M1_ALG3 ALG_MD5;no;		0.018000;0;0;0
SIG_CIPHER_AES_MAC128 PAD_ISO9797_1_M1_ALG3 ALG_RIPEMD160;no;		0.019000;0;0;0
SIG_CIPHER_AES_MAC128 PAD_ISO9797_1_M1_ALG3 ALG_SHA_256;no;		0.018000;0;0;0
SIG_CIPHER_AES_MAC128 PAD_ISO9797_1_M1_ALG3 ALG_SHA_384;no;		0.018000;0;0;0
SIG_CIPHER_AES_MAC128 PAD_ISO9797_1_M1_ALG3 ALG_SHA_512;no;		0.017000;0;0;0
SIG_CIPHER_AES_MAC128 PAD_ISO9797_1_M1_ALG3 ALG_SHA_224;no;		0.017000;0;0;0
SIG_CIPHER_AES_MAC128 PAD_ISO9797_1_M1_ALG3 ALG_SHA3_224;no;		0.017000;0;0;0
SIG_CIPHER_AES_MAC128 PAD_ISO9797_1_M1_ALG3 ALG_SHA3_256;no;		0.018000;0;0;0
SIG_CIPHER_AES_MAC128 PAD_ISO9797_1_M1_ALG3 ALG_SHA3_384;no;		0.018000;0;0;0
SIG_CIPHER_AES_MAC128 PAD_ISO9797_1_M1_ALG3 ALG_SHA3_512;no;		0.018000;0;0;0
SIG_CIPHER_AES_MAC128 PAD_ISO9797_1_M2_ALG3 ALG_NULL;no;		0.018000;0;0;0
SIG_CIPHER_AES_MAC128 PAD_ISO9797_1_M2_ALG3 ALG_SHA;no;		0.019000;0;0;0
SIG_CIPHER_AES_MAC128 PAD_ISO9797_1_M2_ALG3 ALG_MD5;no;		0.018000;0;0;0
SIG_CIPHER_AES_MAC128 PAD_ISO9797_1_M2_ALG3 ALG_RIPEMD160;no;		0.018000;0;0;0
SIG_CIPHER_AES_MAC128 PAD_ISO9797_1_M2_ALG3 ALG_SHA_256;no;		0.017000;0;0;0
SIG_CIPHER_AES_MAC128 PAD_ISO9797_1_M2_ALG3 ALG_SHA_384;no;		0.018000;0;0;0
SIG_CIPHER_AES_MAC128 PAD_ISO9797_1_M2_ALG3 ALG_SHA_512;no;		0.018000;0;0;0
SIG_CIPHER_AES_MAC128 PAD_ISO9797_1_M2_ALG3 ALG_SHA_224;no;		0.019000;0;0;0
SIG_CIPHER_AES_MAC128 PAD_ISO9797_1_M2_ALG3 ALG_SHA3_224;no;		0.018000;0;0;0
SIG_CIPHER_AES_MAC128 PAD_ISO9797_1_M2_ALG3 ALG_SHA3_256;no;		0.018000;0;0;0
SIG_CIPHER_AES_MAC128 PAD_ISO9797_1_M2_ALG3 ALG_SHA3_384;no;		0.018000;0;0;0
SIG_CIPHER_AES_MAC128 PAD_ISO9797_1_M2_ALG3 ALG_SHA3_512;no;		0.018000;0;0;0
SIG_CIPHER_AES_MAC128 PAD_PKCS5 ALG_NULL;yes;		0.053000;32;36;36
SIG_CIPHER_AES_MAC128 PAD_PKCS5 ALG_SHA;no;		0.018000;0;0;0
SIG_CIPHER_AES_MAC128 PAD_PKCS5 ALG_MD5;no;		0.018000;0;0;0
SIG_CIPHER_AES_MAC128 PAD_PKCS5 ALG_RIPEMD160;no;		0.018000;0;0;0
SIG_CIPHER_AES_MAC128 PAD_PKCS5 ALG_SHA_256;no;		0.018000;0;0;0
SIG_CIPHER_AES_MAC128 PAD_PKCS5 ALG_SHA_384;no;		0.017000;0;0;0
SIG_CIPHER_AES_MAC128 PAD_PKCS5 ALG_SHA_512;no;		0.018000;0;0;0
SIG_CIPHER_AES_MAC128 PAD_PKCS5 ALG_SHA_224;no;		0.018000;0;0;0
SIG_CIPHER_AES_MAC128 PAD_PKCS5 ALG_SHA3_224;no;		0.018000;0;0;0
SIG_CIPHER_AES_MAC128 PAD_PKCS5 ALG_SHA3_256;no;		0.018000;0;0;0
SIG_CIPHER_AES_MAC128 PAD_PKCS5 ALG_SHA3_384;no;		0.019000;0;0;0
SIG_CIPHER_AES_MAC128 PAD_PKCS5 ALG_SHA3_512;no;		0.018000;0;0;0
SIG_CIPHER_AES_MAC128 PAD_PKCS1 ALG_NULL;no;		0.018000;0;0;0
SIG_CIPHER_AES_MAC128 PAD_PKCS1 ALG_SHA;no;		0.017000;0;0;0
SIG_CIPHER_AES_MAC128 PAD_PKCS1 ALG_MD5;no;		0.018000;0;0;0
SIG_CIPHER_AES_MAC128 PAD_PKCS1 ALG_RIPEMD160;no;		0.017000;0;0;0
SIG_CIPHER_AES_MAC128 PAD_PKCS1 ALG_SHA_256;no;		0.018000;0;0;0
SIG_CIPHER_AES_MAC128 PAD_PKCS1 ALG_SHA_384;no;		0.017000;0;0;0
SIG_CIPHER_AES_MAC128 PAD_PKCS1 ALG_SHA_512;no;		0.018000;0;0;0
SIG_CIPHER_AES_MAC128 PAD_PKCS1 ALG_SHA_224;no;		0.019000;0;0;0
SIG_CIPHER_AES_MAC128 PAD_PKCS1 ALG_SHA3_224;no;		0.018000;0;0;0
SIG_CIPHER_AES_MAC128 PAD_PKCS1 ALG_SHA3_256;no;		0.018000;0;0;0
SIG_CIPHER_AES_MAC128 PAD_PKCS1 ALG_SHA3_384;no;		0.018000;0;0;0
SIG_CIPHER_AES_MAC128 PAD_PKCS1 ALG_SHA3_512;no;		0.018000;0;0;0
SIG_CIPHER_AES_MAC128 PAD_PKCS1_PSS ALG_NULL;no;		0.018000;0;0;0
SIG_CIPHER_AES_MAC128 PAD_PKCS1_PSS ALG_SHA;no;		0.018000;0;0;0
SIG_CIPHER_AES_MAC128 PAD_PKCS1_PSS ALG_MD5;no;		0.018000;0;0;0
SIG_CIPHER_AES_MAC128 PAD_PKCS1_PSS ALG_RIPEMD160;no;		0.018000;0;0;0
SIG_CIPHER_AES_MAC128 PAD_PKCS1_PSS ALG_SHA_256;no;		0.018000;0;0;0
SIG_CIPHER_AES_MAC128 PAD_PKCS1_PSS ALG_SHA_384;no;		0.017000;0;0;0
SIG_CIPHER_AES_MAC128 PAD_PKCS1_PSS ALG_SHA_512;no;		0.017000;0;0;0
SIG_CIPHER_AES_MAC128 PAD_PKCS1_PSS ALG_SHA_224;no;		0.017000;0;0;0
SIG_CIPHER_AES_MAC128 PAD_PKCS1_PSS ALG_SHA3_224;no;		0.017000;0;0;0
SIG_CIPHER_AES_MAC128 PAD_PKCS1_PSS ALG_SHA3_256;no;		0.018000;0;0;0
SIG_CIPHER_AES_MAC128 PAD_PKCS1_PSS ALG_SHA3_384;no;		0.019000;0;0;0
SIG_CIPHER_AES_MAC128 PAD_PKCS1_PSS ALG_SHA3_512;no;		0.018000;0;0;0
SIG_CIPHER_AES_MAC128 PAD_PKCS1_OAEP ALG_NULL;no;		0.019000;0;0;0
SIG_CIPHER_AES_MAC128 PAD_PKCS1_OAEP ALG_SHA;no;		0.018000;0;0;0
SIG_CIPHER_AES_MAC128 PAD_PKCS1_OAEP ALG_MD5;no;		0.020000;0;0;0
SIG_CIPHER_AES_MAC128 PAD_PKCS1_OAEP ALG_RIPEMD160;no;		0.018000;0;0;0
SIG_CIPHER_AES_MAC128 PAD_PKCS1_OAEP ALG_SHA_256;no;		0.018000;0;0;0
SIG_CIPHER_AES_MAC128 PAD_PKCS1_OAEP ALG_SHA_384;no;		0.018000;0;0;0
SIG_CIPHER_AES_MAC128 PAD_PKCS1_OAEP ALG_SHA_512;no;		0.019000;0;0;0
SIG_CIPHER_AES_MAC128 PAD_PKCS1_OAEP ALG_SHA_224;no;		0.018000;0;0;0
SIG_CIPHER_AES_MAC128 PAD_PKCS1_OAEP ALG_SHA3_224;no;		0.018000;0;0;0
SIG_CIPHER_AES_MAC128 PAD_PKCS1_OAEP ALG_SHA3_256;no;		0.018000;0;0;0
SIG_CIPHER_AES_MAC128 PAD_PKCS1_OAEP ALG_SHA3_384;no;		0.018000;0;0;0
SIG_CIPHER_AES_MAC128 PAD_PKCS1_OAEP ALG_SHA3_512;no;		0.018000;0;0;0
SIG_CIPHER_AES_MAC128 PAD_ISO9796 ALG_NULL;no;		0.018000;0;0;0
SIG_CIPHER_AES_MAC128 PAD_ISO9796 ALG_SHA;no;		0.018000;0;0;0
SIG_CIPHER_AES_MAC128 PAD_ISO9796 ALG_MD5;no;		0.019000;0;0;0
SIG_CIPHER_AES_MAC128 PAD_ISO9796 ALG_RIPEMD160;no;		0.018000;0;0;0
SIG_CIPHER_AES_MAC128 PAD_ISO9796 ALG_SHA_256;no;		0.018000;0;0;0
SIG_CIPHER_AES_MAC128 PAD_ISO9796 ALG_SHA_384;no;		0.019000;0;0;0
SIG_CIPHER_AES_MAC128 PAD_ISO9796 ALG_SHA_512;no;		0.018000;0;0;0
SIG_CIPHER_AES_MAC128 PAD_ISO9796 ALG_SHA_224;no;		0.017000;0;0;0
SIG_CIPHER_AES_MAC128 PAD_ISO9796 ALG_SHA3_224;no;		0.018000;0;0;0
SIG_CIPHER_AES_MAC128 PAD_ISO9796 ALG_SHA3_256;no;		0.018000;0;0;0
SIG_CIPHER_AES_MAC128 PAD_ISO9796 ALG_SHA3_384;no;		0.018000;0;0;0
SIG_CIPHER_AES_MAC128 PAD_ISO9796 ALG_SHA3_512;no;		0.017000;0;0;0
SIG_CIPHER_AES_MAC128 PAD_ISO9796_MR ALG_NULL;no;		0.018000;0;0;0
SIG_CIPHER_AES_MAC128 PAD_ISO9796_MR ALG_SHA;no;		0.018000;0;0;0
SIG_CIPHER_AES_MAC128 PAD_ISO9796_MR ALG_MD5;no;		0.017000;0;0;0
SIG_CIPHER_AES_MAC128 PAD_ISO9796_MR ALG_RIPEMD160;no;		0.017000;0;0;0
SIG_CIPHER_AES_MAC128 PAD_ISO9796_MR ALG_SHA_256;no;		0.017000;0;0;0
SIG_CIPHER_AES_MAC128 PAD_ISO9796_MR ALG_SHA_384;no;		0.018000;0;0;0
SIG_CIPHER_AES_MAC128 PAD_ISO9796_MR ALG_SHA_512;no;		0.018000;0;0;0
SIG_CIPHER_AES_MAC128 PAD_ISO9796_MR ALG_SHA_224;no;		0.018000;0;0;0
SIG_CIPHER_AES_MAC128 PAD_ISO9796_MR ALG_SHA3_224;no;		0.018000;0;0;0
SIG_CIPHER_AES_MAC128 PAD_ISO9796_MR ALG_SHA3_256;no;		0.018000;0;0;0
SIG_CIPHER_AES_MAC128 PAD_ISO9796_MR ALG_SHA3_384;no;		0.018000;0;0;0
SIG_CIPHER_AES_MAC128 PAD_ISO9796_MR ALG_SHA3_512;no;		0.018000;0;0;0
SIG_CIPHER_AES_MAC128 PAD_RFC2409 ALG_NULL;no;		0.018000;0;0;0
SIG_CIPHER_AES_MAC128 PAD_RFC2409 ALG_SHA;no;		0.018000;0;0;0
SIG_CIPHER_AES_MAC128 PAD_RFC2409 ALG_MD5;no;		0.018000;0;0;0
SIG_CIPHER_AES_MAC128 PAD_RFC2409 ALG_RIPEMD160;no;		0.018000;0;0;0
SIG_CIPHER_AES_MAC128 PAD_RFC2409 ALG_SHA_256;no;		0.017000;0;0;0
SIG_CIPHER_AES_MAC128 PAD_RFC2409 ALG_SHA_384;no;		0.017000;0;0;0
SIG_CIPHER_AES_MAC128 PAD_RFC2409 ALG_SHA_512;no;		0.017000;0;0;0
SIG_CIPHER_AES_MAC128 PAD_RFC2409 ALG_SHA_224;no;		0.018000;0;0;0
SIG_CIPHER_AES_MAC128 PAD_RFC2409 ALG_SHA3_224;no;		0.017000;0;0;0
SIG_CIPHER_AES_MAC128 PAD_RFC2409 ALG_SHA3_256;no;		0.018000;0;0;0
SIG_CIPHER_AES_MAC128 PAD_RFC2409 ALG_SHA3_384;no;		0.018000;0;0;0
SIG_CIPHER_AES_MAC128 PAD_RFC2409 ALG_SHA3_512;no;		0.017000;0;0;0
SIG_CIPHER_AES_MAC128 PAD_PKCS1_OAEP_SHA224 ALG_NULL;no;		0.018000;0;0;0
SIG_CIPHER_AES_MAC128 PAD_PKCS1_OAEP_SHA224 ALG_SHA;no;		0.017000;0;0;0
SIG_CIPHER_AES_MAC128 PAD_PKCS1_OAEP_SHA224 ALG_MD5;no;		0.018000;0;0;0
SIG_CIPHER_AES_MAC128 PAD_PKCS1_OAEP_SHA224 ALG_RIPEMD160;no;		0.019000;0;0;0
SIG_CIPHER_AES_MAC128 PAD_PKCS1_OAEP_SHA224 ALG_SHA_256;no;		0.019000;0;0;0
SIG_CIPHER_AES_MAC128 PAD_PKCS1_OAEP_SHA224 ALG_SHA_384;no;		0.018000;0;0;0
SIG_CIPHER_AES_MAC128 PAD_PKCS1_OAEP_SHA224 ALG_SHA_512;no;		0.018000;0;0;0
SIG_CIPHER_AES_MAC128 PAD_PKCS1_OAEP_SHA224 ALG_SHA_224;no;		0.018000;0;0;0
SIG_CIPHER_AES_MAC128 PAD_PKCS1_OAEP_SHA224 ALG_SHA3_224;no;		0.018000;0;0;0
SIG_CIPHER_AES_MAC128 PAD_PKCS1_OAEP_SHA224 ALG_SHA3_256;no;		0.018000;0;0;0
SIG_CIPHER_AES_MAC128 PAD_PKCS1_OAEP_SHA224 ALG_SHA3_384;no;		0.020000;0;0;0
SIG_CIPHER_AES_MAC128 PAD_PKCS1_OAEP_SHA224 ALG_SHA3_512;no;		0.017000;0;0;0
SIG_CIPHER_AES_MAC128 PAD_PKCS1_OAEP_SHA256 ALG_NULL;no;		0.019000;0;0;0
SIG_CIPHER_AES_MAC128 PAD_PKCS1_OAEP_SHA256 ALG_SHA;no;		0.018000;0;0;0
SIG_CIPHER_AES_MAC128 PAD_PKCS1_OAEP_SHA256 ALG_MD5;no;		0.018000;0;0;0
SIG_CIPHER_AES_MAC128 PAD_PKCS1_OAEP_SHA256 ALG_RIPEMD160;no;		0.018000;0;0;0
SIG_CIPHER_AES_MAC128 PAD_PKCS1_OAEP_SHA256 ALG_SHA_256;no;		0.020000;0;0;0
SIG_CIPHER_AES_MAC128 PAD_PKCS1_OAEP_SHA256 ALG_SHA_384;no;		0.018000;0;0;0
SIG_CIPHER_AES_MAC128 PAD_PKCS1_OAEP_SHA256 ALG_SHA_512;no;		0.018000;0;0;0
SIG_CIPHER_AES_MAC128 PAD_PKCS1_OAEP_SHA256 ALG_SHA_224;no;		0.018000;0;0;0
SIG_CIPHER_AES_MAC128 PAD_PKCS1_OAEP_SHA256 ALG_SHA3_224;no;		0.018000;0;0;0
SIG_CIPHER_AES_MAC128 PAD_PKCS1_OAEP_SHA256 ALG_SHA3_256;no;		0.018000;0;0;0
SIG_CIPHER_AES_MAC128 PAD_PKCS1_OAEP_SHA256 ALG_SHA3_384;no;		0.018000;0;0;0
SIG_CIPHER_AES_MAC128 PAD_PKCS1_OAEP_SHA256 ALG_SHA3_512;no;		0.018000;0;0;0
SIG_CIPHER_AES_MAC128 PAD_PKCS1_OAEP_SHA384 ALG_NULL;no;		0.018000;0;0;0
SIG_CIPHER_AES_MAC128 PAD_PKCS1_OAEP_SHA384 ALG_SHA;no;		0.018000;0;0;0
SIG_CIPHER_AES_MAC128 PAD_PKCS1_OAEP_SHA384 ALG_MD5;no;		0.017000;0;0;0
SIG_CIPHER_AES_MAC128 PAD_PKCS1_OAEP_SHA384 ALG_RIPEMD160;no;		0.019000;0;0;0
SIG_CIPHER_AES_MAC128 PAD_PKCS1_OAEP_SHA384 ALG_SHA_256;no;		0.017000;0;0;0
SIG_CIPHER_AES_MAC128 PAD_PKCS1_OAEP_SHA384 ALG_SHA_384;no;		0.018000;0;0;0
SIG_CIPHER_AES_MAC128 PAD_PKCS1_OAEP_SHA384 ALG_SHA_512;no;		0.018000;0;0;0
SIG_CIPHER_AES_MAC128 PAD_PKCS1_OAEP_SHA384 ALG_SHA_224;no;		0.017000;0;0;0
SIG_CIPHER_AES_MAC128 PAD_PKCS1_OAEP_SHA384 ALG_SHA3_224;no;		0.018000;0;0;0
SIG_CIPHER_AES_MAC128 PAD_PKCS1_OAEP_SHA384 ALG_SHA3_256;no;		0.018000;0;0;0
SIG_CIPHER_AES_MAC128 PAD_PKCS1_OAEP_SHA384 ALG_SHA3_384;no;		0.018000;0;0;0
SIG_CIPHER_AES_MAC128 PAD_PKCS1_OAEP_SHA384 ALG_SHA3_512;no;		0.017000;0;0;0
SIG_CIPHER_AES_MAC128 PAD_PKCS1_OAEP_SHA512 ALG_NULL;no;		0.018000;0;0;0
SIG_CIPHER_AES_MAC128 PAD_PKCS1_OAEP_SHA512 ALG_SHA;no;		0.018000;0;0;0
SIG_CIPHER_AES_MAC128 PAD_PKCS1_OAEP_SHA512 ALG_MD5;no;		0.018000;0;0;0
SIG_CIPHER_AES_MAC128 PAD_PKCS1_OAEP_SHA512 ALG_RIPEMD160;no;		0.017000;0;0;0
SIG_CIPHER_AES_MAC128 PAD_PKCS1_OAEP_SHA512 ALG_SHA_256;no;		0.018000;0;0;0
SIG_CIPHER_AES_MAC128 PAD_PKCS1_OAEP_SHA512 ALG_SHA_384;no;		0.018000;0;0;0
SIG_CIPHER_AES_MAC128 PAD_PKCS1_OAEP_SHA512 ALG_SHA_512;no;		0.017000;0;0;0
SIG_CIPHER_AES_MAC128 PAD_PKCS1_OAEP_SHA512 ALG_SHA_224;no;		0.017000;0;0;0
SIG_CIPHER_AES_MAC128 PAD_PKCS1_OAEP_SHA512 ALG_SHA3_224;no;		0.017000;0;0;0
SIG_CIPHER_AES_MAC128 PAD_PKCS1_OAEP_SHA512 ALG_SHA3_256;no;		0.019000;0;0;0
SIG_CIPHER_AES_MAC128 PAD_PKCS1_OAEP_SHA512 ALG_SHA3_384;no;		0.017000;0;0;0
SIG_CIPHER_AES_MAC128 PAD_PKCS1_OAEP_SHA512 ALG_SHA3_512;no;		0.018000;0;0;0
SIG_CIPHER_AES_MAC128 PAD_PKCS1_OAEP_SHA3_224 ALG_NULL;no;		0.018000;0;0;0
SIG_CIPHER_AES_MAC128 PAD_PKCS1_OAEP_SHA3_224 ALG_SHA;no;		0.018000;0;0;0
SIG_CIPHER_AES_MAC128 PAD_PKCS1_OAEP_SHA3_224 ALG_MD5;no;		0.018000;0;0;0
SIG_CIPHER_AES_MAC128 PAD_PKCS1_OAEP_SHA3_224 ALG_RIPEMD160;no;		0.018000;0;0;0
SIG_CIPHER_AES_MAC128 PAD_PKCS1_OAEP_SHA3_224 ALG_SHA_256;no;		0.018000;0;0;0
SIG_CIPHER_AES_MAC128 PAD_PKCS1_OAEP_SHA3_224 ALG_SHA_384;no;		0.018000;0;0;0
SIG_CIPHER_AES_MAC128 PAD_PKCS1_OAEP_SHA3_224 ALG_SHA_512;no;		0.018000;0;0;0
SIG_CIPHER_AES_MAC128 PAD_PKCS1_OAEP_SHA3_224 ALG_SHA_224;no;		0.017000;0;0;0
SIG_CIPHER_AES_MAC128 PAD_PKCS1_OAEP_SHA3_224 ALG_SHA3_224;no;		0.017000;0;0;0
SIG_CIPHER_AES_MAC128 PAD_PKCS1_OAEP_SHA3_224 ALG_SHA3_256;no;		0.018000;0;0;0
SIG_CIPHER_AES_MAC128 PAD_PKCS1_OAEP_SHA3_224 ALG_SHA3_384;no;		0.017000;0;0;0
SIG_CIPHER_AES_MAC128 PAD_PKCS1_OAEP_SHA3_224 ALG_SHA3_512;no;		0.018000;0;0;0
SIG_CIPHER_AES_MAC128 PAD_PKCS1_OAEP_SHA3_256 ALG_NULL;no;		0.018000;0;0;0
SIG_CIPHER_AES_MAC128 PAD_PKCS1_OAEP_SHA3_256 ALG_SHA;no;		0.017000;0;0;0
SIG_CIPHER_AES_MAC128 PAD_PKCS1_OAEP_SHA3_256 ALG_MD5;no;		0.017000;0;0;0
SIG_CIPHER_AES_MAC128 PAD_PKCS1_OAEP_SHA3_256 ALG_RIPEMD160;no;		0.018000;0;0;0
SIG_CIPHER_AES_MAC128 PAD_PKCS1_OAEP_SHA3_256 ALG_SHA_256;no;		0.018000;0;0;0
SIG_CIPHER_AES_MAC128 PAD_PKCS1_OAEP_SHA3_256 ALG_SHA_384;no;		0.018000;0;0;0
SIG_CIPHER_AES_MAC128 PAD_PKCS1_OAEP_SHA3_256 ALG_SHA_512;no;		0.018000;0;0;0
SIG_CIPHER_AES_MAC128 PAD_PKCS1_OAEP_SHA3_256 ALG_SHA_224;no;		0.018000;0;0;0
SIG_CIPHER_AES_MAC128 PAD_PKCS1_OAEP_SHA3_256 ALG_SHA3_224;no;		0.018000;0;0;0
SIG_CIPHER_AES_MAC128 PAD_PKCS1_OAEP_SHA3_256 ALG_SHA3_256;no;		0.018000;0;0;0
SIG_CIPHER_AES_MAC128 PAD_PKCS1_OAEP_SHA3_256 ALG_SHA3_384;no;		0.018000;0;0;0
SIG_CIPHER_AES_MAC128 PAD_PKCS1_OAEP_SHA3_256 ALG_SHA3_512;no;		0.018000;0;0;0
SIG_CIPHER_AES_MAC128 PAD_PKCS1_OAEP_SHA3_384 ALG_NULL;no;		0.018000;0;0;0
SIG_CIPHER_AES_MAC128 PAD_PKCS1_OAEP_SHA3_384 ALG_SHA;no;		0.018000;0;0;0
SIG_CIPHER_AES_MAC128 PAD_PKCS1_OAEP_SHA3_384 ALG_MD5;no;		0.019000;0;0;0
SIG_CIPHER_AES_MAC128 PAD_PKCS1_OAEP_SHA3_384 ALG_RIPEMD160;no;		0.018000;0;0;0
SIG_CIPHER_AES_MAC128 PAD_PKCS1_OAEP_SHA3_384 ALG_SHA_256;no;		0.018000;0;0;0
SIG_CIPHER_AES_MAC128 PAD_PKCS1_OAEP_SHA3_384 ALG_SHA_384;no;		0.019000;0;0;0
SIG_CIPHER_AES_MAC128 PAD_PKCS1_OAEP_SHA3_384 ALG_SHA_512;no;		0.017000;0;0;0
SIG_CIPHER_AES_MAC128 PAD_PKCS1_OAEP_SHA3_384 ALG_SHA_224;no;		0.018000;0;0;0
SIG_CIPHER_AES_MAC128 PAD_PKCS1_OAEP_SHA3_384 ALG_SHA3_224;no;		0.018000;0;0;0
SIG_CIPHER_AES_MAC128 PAD_PKCS1_OAEP_SHA3_384 ALG_SHA3_256;no;		0.019000;0;0;0
SIG_CIPHER_AES_MAC128 PAD_PKCS1_OAEP_SHA3_384 ALG_SHA3_384;no;		0.018000;0;0;0
SIG_CIPHER_AES_MAC128 PAD_PKCS1_OAEP_SHA3_384 ALG_SHA3_512;no;		0.019000;0;0;0
SIG_CIPHER_AES_MAC128 PAD_PKCS1_OAEP_SHA3_512 ALG_NULL;no;		0.018000;0;0;0
SIG_CIPHER_AES_MAC128 PAD_PKCS1_OAEP_SHA3_512 ALG_SHA;no;		0.019000;0;0;0
SIG_CIPHER_AES_MAC128 PAD_PKCS1_OAEP_SHA3_512 ALG_MD5;no;		0.018000;0;0;0
SIG_CIPHER_AES_MAC128 PAD_PKCS1_OAEP_SHA3_512 ALG_RIPEMD160;no;		0.018000;0;0;0
SIG_CIPHER_AES_MAC128 PAD_PKCS1_OAEP_SHA3_512 ALG_SHA_256;no;		0.019000;0;0;0
SIG_CIPHER_AES_MAC128 PAD_PKCS1_OAEP_SHA3_512 ALG_SHA_384;no;		0.018000;0;0;0
SIG_CIPHER_AES_MAC128 PAD_PKCS1_OAEP_SHA3_512 ALG_SHA_512;no;		0.019000;0;0;0
SIG_CIPHER_AES_MAC128 PAD_PKCS1_OAEP_SHA3_512 ALG_SHA_224;no;		0.018000;0;0;0
SIG_CIPHER_AES_MAC128 PAD_PKCS1_OAEP_SHA3_512 ALG_SHA3_224;no;		0.019000;0;0;0
SIG_CIPHER_AES_MAC128 PAD_PKCS1_OAEP_SHA3_512 ALG_SHA3_256;no;		0.017000;0;0;0
SIG_CIPHER_AES_MAC128 PAD_PKCS1_OAEP_SHA3_512 ALG_SHA3_384;no;		0.018000;0;0;0
SIG_CIPHER_AES_MAC128 PAD_PKCS1_OAEP_SHA3_512 ALG_SHA3_512;no;		0.018000;0;0;0
SIG_CIPHER_AES_MAC128 PAD_ISO9796_MR_SCHEME_2 ALG_NULL;no;		0.018000;0;0;0
SIG_CIPHER_AES_MAC128 PAD_ISO9796_MR_SCHEME_2 ALG_SHA;no;		0.018000;0;0;0
SIG_CIPHER_AES_MAC128 PAD_ISO9796_MR_SCHEME_2 ALG_MD5;no;		0.018000;0;0;0
SIG_CIPHER_AES_MAC128 PAD_ISO9796_MR_SCHEME_2 ALG_RIPEMD160;no;		0.018000;0;0;0
SIG_CIPHER_AES_MAC128 PAD_ISO9796_MR_SCHEME_2 ALG_SHA_256;no;		0.018000;0;0;0
SIG_CIPHER_AES_MAC128 PAD_ISO9796_MR_SCHEME_2 ALG_SHA_384;no;		0.018000;0;0;0
SIG_CIPHER_AES_MAC128 PAD_ISO9796_MR_SCHEME_2 ALG_SHA_512;no;		0.018000;0;0;0
SIG_CIPHER_AES_MAC128 PAD_ISO9796_MR_SCHEME_2 ALG_SHA_224;no;		0.018000;0;0;0
SIG_CIPHER_AES_MAC128 PAD_ISO9796_MR_SCHEME_2 ALG_SHA3_224;no;		0.018000;0;0;0
SIG_CIPHER_AES_MAC128 PAD_ISO9796_MR_SCHEME_2 ALG_SHA3_256;no;		0.017000;0;0;0
SIG_CIPHER_AES_MAC128 PAD_ISO9796_MR_SCHEME_2 ALG_SHA3_384;no;		0.018000;0;0;0
SIG_CIPHER_AES_MAC128 PAD_ISO9796_MR_SCHEME_2 ALG_SHA3_512;no;		0.018000;0;0;0
SIG_CIPHER_AES_MAC128 PAD_ISO9796_MR_SCHEME_3 ALG_NULL;no;		0.018000;0;0;0
SIG_CIPHER_AES_MAC128 PAD_ISO9796_MR_SCHEME_3 ALG_SHA;no;		0.018000;0;0;0
SIG_CIPHER_AES_MAC128 PAD_ISO9796_MR_SCHEME_3 ALG_MD5;no;		0.018000;0;0;0
SIG_CIPHER_AES_MAC128 PAD_ISO9796_MR_SCHEME_3 ALG_RIPEMD160;no;		0.019000;0;0;0
SIG_CIPHER_AES_MAC128 PAD_ISO9796_MR_SCHEME_3 ALG_SHA_256;no;		0.018000;0;0;0
SIG_CIPHER_AES_MAC128 PAD_ISO9796_MR_SCHEME_3 ALG_SHA_384;no;		0.018000;0;0;0
SIG_CIPHER_AES_MAC128 PAD_ISO9796_MR_SCHEME_3 ALG_SHA_512;no;		0.018000;0;0;0
SIG_CIPHER_AES_MAC128 PAD_ISO9796_MR_SCHEME_3 ALG_SHA_224;no;		0.018000;0;0;0
SIG_CIPHER_AES_MAC128 PAD_ISO9796_MR_SCHEME_3 ALG_SHA3_224;no;		0.018000;0;0;0
SIG_CIPHER_AES_MAC128 PAD_ISO9796_MR_SCHEME_3 ALG_SHA3_256;no;		0.021000;0;0;0
SIG_CIPHER_AES_MAC128 PAD_ISO9796_MR_SCHEME_3 ALG_SHA3_384;no;		0.019000;0;0;0
SIG_CIPHER_AES_MAC128 PAD_ISO9796_MR_SCHEME_3 ALG_SHA3_512;no;		0.018000;0;0;0
SIG_CIPHER_HMAC PAD_NULL ALG_NULL;no;		0.018000;0;0;0
SIG_CIPHER_HMAC PAD_NULL ALG_SHA;yes;		0.052000;32;95;95
SIG_CIPHER_HMAC PAD_NULL ALG_MD5;yes;		0.053000;32;91;91
SIG_CIPHER_HMAC PAD_NULL ALG_RIPEMD160;yes;		0.052000;32;95;95
SIG_CIPHER_HMAC PAD_NULL ALG_SHA_256;yes;		0.052000;32;107;107
SIG_CIPHER_HMAC PAD_NULL ALG_SHA_384;yes;		0.052000;32;211;211
SIG_CIPHER_HMAC PAD_NULL ALG_SHA_512;yes;		0.053000;32;211;211
SIG_CIPHER_HMAC PAD_NULL ALG_SHA_224;yes;		0.052000;32;107;107
SIG_CIPHER_HMAC PAD_NULL ALG_SHA3_224;no;		0.018000;0;0;0
SIG_CIPHER_HMAC PAD_NULL ALG_SHA3_256;no;		0.017000;0;0;0
SIG_CIPHER_HMAC PAD_NULL ALG_SHA3_384;no;		0.018000;0;0;0
SIG_CIPHER_HMAC PAD_NULL ALG_SHA3_512;no;		0.025000;0;0;0
SIG_CIPHER_HMAC PAD_NOPAD ALG_NULL;no;		0.017000;0;0;0
SIG_CIPHER_HMAC PAD_NOPAD ALG_SHA;yes;		0.053000;32;95;95
SIG_CIPHER_HMAC PAD_NOPAD ALG_MD5;yes;		0.051000;32;91;91
SIG_CIPHER_HMAC PAD_NOPAD ALG_RIPEMD160;yes;		0.052000;32;95;95
SIG_CIPHER_HMAC PAD_NOPAD ALG_SHA_256;yes;		0.052000;32;107;107
SIG_CIPHER_HMAC PAD_NOPAD ALG_SHA_384;yes;		0.051000;32;211;211
SIG_CIPHER_HMAC PAD_NOPAD ALG_SHA_512;yes;		0.051000;32;211;211
SIG_CIPHER_HMAC PAD_NOPAD ALG_SHA_224;yes;		0.052000;32;107;107
SIG_CIPHER_HMAC PAD_NOPAD ALG_SHA3_224;no;		0.017000;0;0;0
SIG_CIPHER_HMAC PAD_NOPAD ALG_SHA3_256;no;		0.018000;0;0;0
SIG_CIPHER_HMAC PAD_NOPAD ALG_SHA3_384;no;		0.018000;0;0;0
SIG_CIPHER_HMAC PAD_NOPAD ALG_SHA3_512;no;		0.017000;0;0;0
SIG_CIPHER_HMAC PAD_ISO9797_M1 ALG_NULL;no;		0.018000;0;0;0
SIG_CIPHER_HMAC PAD_ISO9797_M1 ALG_SHA;yes;		0.052000;32;95;95
SIG_CIPHER_HMAC PAD_ISO9797_M1 ALG_MD5;yes;		0.052000;32;91;91
SIG_CIPHER_HMAC PAD_ISO9797_M1 ALG_RIPEMD160;yes;		0.053000;32;95;95
SIG_CIPHER_HMAC PAD_ISO9797_M1 ALG_SHA_256;yes;		0.052000;32;107;107
SIG_CIPHER_HMAC PAD_ISO9797_M1 ALG_SHA_384;yes;		0.053000;32;211;211
SIG_CIPHER_HMAC PAD_ISO9797_M1 ALG_SHA_512;yes;		0.052000;32;211;211
SIG_CIPHER_HMAC PAD_ISO9797_M1 ALG_SHA_224;yes;		0.052000;32;107;107
SIG_CIPHER_HMAC PAD_ISO9797_M1 ALG_SHA3_224;no;		0.018000;0;0;0
SIG_CIPHER_HMAC PAD_ISO9797_M1 ALG_SHA3_256;no;		0.018000;0;0;0
SIG_CIPHER_HMAC PAD_ISO9797_M1 ALG_SHA3_384;no;		0.017000;0;0;0
SIG_CIPHER_HMAC PAD_ISO9797_M1 ALG_SHA3_512;no;		0.017000;0;0;0
SIG_CIPHER_HMAC PAD_ISO9797_M2 ALG_NULL;no;		0.017000;0;0;0
SIG_CIPHER_HMAC PAD_ISO9797_M2 ALG_SHA;yes;		0.052000;32;95;95
SIG_CIPHER_HMAC PAD_ISO9797_M2 ALG_MD5;yes;		0.052000;32;91;91
SIG_CIPHER_HMAC PAD_ISO9797_M2 ALG_RIPEMD160;yes;		0.052000;32;95;95
SIG_CIPHER_HMAC PAD_ISO9797_M2 ALG_SHA_256;yes;		0.053000;32;107;107
SIG_CIPHER_HMAC PAD_ISO9797_M2 ALG_SHA_384;yes;		0.053000;32;211;211
SIG_CIPHER_HMAC PAD_ISO9797_M2 ALG_SHA_512;yes;		0.052000;32;211;211
SIG_CIPHER_HMAC PAD_ISO9797_M2 ALG_SHA_224;yes;		0.052000;32;107;107
SIG_CIPHER_HMAC PAD_ISO9797_M2 ALG_SHA3_224;no;		0.018000;0;0;0
SIG_CIPHER_HMAC PAD_ISO9797_M2 ALG_SHA3_256;no;		0.018000;0;0;0
SIG_CIPHER_HMAC PAD_ISO9797_M2 ALG_SHA3_384;no;		0.018000;0;0;0
SIG_CIPHER_HMAC PAD_ISO9797_M2 ALG_SHA3_512;no;		0.018000;0;0;0
SIG_CIPHER_HMAC PAD_ISO9797_1_M1_ALG3 ALG_NULL;no;		0.018000;0;0;0
SIG_CIPHER_HMAC PAD_ISO9797_1_M1_ALG3 ALG_SHA;yes;		0.052000;32;95;95
SIG_CIPHER_HMAC PAD_ISO9797_1_M1_ALG3 ALG_MD5;yes;		0.053000;32;91;91
SIG_CIPHER_HMAC PAD_ISO9797_1_M1_ALG3 ALG_RIPEMD160;yes;		0.053000;32;95;95
SIG_CIPHER_HMAC PAD_ISO9797_1_M1_ALG3 ALG_SHA_256;yes;		0.052000;32;107;107
SIG_CIPHER_HMAC PAD_ISO9797_1_M1_ALG3 ALG_SHA_384;yes;		0.052000;32;211;211
SIG_CIPHER_HMAC PAD_ISO9797_1_M1_ALG3 ALG_SHA_512;yes;		0.052000;32;211;211
SIG_CIPHER_HMAC PAD_ISO9797_1_M1_ALG3 ALG_SHA_224;yes;		0.052000;32;107;107
SIG_CIPHER_HMAC PAD_ISO9797_1_M1_ALG3 ALG_SHA3_224;no;		0.018000;0;0;0
SIG_CIPHER_HMAC PAD_ISO9797_1_M1_ALG3 ALG_SHA3_256;no;		0.018000;0;0;0
SIG_CIPHER_HMAC PAD_ISO9797_1_M1_ALG3 ALG_SHA3_384;no;		0.018000;0;0;0
SIG_CIPHER_HMAC PAD_ISO9797_1_M1_ALG3 ALG_SHA3_512;no;		0.018000;0;0;0
SIG_CIPHER_HMAC PAD_ISO9797_1_M2_ALG3 ALG_NULL;no;		0.018000;0;0;0
SIG_CIPHER_HMAC PAD_ISO9797_1_M2_ALG3 ALG_SHA;yes;		0.052000;32;95;95
SIG_CIPHER_HMAC PAD_ISO9797_1_M2_ALG3 ALG_MD5;yes;		0.052000;32;91;91
SIG_CIPHER_HMAC PAD_ISO9797_1_M2_ALG3 ALG_RIPEMD160;yes;		0.055000;32;95;95
SIG_CIPHER_HMAC PAD_ISO9797_1_M2_ALG3 ALG_SHA_256;yes;		0.054000;32;107;107
SIG_CIPHER_HMAC PAD_ISO9797_1_M2_ALG3 ALG_SHA_384;yes;		0.056000;32;211;211
SIG_CIPHER_HMAC PAD_ISO9797_1_M2_ALG3 ALG_SHA_512;yes;		0.051000;32;211;211
SIG_CIPHER_HMAC PAD_ISO9797_1_M2_ALG3 ALG_SHA_224;yes;		0.052000;32;107;107
SIG_CIPHER_HMAC PAD_ISO9797_1_M2_ALG3 ALG_SHA3_224;no;		0.018000;0;0;0
SIG_CIPHER_HMAC PAD_ISO9797_1_M2_ALG3 ALG_SHA3_256;no;		0.018000;0;0;0
SIG_CIPHER_HMAC PAD_ISO9797_1_M2_ALG3 ALG_SHA3_384;no;		0.018000;0;0;0
SIG_CIPHER_HMAC PAD_ISO9797_1_M2_ALG3 ALG_SHA3_512;no;		0.018000;0;0;0
SIG_CIPHER_HMAC PAD_PKCS5 ALG_NULL;no;		0.018000;0;0;0
SIG_CIPHER_HMAC PAD_PKCS5 ALG_SHA;yes;		0.053000;32;95;95
SIG_CIPHER_HMAC PAD_PKCS5 ALG_MD5;yes;		0.053000;32;91;91
SIG_CIPHER_HMAC PAD_PKCS5 ALG_RIPEMD160;yes;		0.052000;32;95;95
SIG_CIPHER_HMAC PAD_PKCS5 ALG_SHA_256;yes;		0.052000;32;107;107
SIG_CIPHER_HMAC PAD_PKCS5 ALG_SHA_384;yes;		0.052000;32;211;211
SIG_CIPHER_HMAC PAD_PKCS5 ALG_SHA_512;yes;		0.051000;32;211;211
SIG_CIPHER_HMAC PAD_PKCS5 ALG_SHA_224;yes;		0.052000;32;107;107
SIG_CIPHER_HMAC PAD_PKCS5 ALG_SHA3_224;no;		0.018000;0;0;0
SIG_CIPHER_HMAC PAD_PKCS5 ALG_SHA3_256;no;		0.017000;0;0;0
SIG_CIPHER_HMAC PAD_PKCS5 ALG_SHA3_384;no;		0.018000;0;0;0
SIG_CIPHER_HMAC PAD_PKCS5 ALG_SHA3_512;no;		0.017000;0;0;0
SIG_CIPHER_HMAC PAD_PKCS1 ALG_NULL;no;		0.017000;0;0;0
SIG_CIPHER_HMAC PAD_PKCS1 ALG_SHA;yes;		0.051000;32;95;95
SIG_CIPHER_HMAC PAD_PKCS1 ALG_MD5;yes;		0.051000;32;91;91
SIG_CIPHER_HMAC PAD_PKCS1 ALG_RIPEMD160;yes;		0.052000;32;95;95
SIG_CIPHER_HMAC PAD_PKCS1 ALG_SHA_256;yes;		0.052000;32;107;107
SIG_CIPHER_HMAC PAD_PKCS1 ALG_SHA_384;yes;		0.052000;32;211;211
SIG_CIPHER_HMAC PAD_PKCS1 ALG_SHA_512;yes;		0.051000;32;211;211
SIG_CIPHER_HMAC PAD_PKCS1 ALG_SHA_224;yes;		0.052000;32;107;107
SIG_CIPHER_HMAC PAD_PKCS1 ALG_SHA3_224;no;		0.018000;0;0;0
SIG_CIPHER_HMAC PAD_PKCS1 ALG_SHA3_256;no;		0.018000;0;0;0
SIG_CIPHER_HMAC PAD_PKCS1 ALG_SHA3_384;no;		0.017000;0;0;0
SIG_CIPHER_HMAC PAD_PKCS1 ALG_SHA3_512;no;		0.017000;0;0;0
SIG_CIPHER_HMAC PAD_PKCS1_PSS ALG_NULL;no;		0.017000;0;0;0
SIG_CIPHER_HMAC PAD_PKCS1_PSS ALG_SHA;yes;		0.052000;32;95;95
SIG_CIPHER_HMAC PAD_PKCS1_PSS ALG_MD5;yes;		0.052000;32;91;91
SIG_CIPHER_HMAC PAD_PKCS1_PSS ALG_RIPEMD160;yes;		0.055000;32;95;95
SIG_CIPHER_HMAC PAD_PKCS1_PSS ALG_SHA_256;yes;		0.053000;32;107;107
SIG_CIPHER_HMAC PAD_PKCS1_PSS ALG_SHA_384;yes;		0.052000;32;211;211
SIG_CIPHER_HMAC PAD_PKCS1_PSS ALG_SHA_512;yes;		0.052000;32;211;211
SIG_CIPHER_HMAC PAD_PKCS1_PSS ALG_SHA_224;yes;		0.052000;32;107;107
SIG_CIPHER_HMAC PAD_PKCS1_PSS ALG_SHA3_224;no;		0.019000;0;0;0
SIG_CIPHER_HMAC PAD_PKCS1_PSS ALG_SHA3_256;no;		0.018000;0;0;0
SIG_CIPHER_HMAC PAD_PKCS1_PSS ALG_SHA3_384;no;		0.018000;0;0;0
SIG_CIPHER_HMAC PAD_PKCS1_PSS ALG_SHA3_512;no;		0.018000;0;0;0
SIG_CIPHER_HMAC PAD_PKCS1_OAEP ALG_NULL;no;		0.018000;0;0;0
SIG_CIPHER_HMAC PAD_PKCS1_OAEP ALG_SHA;yes;		0.053000;32;95;95
SIG_CIPHER_HMAC PAD_PKCS1_OAEP ALG_MD5;yes;		0.052000;32;91;91
SIG_CIPHER_HMAC PAD_PKCS1_OAEP ALG_RIPEMD160;yes;		0.052000;32;95;95
SIG_CIPHER_HMAC PAD_PKCS1_OAEP ALG_SHA_256;yes;		0.051000;32;107;107
SIG_CIPHER_HMAC PAD_PKCS1_OAEP ALG_SHA_384;yes;		0.053000;32;211;211
SIG_CIPHER_HMAC PAD_PKCS1_OAEP ALG_SHA_512;yes;		0.052000;32;211;211
SIG_CIPHER_HMAC PAD_PKCS1_OAEP ALG_SHA_224;yes;		0.053000;32;107;107
SIG_CIPHER_HMAC PAD_PKCS1_OAEP ALG_SHA3_224;no;		0.017000;0;0;0
SIG_CIPHER_HMAC PAD_PKCS1_OAEP ALG_SHA3_256;no;		0.018000;0;0;0
SIG_CIPHER_HMAC PAD_PKCS1_OAEP ALG_SHA3_384;no;		0.018000;0;0;0
SIG_CIPHER_HMAC PAD_PKCS1_OAEP ALG_SHA3_512;no;		0.018000;0;0;0
SIG_CIPHER_HMAC PAD_ISO9796 ALG_NULL;no;		0.018000;0;0;0
SIG_CIPHER_HMAC PAD_ISO9796 ALG_SHA;yes;		0.053000;32;95;95
SIG_CIPHER_HMAC PAD_ISO9796 ALG_MD5;yes;		0.052000;32;91;91
SIG_CIPHER_HMAC PAD_ISO9796 ALG_RIPEMD160;yes;		0.052000;32;95;95
SIG_CIPHER_HMAC PAD_ISO9796 ALG_SHA_256;yes;		0.052000;32;107;107
SIG_CIPHER_HMAC PAD_ISO9796 ALG_SHA_384;yes;		0.052000;32;211;211
SIG_CIPHER_HMAC PAD_ISO9796 ALG_SHA_512;yes;		0.052000;32;211;211
SIG_CIPHER_HMAC PAD_ISO9796 ALG_SHA_224;yes;		0.052000;32;107;107
SIG_CIPHER_HMAC PAD_ISO9796 ALG_SHA3_224;no;		0.018000;0;0;0
SIG_CIPHER_HMAC PAD_ISO9796 ALG_SHA3_256;no;		0.018000;0;0;0
SIG_CIPHER_HMAC PAD_ISO9796 ALG_SHA3_384;no;		0.018000;0;0;0
SIG_CIPHER_HMAC PAD_ISO9796 ALG_SHA3_512;no;		0.018000;0;0;0
SIG_CIPHER_HMAC PAD_ISO9796_MR ALG_NULL;no;		0.018000;0;0;0
SIG_CIPHER_HMAC PAD_ISO9796_MR ALG_SHA;yes;		0.053000;32;95;95
SIG_CIPHER_HMAC PAD_ISO9796_MR ALG_MD5;yes;		0.052000;32;91;91
SIG_CIPHER_HMAC PAD_ISO9796_MR ALG_RIPEMD160;yes;		0.053000;32;95;95
SIG_CIPHER_HMAC PAD_ISO9796_MR ALG_SHA_256;yes;		0.052000;32;107;107
SIG_CIPHER_HMAC PAD_ISO9796_MR ALG_SHA_384;yes;		0.052000;32;211;211
SIG_CIPHER_HMAC PAD_ISO9796_MR ALG_SHA_512;yes;		0.053000;32;211;211
SIG_CIPHER_HMAC PAD_ISO9796_MR ALG_SHA_224;yes;		0.052000;32;107;107
SIG_CIPHER_HMAC PAD_ISO9796_MR ALG_SHA3_224;no;		0.018000;0;0;0
SIG_CIPHER_HMAC PAD_ISO9796_MR ALG_SHA3_256;no;		0.018000;0;0;0
SIG_CIPHER_HMAC PAD_ISO9796_MR ALG_SHA3_384;no;		0.018000;0;0;0
SIG_CIPHER_HMAC PAD_ISO9796_MR ALG_SHA3_512;no;		0.018000;0;0;0
SIG_CIPHER_HMAC PAD_RFC2409 ALG_NULL;no;		0.018000;0;0;0
SIG_CIPHER_HMAC PAD_RFC2409 ALG_SHA;yes;		0.053000;32;95;95
SIG_CIPHER_HMAC PAD_RFC2409 ALG_MD5;yes;		0.053000;32;91;91
SIG_CIPHER_HMAC PAD_RFC2409 ALG_RIPEMD160;yes;		0.052000;32;95;95
SIG_CIPHER_HMAC PAD_RFC2409 ALG_SHA_256;yes;		0.052000;32;107;107
SIG_CIPHER_HMAC PAD_RFC2409 ALG_SHA_384;yes;		0.053000;32;211;211
SIG_CIPHER_HMAC PAD_RFC2409 ALG_SHA_512;yes;		0.053000;32;211;211
SIG_CIPHER_HMAC PAD_RFC2409 ALG_SHA_224;yes;		0.052000;32;107;107
SIG_CIPHER_HMAC PAD_RFC2409 ALG_SHA3_224;no;		0.018000;0;0;0
SIG_CIPHER_HMAC PAD_RFC2409 ALG_SHA3_256;no;		0.018000;0;0;0
SIG_CIPHER_HMAC PAD_RFC2409 ALG_SHA3_384;no;		0.019000;0;0;0
SIG_CIPHER_HMAC PAD_RFC2409 ALG_SHA3_512;no;		0.019000;0;0;0
SIG_CIPHER_HMAC PAD_PKCS1_OAEP_SHA224 ALG_NULL;no;		0.018000;0;0;0
SIG_CIPHER_HMAC PAD_PKCS1_OAEP_SHA224 ALG_SHA;yes;		0.052000;32;95;95
SIG_CIPHER_HMAC PAD_PKCS1_OAEP_SHA224 ALG_MD5;yes;		0.053000;32;91;91
SIG_CIPHER_HMAC PAD_PKCS1_OAEP_SHA224 ALG_RIPEMD160;yes;		0.053000;32;95;95
SIG_CIPHER_HMAC PAD_PKCS1_OAEP_SHA224 ALG_SHA_256;yes;		0.053000;32;107;107
SIG_CIPHER_HMAC PAD_PKCS1_OAEP_SHA224 ALG_SHA_384;yes;		0.053000;32;211;211
SIG_CIPHER_HMAC PAD_PKCS1_OAEP_SHA224 ALG_SHA_512;yes;		0.052000;32;211;211
SIG_CIPHER_HMAC PAD_PKCS1_OAEP_SHA224 ALG_SHA_224;yes;		0.052000;32;107;107
SIG_CIPHER_HMAC PAD_PKCS1_OAEP_SHA224 ALG_SHA3_224;no;		0.018000;0;0;0
SIG_CIPHER_HMAC PAD_PKCS1_OAEP_SHA224 ALG_SHA3_256;no;		0.018000;0;0;0
SIG_CIPHER_HMAC PAD_PKCS1_OAEP_SHA224 ALG_SHA3_384;no;		0.017000;0;0;0
SIG_CIPHER_HMAC PAD_PKCS1_OAEP_SHA224 ALG_SHA3_512;no;		0.017000;0;0;0
SIG_CIPHER_HMAC PAD_PKCS1_OAEP_SHA256 ALG_NULL;no;		0.019000;0;0;0
SIG_CIPHER_HMAC PAD_PKCS1_OAEP_SHA256 ALG_SHA;yes;		0.052000;32;95;95
SIG_CIPHER_HMAC PAD_PKCS1_OAEP_SHA256 ALG_MD5;yes;		0.052000;32;91;91
SIG_CIPHER_HMAC PAD_PKCS1_OAEP_SHA256 ALG_RIPEMD160;yes;		0.052000;32;95;95
SIG_CIPHER_HMAC PAD_PKCS1_OAEP_SHA256 ALG_SHA_256;yes;		0.053000;32;107;107
SIG_CIPHER_HMAC PAD_PKCS1_OAEP_SHA256 ALG_SHA_384;yes;		0.052000;32;211;211
SIG_CIPHER_HMAC PAD_PKCS1_OAEP_SHA256 ALG_SHA_512;yes;		0.053000;32;211;211
SIG_CIPHER_HMAC PAD_PKCS1_OAEP_SHA256 ALG_SHA_224;yes;		0.051000;32;107;107
SIG_CIPHER_HMAC PAD_PKCS1_OAEP_SHA256 ALG_SHA3_224;no;		0.018000;0;0;0
SIG_CIPHER_HMAC PAD_PKCS1_OAEP_SHA256 ALG_SHA3_256;no;		0.018000;0;0;0
SIG_CIPHER_HMAC PAD_PKCS1_OAEP_SHA256 ALG_SHA3_384;no;		0.018000;0;0;0
SIG_CIPHER_HMAC PAD_PKCS1_OAEP_SHA256 ALG_SHA3_512;no;		0.018000;0;0;0
SIG_CIPHER_HMAC PAD_PKCS1_OAEP_SHA384 ALG_NULL;no;		0.019000;0;0;0
SIG_CIPHER_HMAC PAD_PKCS1_OAEP_SHA384 ALG_SHA;yes;		0.052000;32;95;95
SIG_CIPHER_HMAC PAD_PKCS1_OAEP_SHA384 ALG_MD5;yes;		0.053000;32;91;91
SIG_CIPHER_HMAC PAD_PKCS1_OAEP_SHA384 ALG_RIPEMD160;yes;		0.052000;32;95;95
SIG_CIPHER_HMAC PAD_PKCS1_OAEP_SHA384 ALG_SHA_256;yes;		0.052000;32;107;107
SIG_CIPHER_HMAC PAD_PKCS1_OAEP_SHA384 ALG_SHA_384;yes;		0.053000;32;211;211
SIG_CIPHER_HMAC PAD_PKCS1_OAEP_SHA384 ALG_SHA_512;yes;		0.052000;32;211;211
SIG_CIPHER_HMAC PAD_PKCS1_OAEP_SHA384 ALG_SHA_224;yes;		0.052000;32;107;107
SIG_CIPHER_HMAC PAD_PKCS1_OAEP_SHA384 ALG_SHA3_224;no;		0.019000;0;0;0
SIG_CIPHER_HMAC PAD_PKCS1_OAEP_SHA384 ALG_SHA3_256;no;		0.020000;0;0;0
SIG_CIPHER_HMAC PAD_PKCS1_OAEP_SHA384 ALG_SHA3_384;no;		0.018000;0;0;0
SIG_CIPHER_HMAC PAD_PKCS1_OAEP_SHA384 ALG_SHA3_512;no;		0.018000;0;0;0
SIG_CIPHER_HMAC PAD_PKCS1_OAEP_SHA512 ALG_NULL;no;		0.019000;0;0;0
SIG_CIPHER_HMAC PAD_PKCS1_OAEP_SHA512 ALG_SHA;yes;		0.052000;32;95;95
SIG_CIPHER_HMAC PAD_PKCS1_OAEP_SHA512 ALG_MD5;yes;		0.053000;32;91;91
SIG_CIPHER_HMAC PAD_PKCS1_OAEP_SHA512 ALG_RIPEMD160;yes;		0.053000;32;95;95
SIG_CIPHER_HMAC PAD_PKCS1_OAEP_SHA512 ALG_SHA_256;yes;		0.053000;32;107;107
SIG_CIPHER_HMAC PAD_PKCS1_OAEP_SHA512 ALG_SHA_384;yes;		0.053000;32;211;211
SIG_CIPHER_HMAC PAD_PKCS1_OAEP_SHA512 ALG_SHA_512;yes;		0.052000;32;211;211
SIG_CIPHER_HMAC PAD_PKCS1_OAEP_SHA512 ALG_SHA_224;yes;		0.053000;32;107;107
SIG_CIPHER_HMAC PAD_PKCS1_OAEP_SHA512 ALG_SHA3_224;no;		0.018000;0;0;0
SIG_CIPHER_HMAC PAD_PKCS1_OAEP_SHA512 ALG_SHA3_256;no;		0.018000;0;0;0
SIG_CIPHER_HMAC PAD_PKCS1_OAEP_SHA512 ALG_SHA3_384;no;		0.019000;0;0;0
SIG_CIPHER_HMAC PAD_PKCS1_OAEP_SHA512 ALG_SHA3_512;no;		0.018000;0;0;0
SIG_CIPHER_HMAC PAD_PKCS1_OAEP_SHA3_224 ALG_NULL;no;		0.018000;0;0;0
SIG_CIPHER_HMAC PAD_PKCS1_OAEP_SHA3_224 ALG_SHA;yes;		0.052000;32;95;95
SIG_CIPHER_HMAC PAD_PKCS1_OAEP_SHA3_224 ALG_MD5;yes;		0.052000;32;91;91
SIG_CIPHER_HMAC PAD_PKCS1_OAEP_SHA3_224 ALG_RIPEMD160;yes;		0.053000;32;95;95
SIG_CIPHER_HMAC PAD_PKCS1_OAEP_SHA3_224 ALG_SHA_256;yes;		0.052000;32;107;107
SIG_CIPHER_HMAC PAD_PKCS1_OAEP_SHA3_224 ALG_SHA_384;yes;		0.052000;32;211;211
SIG_CIPHER_HMAC PAD_PKCS1_OAEP_SHA3_224 ALG_SHA_512;yes;		0.053000;32;211;211
SIG_CIPHER_HMAC PAD_PKCS1_OAEP_SHA3_224 ALG_SHA_224;yes;		0.052000;32;107;107
SIG_CIPHER_HMAC PAD_PKCS1_OAEP_SHA3_224 ALG_SHA3_224;no;		0.017000;0;0;0
SIG_CIPHER_HMAC PAD_PKCS1_OAEP_SHA3_224 ALG_SHA3_256;no;		0.018000;0;0;0
SIG_CIPHER_HMAC PAD_PKCS1_OAEP_SHA3_224 ALG_SHA3_384;no;		0.018000;0;0;0
SIG_CIPHER_HMAC PAD_PKCS1_OAEP_SHA3_224 ALG_SHA3_512;no;		0.018000;0;0;0
SIG_CIPHER_HMAC PAD_PKCS1_OAEP_SHA3_256 ALG_NULL;no;		0.020000;0;0;0
SIG_CIPHER_HMAC PAD_PKCS1_OAEP_SHA3_256 ALG_SHA;yes;		0.052000;32;95;95
SIG_CIPHER_HMAC PAD_PKCS1_OAEP_SHA3_256 ALG_MD5;yes;		0.052000;32;91;91
SIG_CIPHER_HMAC PAD_PKCS1_OAEP_SHA3_256 ALG_RIPEMD160;yes;		0.051000;32;95;95
SIG_CIPHER_HMAC PAD_PKCS1_OAEP_SHA3_256 ALG_SHA_256;yes;		0.051000;32;107;107
SIG_CIPHER_HMAC PAD_PKCS1_OAEP_SHA3_256 ALG_SHA_384;yes;		0.052000;32;211;211
SIG_CIPHER_HMAC PAD_PKCS1_OAEP_SHA3_256 ALG_SHA_512;yes;		0.052000;32;211;211
SIG_CIPHER_HMAC PAD_PKCS1_OAEP_SHA3_256 ALG_SHA_224;yes;		0.051000;32;107;107
SIG_CIPHER_HMAC PAD_PKCS1_OAEP_SHA3_256 ALG_SHA3_224;no;		0.019000;0;0;0
SIG_CIPHER_HMAC PAD_PKCS1_OAEP_SHA3_256 ALG_SHA3_256;no;		0.019000;0;0;0
SIG_CIPHER_HMAC PAD_PKCS1_OAEP_SHA3_256 ALG_SHA3_384;no;		0.017000;0;0;0
SIG_CIPHER_HMAC PAD_PKCS1_OAEP_SHA3_256 ALG_SHA3_512;no;		0.018000;0;0;0
SIG_CIPHER_HMAC PAD_PKCS1_OAEP_SHA3_384 ALG_NULL;no;		0.020000;0;0;0
SIG_CIPHER_HMAC PAD_PKCS1_OAEP_SHA3_384 ALG_SHA;yes;		0.053000;32;95;95
SIG_CIPHER_HMAC PAD_PKCS1_OAEP_SHA3_384 ALG_MD5;yes;		0.052000;32;91;91
SIG_CIPHER_HMAC PAD_PKCS1_OAEP_SHA3_384 ALG_RIPEMD160;yes;		0.052000;32;95;95
SIG_CIPHER_HMAC PAD_PKCS1_OAEP_SHA3_384 ALG_SHA_256;yes;		0.052000;32;107;107
SIG_CIPHER_HMAC PAD_PKCS1_OAEP_SHA3_384 ALG_SHA_384;yes;		0.053000;32;211;211
SIG_CIPHER_HMAC PAD_PKCS1_OAEP_SHA3_384 ALG_SHA_512;yes;		0.052000;32;211;211
SIG_CIPHER_HMAC PAD_PKCS1_OAEP_SHA3_384 ALG_SHA_224;yes;		0.054000;32;107;107
SIG_CIPHER_HMAC PAD_PKCS1_OAEP_SHA3_384 ALG_SHA3_224;no;		0.018000;0;0;0
SIG_CIPHER_HMAC PAD_PKCS1_OAEP_SHA3_384 ALG_SHA3_256;no;		0.018000;0;0;0
SIG_CIPHER_HMAC PAD_PKCS1_OAEP_SHA3_384 ALG_SHA3_384;no;		0.017000;0;0;0
SIG_CIPHER_HMAC PAD_PKCS1_OAEP_SHA3_384 ALG_SHA3_512;no;		0.017000;0;0;0
SIG_CIPHER_HMAC PAD_PKCS1_OAEP_SHA3_512 ALG_NULL;no;		0.018000;0;0;0
SIG_CIPHER_HMAC PAD_PKCS1_OAEP_SHA3_512 ALG_SHA;yes;		0.052000;32;95;95
SIG_CIPHER_HMAC PAD_PKCS1_OAEP_SHA3_512 ALG_MD5;yes;		0.052000;32;91;91
SIG_CIPHER_HMAC PAD_PKCS1_OAEP_SHA3_512 ALG_RIPEMD160;yes;		0.051000;32;95;95
SIG_CIPHER_HMAC PAD_PKCS1_OAEP_SHA3_512 ALG_SHA_256;yes;		0.052000;32;107;107
SIG_CIPHER_HMAC PAD_PKCS1_OAEP_SHA3_512 ALG_SHA_384;yes;		0.052000;32;211;211
SIG_CIPHER_HMAC PAD_PKCS1_OAEP_SHA3_512 ALG_SHA_512;yes;		0.052000;32;211;211
SIG_CIPHER_HMAC PAD_PKCS1_OAEP_SHA3_512 ALG_SHA_224;yes;		0.052000;32;107;107
SIG_CIPHER_HMAC PAD_PKCS1_OAEP_SHA3_512 ALG_SHA3_224;no;		0.017000;0;0;0
SIG_CIPHER_HMAC PAD_PKCS1_OAEP_SHA3_512 ALG_SHA3_256;no;		0.018000;0;0;0
SIG_CIPHER_HMAC PAD_PKCS1_OAEP_SHA3_512 ALG_SHA3_384;no;		0.016000;0;0;0
SIG_CIPHER_HMAC PAD_PKCS1_OAEP_SHA3_512 ALG_SHA3_512;no;		0.017000;0;0;0
SIG_CIPHER_HMAC PAD_ISO9796_MR_SCHEME_2 ALG_NULL;no;		0.018000;0;0;0
SIG_CIPHER_HMAC PAD_ISO9796_MR_SCHEME_2 ALG_SHA;yes;		0.051000;32;95;95
SIG_CIPHER_HMAC PAD_ISO9796_MR_SCHEME_2 ALG_MD5;yes;		0.052000;32;91;91
SIG_CIPHER_HMAC PAD_ISO9796_MR_SCHEME_2 ALG_RIPEMD160;yes;		0.051000;32;95;95
SIG_CIPHER_HMAC PAD_ISO9796_MR_SCHEME_2 ALG_SHA_256;yes;		0.051000;32;107;107
SIG_CIPHER_HMAC PAD_ISO9796_MR_SCHEME_2 ALG_SHA_384;yes;		0.051000;32;211;211
SIG_CIPHER_HMAC PAD_ISO9796_MR_SCHEME_2 ALG_SHA_512;yes;		0.052000;32;211;211
SIG_CIPHER_HMAC PAD_ISO9796_MR_SCHEME_2 ALG_SHA_224;yes;		0.052000;32;107;107
SIG_CIPHER_HMAC PAD_ISO9796_MR_SCHEME_2 ALG_SHA3_224;no;		0.017000;0;0;0
SIG_CIPHER_HMAC PAD_ISO9796_MR_SCHEME_2 ALG_SHA3_256;no;		0.017000;0;0;0
SIG_CIPHER_HMAC PAD_ISO9796_MR_SCHEME_2 ALG_SHA3_384;no;		0.018000;0;0;0
SIG_CIPHER_HMAC PAD_ISO9796_MR_SCHEME_2 ALG_SHA3_512;no;		0.018000;0;0;0
SIG_CIPHER_HMAC PAD_ISO9796_MR_SCHEME_3 ALG_NULL;no;		0.017000;0;0;0
SIG_CIPHER_HMAC PAD_ISO9796_MR_SCHEME_3 ALG_SHA;yes;		0.051000;32;95;95
SIG_CIPHER_HMAC PAD_ISO9796_MR_SCHEME_3 ALG_MD5;yes;		0.052000;32;91;91
SIG_CIPHER_HMAC PAD_ISO9796_MR_SCHEME_3 ALG_RIPEMD160;yes;		0.051000;32;95;95
SIG_CIPHER_HMAC PAD_ISO9796_MR_SCHEME_3 ALG_SHA_256;yes;		0.052000;32;107;107
SIG_CIPHER_HMAC PAD_ISO9796_MR_SCHEME_3 ALG_SHA_384;yes;		0.051000;32;211;211
SIG_CIPHER_HMAC PAD_ISO9796_MR_SCHEME_3 ALG_SHA_512;yes;		0.051000;32;211;211
SIG_CIPHER_HMAC PAD_ISO9796_MR_SCHEME_3 ALG_SHA_224;yes;		0.051000;32;107;107
SIG_CIPHER_HMAC PAD_ISO9796_MR_SCHEME_3 ALG_SHA3_224;no;		0.017000;0;0;0
SIG_CIPHER_HMAC PAD_ISO9796_MR_SCHEME_3 ALG_SHA3_256;no;		0.018000;0;0;0
SIG_CIPHER_HMAC PAD_ISO9796_MR_SCHEME_3 ALG_SHA3_384;no;		0.017000;0;0;0
SIG_CIPHER_HMAC PAD_ISO9796_MR_SCHEME_3 ALG_SHA3_512;no;		0.018000;0;0;0
SIG_CIPHER_KOREAN_SEED_MAC PAD_NULL ALG_NULL;no;		0.018000;0;0;0
SIG_CIPHER_KOREAN_SEED_MAC PAD_NULL ALG_SHA;no;		0.018000;0;0;0
SIG_CIPHER_KOREAN_SEED_MAC PAD_NULL ALG_MD5;no;		0.018000;0;0;0
SIG_CIPHER_KOREAN_SEED_MAC PAD_NULL ALG_RIPEMD160;no;		0.019000;0;0;0
SIG_CIPHER_KOREAN_SEED_MAC PAD_NULL ALG_SHA_256;no;		0.017000;0;0;0
SIG_CIPHER_KOREAN_SEED_MAC PAD_NULL ALG_SHA_384;no;		0.019000;0;0;0
SIG_CIPHER_KOREAN_SEED_MAC PAD_NULL ALG_SHA_512;no;		0.018000;0;0;0
SIG_CIPHER_KOREAN_SEED_MAC PAD_NULL ALG_SHA_224;no;		0.020000;0;0;0
SIG_CIPHER_KOREAN_SEED_MAC PAD_NULL ALG_SHA3_224;no;		0.018000;0;0;0
SIG_CIPHER_KOREAN_SEED_MAC PAD_NULL ALG_SHA3_256;no;		0.018000;0;0;0
SIG_CIPHER_KOREAN_SEED_MAC PAD_NULL ALG_SHA3_384;no;		0.019000;0;0;0
SIG_CIPHER_KOREAN_SEED_MAC PAD_NULL ALG_SHA3_512;no;		0.019000;0;0;0
SIG_CIPHER_KOREAN_SEED_MAC PAD_NOPAD ALG_NULL;yes;		0.052000;32;36;36
SIG_CIPHER_KOREAN_SEED_MAC PAD_NOPAD ALG_SHA;no;		0.017000;0;0;0
SIG_CIPHER_KOREAN_SEED_MAC PAD_NOPAD ALG_MD5;no;		0.017000;0;0;0
SIG_CIPHER_KOREAN_SEED_MAC PAD_NOPAD ALG_RIPEMD160;no;		0.018000;0;0;0
SIG_CIPHER_KOREAN_SEED_MAC PAD_NOPAD ALG_SHA_256;no;		0.020000;0;0;0
SIG_CIPHER_KOREAN_SEED_MAC PAD_NOPAD ALG_SHA_384;no;		0.017000;0;0;0
SIG_CIPHER_KOREAN_SEED_MAC PAD_NOPAD ALG_SHA_512;no;		0.018000;0;0;0
SIG_CIPHER_KOREAN_SEED_MAC PAD_NOPAD ALG_SHA_224;no;		0.018000;0;0;0
SIG_CIPHER_KOREAN_SEED_MAC PAD_NOPAD ALG_SHA3_224;no;		0.019000;0;0;0
SIG_CIPHER_KOREAN_SEED_MAC PAD_NOPAD ALG_SHA3_256;no;		0.018000;0;0;0
SIG_CIPHER_KOREAN_SEED_MAC PAD_NOPAD ALG_SHA3_384;no;		0.018000;0;0;0
SIG_CIPHER_KOREAN_SEED_MAC PAD_NOPAD ALG_SHA3_512;no;		0.018000;0;0;0
SIG_CIPHER_KOREAN_SEED_MAC PAD_ISO9797_M1 ALG_NULL;no;		0.018000;0;0;0
SIG_CIPHER_KOREAN_SEED_MAC PAD_ISO9797_M1 ALG_SHA;no;		0.018000;0;0;0
SIG_CIPHER_KOREAN_SEED_MAC PAD_ISO9797_M1 ALG_MD5;no;		0.019000;0;0;0
SIG_CIPHER_KOREAN_SEED_MAC PAD_ISO9797_M1 ALG_RIPEMD160;no;		0.019000;0;0;0
SIG_CIPHER_KOREAN_SEED_MAC PAD_ISO9797_M1 ALG_SHA_256;no;		0.018000;0;0;0
SIG_CIPHER_KOREAN_SEED_MAC PAD_ISO9797_M1 ALG_SHA_384;no;		0.018000;0;0;0
SIG_CIPHER_KOREAN_SEED_MAC PAD_ISO9797_M1 ALG_SHA_512;no;		0.020000;0;0;0
SIG_CIPHER_KOREAN_SEED_MAC PAD_ISO9797_M1 ALG_SHA_224;no;		0.017000;0;0;0
SIG_CIPHER_KOREAN_SEED_MAC PAD_ISO9797_M1 ALG_SHA3_224;no;		0.019000;0;0;0
SIG_CIPHER_KOREAN_SEED_MAC PAD_ISO9797_M1 ALG_SHA3_256;no;		0.019000;0;0;0
SIG_CIPHER_KOREAN_SEED_MAC PAD_ISO9797_M1 ALG_SHA3_384;no;		0.017000;0;0;0
SIG_CIPHER_KOREAN_SEED_MAC PAD_ISO9797_M1 ALG_SHA3_512;no;		0.019000;0;0;0
SIG_CIPHER_KOREAN_SEED_MAC PAD_ISO9797_M2 ALG_NULL;no;		0.019000;0;0;0
SIG_CIPHER_KOREAN_SEED_MAC PAD_ISO9797_M2 ALG_SHA;no;		0.018000;0;0;0
SIG_CIPHER_KOREAN_SEED_MAC PAD_ISO9797_M2 ALG_MD5;no;		0.018000;0;0;0
SIG_CIPHER_KOREAN_SEED_MAC PAD_ISO9797_M2 ALG_RIPEMD160;no;		0.018000;0;0;0
SIG_CIPHER_KOREAN_SEED_MAC PAD_ISO9797_M2 ALG_SHA_256;no;		0.018000;0;0;0
SIG_CIPHER_KOREAN_SEED_MAC PAD_ISO9797_M2 ALG_SHA_384;no;		0.018000;0;0;0
SIG_CIPHER_KOREAN_SEED_MAC PAD_ISO9797_M2 ALG_SHA_512;no;		0.018000;0;0;0
SIG_CIPHER_KOREAN_SEED_MAC PAD_ISO9797_M2 ALG_SHA_224;no;		0.018000;0;0;0
SIG_CIPHER_KOREAN_SEED_MAC PAD_ISO9797_M2 ALG_SHA3_224;no;		0.018000;0;0;0
SIG_CIPHER_KOREAN_SEED_MAC PAD_ISO9797_M2 ALG_SHA3_256;no;		0.018000;0;0;0
SIG_CIPHER_KOREAN_SEED_MAC PAD_ISO9797_M2 ALG_SHA3_384;no;		0.018000;0;0;0
SIG_CIPHER_KOREAN_SEED_MAC PAD_ISO9797_M2 ALG_SHA3_512;no;		0.017000;0;0;0
SIG_CIPHER_KOREAN_SEED_MAC PAD_ISO9797_1_M1_ALG3 ALG_NULL;no;		0.017000;0;0;0
SIG_CIPHER_KOREAN_SEED_MAC PAD_ISO9797_1_M1_ALG3 ALG_SHA;no;		0.017000;0;0;0
SIG_CIPHER_KOREAN_SEED_MAC PAD_ISO9797_1_M1_ALG3 ALG_MD5;no;		0.018000;0;0;0
SIG_CIPHER_KOREAN_SEED_MAC PAD_ISO9797_1_M1_ALG3 ALG_RIPEMD160;no;		0.017000;0;0;0
SIG_CIPHER_KOREAN_SEED_MAC PAD_ISO9797_1_M1_ALG3 ALG_SHA_256;no;		0.018000;0;0;0
SIG_CIPHER_KOREAN_SEED_MAC PAD_ISO9797_1_M1_ALG3 ALG_SHA_384;no;		0.017000;0;0;0
SIG_CIPHER_KOREAN_SEED_MAC PAD_ISO9797_1_M1_ALG3 ALG_SHA_512;no;		0.017000;0;0;0
SIG_CIPHER_KOREAN_SEED_MAC PAD_ISO9797_1_M1_ALG3 ALG_SHA_224;no;		0.019000;0;0;0
SIG_CIPHER_KOREAN_SEED_MAC PAD_ISO9797_1_M1_ALG3 ALG_SHA3_224;no;		0.017000;0;0;0
SIG_CIPHER_KOREAN_SEED_MAC PAD_ISO9797_1_M1_ALG3 ALG_SHA3_256;no;		0.018000;0;0;0
SIG_CIPHER_KOREAN_SEED_MAC PAD_ISO9797_1_M1_ALG3 ALG_SHA3_384;no;		0.018000;0;0;0
SIG_CIPHER_KOREAN_SEED_MAC PAD_ISO9797_1_M1_ALG3 ALG_SHA3_512;no;		0.018000;0;0;0
SIG_CIPHER_KOREAN_SEED_MAC PAD_ISO9797_1_M2_ALG3 ALG_NULL;no;		0.017000;0;0;0
SIG_CIPHER_KOREAN_SEED_MAC PAD_ISO9797_1_M2_ALG3 ALG_SHA;no;		0.018000;0;0;0
SIG_CIPHER_KOREAN_SEED_MAC PAD_ISO9797_1_M2_ALG3 ALG_MD5;no;		0.021000;0;0;0
SIG_CIPHER_KOREAN_SEED_MAC PAD_ISO9797_1_M2_ALG3 ALG_RIPEMD160;no;		0.018000;0;0;0
SIG_CIPHER_KOREAN_SEED_MAC PAD_ISO9797_1_M2_ALG3 ALG_SHA_256;no;		0.019000;0;0;0
SIG_CIPHER_KOREAN_SEED_MAC PAD_ISO9797_1_M2_ALG3 ALG_SHA_384;no;		0.018000;0;0;0
SIG_CIPHER_KOREAN_SEED_MAC PAD_ISO9797_1_M2_ALG3 ALG_SHA_512;no;		0.019000;0;0;0
SIG_CIPHER_KOREAN_SEED_MAC PAD_ISO9797_1_M2_ALG3 ALG_SHA_224;no;		0.018000;0;0;0
SIG_CIPHER_KOREAN_SEED_MAC PAD_ISO9797_1_M2_ALG3 ALG_SHA3_224;no;		0.018000;0;0;0
SIG_CIPHER_KOREAN_SEED_MAC PAD_ISO9797_1_M2_ALG3 ALG_SHA3_256;no;		0.017000;0;0;0
SIG_CIPHER_KOREAN_SEED_MAC PAD_ISO9797_1_M2_ALG3 ALG_SHA3_384;no;		0.019000;0;0;0
SIG_CIPHER_KOREAN_SEED_MAC PAD_ISO9797_1_M2_ALG3 ALG_SHA3_512;no;		0.018000;0;0;0
SIG_CIPHER_KOREAN_SEED_MAC PAD_PKCS5 ALG_NULL;yes;		0.052000;32;36;36
SIG_CIPHER_KOREAN_SEED_MAC PAD_PKCS5 ALG_SHA;no;		0.018000;0;0;0
SIG_CIPHER_KOREAN_SEED_MAC PAD_PKCS5 ALG_MD5;no;		0.018000;0;0;0
SIG_CIPHER_KOREAN_SEED_MAC PAD_PKCS5 ALG_RIPEMD160;no;		0.018000;0;0;0
SIG_CIPHER_KOREAN_SEED_MAC PAD_PKCS5 ALG_SHA_256;no;		0.019000;0;0;0
SIG_CIPHER_KOREAN_SEED_MAC PAD_PKCS5 ALG_SHA_384;no;		0.019000;0;0;0
SIG_CIPHER_KOREAN_SEED_MAC PAD_PKCS5 ALG_SHA_512;no;		0.018000;0;0;0
SIG_CIPHER_KOREAN_SEED_MAC PAD_PKCS5 ALG_SHA_224;no;		0.018000;0;0;0
SIG_CIPHER_KOREAN_SEED_MAC PAD_PKCS5 ALG_SHA3_224;no;		0.019000;0;0;0
SIG_CIPHER_KOREAN_SEED_MAC PAD_PKCS5 ALG_SHA3_256;no;		0.018000;0;0;0
SIG_CIPHER_KOREAN_SEED_MAC PAD_PKCS5 ALG_SHA3_384;no;		0.018000;0;0;0
SIG_CIPHER_KOREAN_SEED_MAC PAD_PKCS5 ALG_SHA3_512;no;		0.019000;0;0;0
SIG_CIPHER_KOREAN_SEED_MAC PAD_PKCS1 ALG_NULL;no;		0.019000;0;0;0
SIG_CIPHER_KOREAN_SEED_MAC PAD_PKCS1 ALG_SHA;no;		0.018000;0;0;0
SIG_CIPHER_KOREAN_SEED_MAC PAD_PKCS1 ALG_MD5;no;		0.019000;0;0;0
SIG_CIPHER_KOREAN_SEED_MAC PAD_PKCS1 ALG_RIPEMD160;no;		0.018000;0;0;0
SIG_CIPHER_KOREAN_SEED_MAC PAD_PKCS1 ALG_SHA_256;no;		0.018000;0;0;0
SIG_CIPHER_KOREAN_SEED_MAC PAD_PKCS1 ALG_SHA_384;no;		0.018000;0;0;0
SIG_CIPHER_KOREAN_SEED_MAC PAD_PKCS1 ALG_SHA_512;no;		0.019000;0;0;0
SIG_CIPHER_KOREAN_SEED_MAC PAD_PKCS1 ALG_SHA_224;no;		0.018000;0;0;0
SIG_CIPHER_KOREAN_SEED_MAC PAD_PKCS1 ALG_SHA3_224;no;		0.018000;0;0;0
SIG_CIPHER_KOREAN_SEED_MAC PAD_PKCS1 ALG_SHA3_256;no;		0.017000;0;0;0
SIG_CIPHER_KOREAN_SEED_MAC PAD_PKCS1 ALG_SHA3_384;no;		0.019000;0;0;0
SIG_CIPHER_KOREAN_SEED_MAC PAD_PKCS1 ALG_SHA3_512;no;		0.017000;0;0;0
SIG_CIPHER_KOREAN_SEED_MAC PAD_PKCS1_PSS ALG_NULL;no;		0.021000;0;0;0
SIG_CIPHER_KOREAN_SEED_MAC PAD_PKCS1_PSS ALG_SHA;no;		0.017000;0;0;0
SIG_CIPHER_KOREAN_SEED_MAC PAD_PKCS1_PSS ALG_MD5;no;		0.019000;0;0;0
SIG_CIPHER_KOREAN_SEED_MAC PAD_PKCS1_PSS ALG_RIPEMD160;no;		0.020000;0;0;0
SIG_CIPHER_KOREAN_SEED_MAC PAD_PKCS1_PSS ALG_SHA_256;no;		0.018000;0;0;0
SIG_CIPHER_KOREAN_SEED_MAC PAD_PKCS1_PSS ALG_SHA_384;no;		0.017000;0;0;0
SIG_CIPHER_KOREAN_SEED_MAC PAD_PKCS1_PSS ALG_SHA_512;no;		0.018000;0;0;0
SIG_CIPHER_KOREAN_SEED_MAC PAD_PKCS1_PSS ALG_SHA_224;no;		0.018000;0;0;0
SIG_CIPHER_KOREAN_SEED_MAC PAD_PKCS1_PSS ALG_SHA3_224;no;		0.019000;0;0;0
SIG_CIPHER_KOREAN_SEED_MAC PAD_PKCS1_PSS ALG_SHA3_256;no;		0.018000;0;0;0
SIG_CIPHER_KOREAN_SEED_MAC PAD_PKCS1_PSS ALG_SHA3_384;no;		0.018000;0;0;0
SIG_CIPHER_KOREAN_SEED_MAC PAD_PKCS1_PSS ALG_SHA3_512;no;		0.018000;0;0;0
SIG_CIPHER_KOREAN_SEED_MAC PAD_PKCS1_OAEP ALG_NULL;no;		0.017000;0;0;0
SIG_CIPHER_KOREAN_SEED_MAC PAD_PKCS1_OAEP ALG_SHA;no;		0.020000;0;0;0
SIG_CIPHER_KOREAN_SEED_MAC PAD_PKCS1_OAEP ALG_MD5;no;		0.018000;0;0;0
SIG_CIPHER_KOREAN_SEED_MAC PAD_PKCS1_OAEP ALG_RIPEMD160;no;		0.018000;0;0;0
SIG_CIPHER_KOREAN_SEED_MAC PAD_PKCS1_OAEP ALG_SHA_256;no;		0.016000;0;0;0
SIG_CIPHER_KOREAN_SEED_MAC PAD_PKCS1_OAEP ALG_SHA_384;no;		0.017000;0;0;0
SIG_CIPHER_KOREAN_SEED_MAC PAD_PKCS1_OAEP ALG_SHA_512;no;		0.018000;0;0;0
SIG_CIPHER_KOREAN_SEED_MAC PAD_PKCS1_OAEP ALG_SHA_224;no;		0.017000;0;0;0
SIG_CIPHER_KOREAN_SEED_MAC PAD_PKCS1_OAEP ALG_SHA3_224;no;		0.018000;0;0;0
SIG_CIPHER_KOREAN_SEED_MAC PAD_PKCS1_OAEP ALG_SHA3_256;no;		0.018000;0;0;0
SIG_CIPHER_KOREAN_SEED_MAC PAD_PKCS1_OAEP ALG_SHA3_384;no;		0.017000;0;0;0
SIG_CIPHER_KOREAN_SEED_MAC PAD_PKCS1_OAEP ALG_SHA3_512;no;		0.017000;0;0;0
SIG_CIPHER_KOREAN_SEED_MAC PAD_ISO9796 ALG_NULL;no;		0.019000;0;0;0
SIG_CIPHER_KOREAN_SEED_MAC PAD_ISO9796 ALG_SHA;no;		0.018000;0;0;0
SIG_CIPHER_KOREAN_SEED_MAC PAD_ISO9796 ALG_MD5;no;		0.018000;0;0;0
SIG_CIPHER_KOREAN_SEED_MAC PAD_ISO9796 ALG_RIPEMD160;no;		0.018000;0;0;0
SIG_CIPHER_KOREAN_SEED_MAC PAD_ISO9796 ALG_SHA_256;no;		0.018000;0;0;0
SIG_CIPHER_KOREAN_SEED_MAC PAD_ISO9796 ALG_SHA_384;no;		0.018000;0;0;0
SIG_CIPHER_KOREAN_SEED_MAC PAD_ISO9796 ALG_SHA_512;no;		0.018000;0;0;0
SIG_CIPHER_KOREAN_SEED_MAC PAD_ISO9796 ALG_SHA_224;no;		0.018000;0;0;0
SIG_CIPHER_KOREAN_SEED_MAC PAD_ISO9796 ALG_SHA3_224;no;		0.021000;0;0;0
SIG_CIPHER_KOREAN_SEED_MAC PAD_ISO9796 ALG_SHA3_256;no;		0.017000;0;0;0
SIG_CIPHER_KOREAN_SEED_MAC PAD_ISO9796 ALG_SHA3_384;no;		0.021000;0;0;0
SIG_CIPHER_KOREAN_SEED_MAC PAD_ISO9796 ALG_SHA3_512;no;		0.018000;0;0;0
SIG_CIPHER_KOREAN_SEED_MAC PAD_ISO9796_MR ALG_NULL;no;		0.018000;0;0;0
SIG_CIPHER_KOREAN_SEED_MAC PAD_ISO9796_MR ALG_SHA;no;		0.018000;0;0;0
SIG_CIPHER_KOREAN_SEED_MAC PAD_ISO9796_MR ALG_MD5;no;		0.019000;0;0;0
SIG_CIPHER_KOREAN_SEED_MAC PAD_ISO9796_MR ALG_RIPEMD160;no;		0.018000;0;0;0
SIG_CIPHER_KOREAN_SEED_MAC PAD_ISO9796_MR ALG_SHA_256;no;		0.018000;0;0;0
SIG_CIPHER_KOREAN_SEED_MAC PAD_ISO9796_MR ALG_SHA_384;no;		0.018000;0;0;0
SIG_CIPHER_KOREAN_SEED_MAC PAD_ISO9796_MR ALG_SHA_512;no;		0.017000;0;0;0
SIG_CIPHER_KOREAN_SEED_MAC PAD_ISO9796_MR ALG_SHA_224;no;		0.019000;0;0;0
SIG_CIPHER_KOREAN_SEED_MAC PAD_ISO9796_MR ALG_SHA3_224;no;		0.018000;0;0;0
SIG_CIPHER_KOREAN_SEED_MAC PAD_ISO9796_MR ALG_SHA3_256;no;		0.018000;0;0;0
SIG_CIPHER_KOREAN_SEED_MAC PAD_ISO9796_MR ALG_SHA3_384;no;		0.018000;0;0;0
SIG_CIPHER_KOREAN_SEED_MAC PAD_ISO9796_MR ALG_SHA3_512;no;		0.020000;0;0;0
SIG_CIPHER_KOREAN_SEED_MAC PAD_RFC2409 ALG_NULL;no;		0.019000;0;0;0
SIG_CIPHER_KOREAN_SEED_MAC PAD_RFC2409 ALG_SHA;no;		0.018000;0;0;0
SIG_CIPHER_KOREAN_SEED_MAC PAD_RFC2409 ALG_MD5;no;		0.018000;0;0;0
SIG_CIPHER_KOREAN_SEED_MAC PAD_RFC2409 ALG_RIPEMD160;no;		0.019000;0;0;0
SIG_CIPHER_KOREAN_SEED_MAC PAD_RFC2409 ALG_SHA_256;no;		0.020000;0;0;0
SIG_CIPHER_KOREAN_SEED_MAC PAD_RFC2409 ALG_SHA_384;no;		0.018000;0;0;0
SIG_CIPHER_KOREAN_SEED_MAC PAD_RFC2409 ALG_SHA_512;no;		0.017000;0;0;0
SIG_CIPHER_KOREAN_SEED_MAC PAD_RFC2409 ALG_SHA_224;no;		0.018000;0;0;0
SIG_CIPHER_KOREAN_SEED_MAC PAD_RFC2409 ALG_SHA3_224;no;		0.017000;0;0;0
SIG_CIPHER_KOREAN_SEED_MAC PAD_RFC2409 ALG_SHA3_256;no;		0.019000;0;0;0
SIG_CIPHER_KOREAN_SEED_MAC PAD_RFC2409 ALG_SHA3_384;no;		0.018000;0;0;0
SIG_CIPHER_KOREAN_SEED_MAC PAD_RFC2409 ALG_SHA3_512;no;		0.019000;0;0;0
SIG_CIPHER_KOREAN_SEED_MAC PAD_PKCS1_OAEP_SHA224 ALG_NULL;no;		0.019000;0;0;0
SIG_CIPHER_KOREAN_SEED_MAC PAD_PKCS1_OAEP_SHA224 ALG_SHA;no;		0.019000;0;0;0
SIG_CIPHER_KOREAN_SEED_MAC PAD_PKCS1_OAEP_SHA224 ALG_MD5;no;		0.019000;0;0;0
SIG_CIPHER_KOREAN_SEED_MAC PAD_PKCS1_OAEP_SHA224 ALG_RIPEMD160;no;		0.018000;0;0;0
SIG_CIPHER_KOREAN_SEED_MAC PAD_PKCS1_OAEP_SHA224 ALG_SHA_256;no;		0.017000;0;0;0
SIG_CIPHER_KOREAN_SEED_MAC PAD_PKCS1_OAEP_SHA224 ALG_SHA_384;no;		0.018000;0;0;0
SIG_CIPHER_KOREAN_SEED_MAC PAD_PKCS1_OAEP_SHA224 ALG_SHA_512;no;		0.018000;0;0;0
SIG_CIPHER_KOREAN_SEED_MAC PAD_PKCS1_OAEP_SHA224 ALG_SHA_224;no;		0.017000;0;0;0
SIG_CIPHER_KOREAN_SEED_MAC PAD_PKCS1_OAEP_SHA224 ALG_SHA3_224;no;		0.018000;0;0;0
SIG_CIPHER_KOREAN_SEED_MAC PAD_PKCS1_OAEP_SHA224 ALG_SHA3_256;no;		0.018000;0;0;0
SIG_CIPHER_KOREAN_SEED_MAC PAD_PKCS1_OAEP_SHA224 ALG_SHA3_384;no;		0.018000;0;0;0
SIG_CIPHER_KOREAN_SEED_MAC PAD_PKCS1_OAEP_SHA224 ALG_SHA3_512;no;		0.018000;0;0;0
SIG_CIPHER_KOREAN_SEED_MAC PAD_PKCS1_OAEP_SHA256 ALG_NULL;no;		0.018000;0;0;0
SIG_CIPHER_KOREAN_SEED_MAC PAD_PKCS1_OAEP_SHA256 ALG_SHA;no;		0.017000;0;0;0
SIG_CIPHER_KOREAN_SEED_MAC PAD_PKCS1_OAEP_SHA256 ALG_MD5;no;		0.018000;0;0;0
SIG_CIPHER_KOREAN_SEED_MAC PAD_PKCS1_OAEP_SHA256 ALG_RIPEMD160;no;		0.018000;0;0;0
SIG_CIPHER_KOREAN_SEED_MAC PAD_PKCS1_OAEP_SHA256 ALG_SHA_256;no;		0.019000;0;0;0
SIG_CIPHER_KOREAN_SEED_MAC PAD_PKCS1_OAEP_SHA256 ALG_SHA_384;no;		0.018000;0;0;0
SIG_CIPHER_KOREAN_SEED_MAC PAD_PKCS1_OAEP_SHA256 ALG_SHA_512;no;		0.018000;0;0;0
SIG_CIPHER_KOREAN_SEED_MAC PAD_PKCS1_OAEP_SHA256 ALG_SHA_224;no;		0.018000;0;0;0
SIG_CIPHER_KOREAN_SEED_MAC PAD_PKCS1_OAEP_SHA256 ALG_SHA3_224;no;		0.019000;0;0;0
SIG_CIPHER_KOREAN_SEED_MAC PAD_PKCS1_OAEP_SHA256 ALG_SHA3_256;no;		0.018000;0;0;0
SIG_CIPHER_KOREAN_SEED_MAC PAD_PKCS1_OAEP_SHA256 ALG_SHA3_384;no;		0.018000;0;0;0
SIG_CIPHER_KOREAN_SEED_MAC PAD_PKCS1_OAEP_SHA256 ALG_SHA3_512;no;		0.019000;0;0;0
SIG_CIPHER_KOREAN_SEED_MAC PAD_PKCS1_OAEP_SHA384 ALG_NULL;no;		0.018000;0;0;0
SIG_CIPHER_KOREAN_SEED_MAC PAD_PKCS1_OAEP_SHA384 ALG_SHA;no;		0.020000;0;0;0
SIG_CIPHER_KOREAN_SEED_MAC PAD_PKCS1_OAEP_SHA384 ALG_MD5;no;		0.018000;0;0;0
SIG_CIPHER_KOREAN_SEED_MAC PAD_PKCS1_OAEP_SHA384 ALG_RIPEMD160;no;		0.018000;0;0;0
SIG_CIPHER_KOREAN_SEED_MAC PAD_PKCS1_OAEP_SHA384 ALG_SHA_256;no;		0.018000;0;0;0
SIG_CIPHER_KOREAN_SEED_MAC PAD_PKCS1_OAEP_SHA384 ALG_SHA_384;no;		0.018000;0;0;0
SIG_CIPHER_KOREAN_SEED_MAC PAD_PKCS1_OAEP_SHA384 ALG_SHA_512;no;		0.018000;0;0;0
SIG_CIPHER_KOREAN_SEED_MAC PAD_PKCS1_OAEP_SHA384 ALG_SHA_224;no;		0.019000;0;0;0
SIG_CIPHER_KOREAN_SEED_MAC PAD_PKCS1_OAEP_SHA384 ALG_SHA3_224;no;		0.017000;0;0;0
SIG_CIPHER_KOREAN_SEED_MAC PAD_PKCS1_OAEP_SHA384 ALG_SHA3_256;no;		0.019000;0;0;0
SIG_CIPHER_KOREAN_SEED_MAC PAD_PKCS1_OAEP_SHA384 ALG_SHA3_384;no;		0.021000;0;0;0
SIG_CIPHER_KOREAN_SEED_MAC PAD_PKCS1_OAEP_SHA384 ALG_SHA3_512;no;		0.018000;0;0;0
SIG_CIPHER_KOREAN_SEED_MAC PAD_PKCS1_OAEP_SHA512 ALG_NULL;no;		0.020000;0;0;0
SIG_CIPHER_KOREAN_SEED_MAC PAD_PKCS1_OAEP_SHA512 ALG_SHA;no;		0.018000;0;0;0
SIG_CIPHER_KOREAN_SEED_MAC PAD_PKCS1_OAEP_SHA512 ALG_MD5;no;		0.019000;0;0;0
SIG_CIPHER_KOREAN_SEED_MAC PAD_PKCS1_OAEP_SHA512 ALG_RIPEMD160;no;		0.018000;0;0;0
SIG_CIPHER_KOREAN_SEED_MAC PAD_PKCS1_OAEP_SHA512 ALG_SHA_256;no;		0.018000;0;0;0
SIG_CIPHER_KOREAN_SEED_MAC PAD_PKCS1_OAEP_SHA512 ALG_SHA_384;no;		0.018000;0;0;0
SIG_CIPHER_KOREAN_SEED_MAC PAD_PKCS1_OAEP_SHA512 ALG_SHA_512;no;		0.023000;0;0;0
SIG_CIPHER_KOREAN_SEED_MAC PAD_PKCS1_OAEP_SHA512 ALG_SHA_224;no;		0.017000;0;0;0
SIG_CIPHER_KOREAN_SEED_MAC PAD_PKCS1_OAEP_SHA512 ALG_SHA3_224;no;		0.018000;0;0;0
SIG_CIPHER_KOREAN_SEED_MAC PAD_PKCS1_OAEP_SHA512 ALG_SHA3_256;no;		0.018000;0;0;0
SIG_CIPHER_KOREAN_SEED_MAC PAD_PKCS1_OAEP_SHA512 ALG_SHA3_384;no;		0.019000;0;0;0
SIG_CIPHER_KOREAN_SEED_MAC PAD_PKCS1_OAEP_SHA512 ALG_SHA3_512;no;		0.019000;0;0;0
SIG_CIPHER_KOREAN_SEED_MAC PAD_PKCS1_OAEP_SHA3_224 ALG_NULL;no;		0.019000;0;0;0
SIG_CIPHER_KOREAN_SEED_MAC PAD_PKCS1_OAEP_SHA3_224 ALG_SHA;no;		0.022000;0;0;0
SIG_CIPHER_KOREAN_SEED_MAC PAD_PKCS1_OAEP_SHA3_224 ALG_MD5;no;		0.018000;0;0;0
SIG_CIPHER_KOREAN_SEED_MAC PAD_PKCS1_OAEP_SHA3_224 ALG_RIPEMD160;no;		0.019000;0;0;0
SIG_CIPHER_KOREAN_SEED_MAC PAD_PKCS1_OAEP_SHA3_224 ALG_SHA_256;no;		0.024000;0;0;0
SIG_CIPHER_KOREAN_SEED_MAC PAD_PKCS1_OAEP_SHA3_224 ALG_SHA_384;no;		0.019000;0;0;0
SIG_CIPHER_KOREAN_SEED_MAC PAD_PKCS1_OAEP_SHA3_224 ALG_SHA_512;no;		0.018000;0;0;0
SIG_CIPHER_KOREAN_SEED_MAC PAD_PKCS1_OAEP_SHA3_224 ALG_SHA_224;no;		0.019000;0;0;0
SIG_CIPHER_KOREAN_SEED_MAC PAD_PKCS1_OAEP_SHA3_224 ALG_SHA3_224;no;		0.017000;0;0;0
SIG_CIPHER_KOREAN_SEED_MAC PAD_PKCS1_OAEP_SHA3_224 ALG_SHA3_256;no;		0.018000;0;0;0
SIG_CIPHER_KOREAN_SEED_MAC PAD_PKCS1_OAEP_SHA3_224 ALG_SHA3_384;no;		0.020000;0;0;0
SIG_CIPHER_KOREAN_SEED_MAC PAD_PKCS1_OAEP_SHA3_224 ALG_SHA3_512;no;		0.018000;0;0;0
SIG_CIPHER_KOREAN_SEED_MAC PAD_PKCS1_OAEP_SHA3_256 ALG_NULL;no;		0.018000;0;0;0
SIG_CIPHER_KOREAN_SEED_MAC PAD_PKCS1_OAEP_SHA3_256 ALG_SHA;no;		0.019000;0;0;0
SIG_CIPHER_KOREAN_SEED_MAC PAD_PKCS1_OAEP_SHA3_256 ALG_MD5;no;		0.018000;0;0;0
SIG_CIPHER_KOREAN_SEED_MAC PAD_PKCS1_OAEP_SHA3_256 ALG_RIPEMD160;no;		0.018000;0;0;0
SIG_CIPHER_KOREAN_SEED_MAC PAD_PKCS1_OAEP_SHA3_256 ALG_SHA_256;no;		0.017000;0;0;0
SIG_CIPHER_KOREAN_SEED_MAC PAD_PKCS1_OAEP_SHA3_256 ALG_SHA_384;no;		0.018000;0;0;0
SIG_CIPHER_KOREAN_SEED_MAC PAD_PKCS1_OAEP_SHA3_256 ALG_SHA_512;no;		0.018000;0;0;0
SIG_CIPHER_KOREAN_SEED_MAC PAD_PKCS1_OAEP_SHA3_256 ALG_SHA_224;no;		0.019000;0;0;0
SIG_CIPHER_KOREAN_SEED_MAC PAD_PKCS1_OAEP_SHA3_256 ALG_SHA3_224;no;		0.020000;0;0;0
SIG_CIPHER_KOREAN_SEED_MAC PAD_PKCS1_OAEP_SHA3_256 ALG_SHA3_256;no;		0.018000;0;0;0
SIG_CIPHER_KOREAN_SEED_MAC PAD_PKCS1_OAEP_SHA3_256 ALG_SHA3_384;no;		0.018000;0;0;0
SIG_CIPHER_KOREAN_SEED_MAC PAD_PKCS1_OAEP_SHA3_256 ALG_SHA3_512;no;		0.018000;0;0;0
SIG_CIPHER_KOREAN_SEED_MAC PAD_PKCS1_OAEP_SHA3_384 ALG_NULL;no;		0.018000;0;0;0
SIG_CIPHER_KOREAN_SEED_MAC PAD_PKCS1_OAEP_SHA3_384 ALG_SHA;no;		0.018000;0;0;0
SIG_CIPHER_KOREAN_SEED_MAC PAD_PKCS1_OAEP_SHA3_384 ALG_MD5;no;		0.018000;0;0;0
SIG_CIPHER_KOREAN_SEED_MAC PAD_PKCS1_OAEP_SHA3_384 ALG_RIPEMD160;no;		0.019000;0;0;0
SIG_CIPHER_KOREAN_SEED_MAC PAD_PKCS1_OAEP_SHA3_384 ALG_SHA_256;no;		0.017000;0;0;0
SIG_CIPHER_KOREAN_SEED_MAC PAD_PKCS1_OAEP_SHA3_384 ALG_SHA_384;no;		0.018000;0;0;0
SIG_CIPHER_KOREAN_SEED_MAC PAD_PKCS1_OAEP_SHA3_384 ALG_SHA_512;no;		0.019000;0;0;0
SIG_CIPHER_KOREAN_SEED_MAC PAD_PKCS1_OAEP_SHA3_384 ALG_SHA_224;no;		0.019000;0;0;0
SIG_CIPHER_KOREAN_SEED_MAC PAD_PKCS1_OAEP_SHA3_384 ALG_SHA3_224;no;		0.018000;0;0;0
SIG_CIPHER_KOREAN_SEED_MAC PAD_PKCS1_OAEP_SHA3_384 ALG_SHA3_256;no;		0.023000;0;0;0
SIG_CIPHER_KOREAN_SEED_MAC PAD_PKCS1_OAEP_SHA3_384 ALG_SHA3_384;no;		0.020000;0;0;0
SIG_CIPHER_KOREAN_SEED_MAC PAD_PKCS1_OAEP_SHA3_384 ALG_SHA3_512;no;		0.018000;0;0;0
SIG_CIPHER_KOREAN_SEED_MAC PAD_PKCS1_OAEP_SHA3_512 ALG_NULL;no;		0.018000;0;0;0
SIG_CIPHER_KOREAN_SEED_MAC PAD_PKCS1_OAEP_SHA3_512 ALG_SHA;no;		0.020000;0;0;0
SIG_CIPHER_KOREAN_SEED_MAC PAD_PKCS1_OAEP_SHA3_512 ALG_MD5;no;		0.019000;0;0;0
SIG_CIPHER_KOREAN_SEED_MAC PAD_PKCS1_OAEP_SHA3_512 ALG_RIPEMD160;no;		0.019000;0;0;0
SIG_CIPHER_KOREAN_SEED_MAC PAD_PKCS1_OAEP_SHA3_512 ALG_SHA_256;no;		0.018000;0;0;0
SIG_CIPHER_KOREAN_SEED_MAC PAD_PKCS1_OAEP_SHA3_512 ALG_SHA_384;no;		0.019000;0;0;0
SIG_CIPHER_KOREAN_SEED_MAC PAD_PKCS1_OAEP_SHA3_512 ALG_SHA_512;no;		0.018000;0;0;0
SIG_CIPHER_KOREAN_SEED_MAC PAD_PKCS1_OAEP_SHA3_512 ALG_SHA_224;no;		0.018000;0;0;0
SIG_CIPHER_KOREAN_SEED_MAC PAD_PKCS1_OAEP_SHA3_512 ALG_SHA3_224;no;		0.018000;0;0;0
SIG_CIPHER_KOREAN_SEED_MAC PAD_PKCS1_OAEP_SHA3_512 ALG_SHA3_256;no;		0.017000;0;0;0
SIG_CIPHER_KOREAN_SEED_MAC PAD_PKCS1_OAEP_SHA3_512 ALG_SHA3_384;no;		0.018000;0;0;0
SIG_CIPHER_KOREAN_SEED_MAC PAD_PKCS1_OAEP_SHA3_512 ALG_SHA3_512;no;		0.017000;0;0;0
SIG_CIPHER_KOREAN_SEED_MAC PAD_ISO9796_MR_SCHEME_2 ALG_NULL;no;		0.018000;0;0;0
SIG_CIPHER_KOREAN_SEED_MAC PAD_ISO9796_MR_SCHEME_2 ALG_SHA;no;		0.021000;0;0;0
SIG_CIPHER_KOREAN_SEED_MAC PAD_ISO9796_MR_SCHEME_2 ALG_MD5;no;		0.017000;0;0;0
SIG_CIPHER_KOREAN_SEED_MAC PAD_ISO9796_MR_SCHEME_2 ALG_RIPEMD160;no;		0.018000;0;0;0
SIG_CIPHER_KOREAN_SEED_MAC PAD_ISO9796_MR_SCHEME_2 ALG_SHA_256;no;		0.017000;0;0;0
SIG_CIPHER_KOREAN_SEED_MAC PAD_ISO9796_MR_SCHEME_2 ALG_SHA_384;no;		0.019000;0;0;0
SIG_CIPHER_KOREAN_SEED_MAC PAD_ISO9796_MR_SCHEME_2 ALG_SHA_512;no;		0.018000;0;0;0
SIG_CIPHER_KOREAN_SEED_MAC PAD_ISO9796_MR_SCHEME_2 ALG_SHA_224;no;		0.018000;0;0;0
SIG_CIPHER_KOREAN_SEED_MAC PAD_ISO9796_MR_SCHEME_2 ALG_SHA3_224;no;		0.019000;0;0;0
SIG_CIPHER_KOREAN_SEED_MAC PAD_ISO9796_MR_SCHEME_2 ALG_SHA3_256;no;		0.018000;0;0;0
SIG_CIPHER_KOREAN_SEED_MAC PAD_ISO9796_MR_SCHEME_2 ALG_SHA3_384;no;		0.018000;0;0;0
SIG_CIPHER_KOREAN_SEED_MAC PAD_ISO9796_MR_SCHEME_2 ALG_SHA3_512;no;		0.020000;0;0;0
SIG_CIPHER_KOREAN_SEED_MAC PAD_ISO9796_MR_SCHEME_3 ALG_NULL;no;		0.019000;0;0;0
SIG_CIPHER_KOREAN_SEED_MAC PAD_ISO9796_MR_SCHEME_3 ALG_SHA;no;		0.018000;0;0;0
SIG_CIPHER_KOREAN_SEED_MAC PAD_ISO9796_MR_SCHEME_3 ALG_MD5;no;		0.018000;0;0;0
SIG_CIPHER_KOREAN_SEED_MAC PAD_ISO9796_MR_SCHEME_3 ALG_RIPEMD160;no;		0.020000;0;0;0
SIG_CIPHER_KOREAN_SEED_MAC PAD_ISO9796_MR_SCHEME_3 ALG_SHA_256;no;		0.018000;0;0;0
SIG_CIPHER_KOREAN_SEED_MAC PAD_ISO9796_MR_SCHEME_3 ALG_SHA_384;no;		0.017000;0;0;0
SIG_CIPHER_KOREAN_SEED_MAC PAD_ISO9796_MR_SCHEME_3 ALG_SHA_512;no;		0.018000;0;0;0
SIG_CIPHER_KOREAN_SEED_MAC PAD_ISO9796_MR_SCHEME_3 ALG_SHA_224;no;		0.018000;0;0;0
SIG_CIPHER_KOREAN_SEED_MAC PAD_ISO9796_MR_SCHEME_3 ALG_SHA3_224;no;		0.018000;0;0;0
SIG_CIPHER_KOREAN_SEED_MAC PAD_ISO9796_MR_SCHEME_3 ALG_SHA3_256;no;		0.019000;0;0;0
SIG_CIPHER_KOREAN_SEED_MAC PAD_ISO9796_MR_SCHEME_3 ALG_SHA3_384;no;		0.018000;0;0;0
SIG_CIPHER_KOREAN_SEED_MAC PAD_ISO9796_MR_SCHEME_3 ALG_SHA3_512;no;		0.018000;0;0;0
SIG_CIPHER_ECDSA_PLAIN PAD_NULL ALG_NULL;no;		0.019000;0;0;0
SIG_CIPHER_ECDSA_PLAIN PAD_NULL ALG_SHA;yes;		0.102000;76;116;116
SIG_CIPHER_ECDSA_PLAIN PAD_NULL ALG_MD5;no;		0.018000;0;0;0
SIG_CIPHER_ECDSA_PLAIN PAD_NULL ALG_RIPEMD160;no;		0.018000;0;0;0
SIG_CIPHER_ECDSA_PLAIN PAD_NULL ALG_SHA_256;yes;		0.102000;76;140;140
SIG_CIPHER_ECDSA_PLAIN PAD_NULL ALG_SHA_384;yes;		0.101000;76;260;260
SIG_CIPHER_ECDSA_PLAIN PAD_NULL ALG_SHA_512;yes;		0.103000;76;276;276
SIG_CIPHER_ECDSA_PLAIN PAD_NULL ALG_SHA_224;yes;		0.101000;76;136;136
SIG_CIPHER_ECDSA_PLAIN PAD_NULL ALG_SHA3_224;no;		0.018000;0;0;0
SIG_CIPHER_ECDSA_PLAIN PAD_NULL ALG_SHA3_256;no;		0.019000;0;0;0
SIG_CIPHER_ECDSA_PLAIN PAD_NULL ALG_SHA3_384;no;		0.017000;0;0;0
SIG_CIPHER_ECDSA_PLAIN PAD_NULL ALG_SHA3_512;no;		0.018000;0;0;0
SIG_CIPHER_ECDSA_PLAIN PAD_NOPAD ALG_NULL;no;		0.018000;0;0;0
SIG_CIPHER_ECDSA_PLAIN PAD_NOPAD ALG_SHA;yes;		0.101000;76;116;116
SIG_CIPHER_ECDSA_PLAIN PAD_NOPAD ALG_MD5;no;		0.017000;0;0;0
SIG_CIPHER_ECDSA_PLAIN PAD_NOPAD ALG_RIPEMD160;no;		0.017000;0;0;0
SIG_CIPHER_ECDSA_PLAIN PAD_NOPAD ALG_SHA_256;yes;		0.101000;76;140;140
SIG_CIPHER_ECDSA_PLAIN PAD_NOPAD ALG_SHA_384;yes;		0.102000;76;260;260
SIG_CIPHER_ECDSA_PLAIN PAD_NOPAD ALG_SHA_512;yes;		0.101000;76;276;276
SIG_CIPHER_ECDSA_PLAIN PAD_NOPAD ALG_SHA_224;yes;		0.101000;76;136;136
SIG_CIPHER_ECDSA_PLAIN PAD_NOPAD ALG_SHA3_224;no;		0.017000;0;0;0
SIG_CIPHER_ECDSA_PLAIN PAD_NOPAD ALG_SHA3_256;no;		0.018000;0;0;0
SIG_CIPHER_ECDSA_PLAIN PAD_NOPAD ALG_SHA3_384;no;		0.018000;0;0;0
SIG_CIPHER_ECDSA_PLAIN PAD_NOPAD ALG_SHA3_512;no;		0.018000;0;0;0
SIG_CIPHER_ECDSA_PLAIN PAD_ISO9797_M1 ALG_NULL;no;		0.018000;0;0;0
SIG_CIPHER_ECDSA_PLAIN PAD_ISO9797_M1 ALG_SHA;no;		0.018000;0;0;0
SIG_CIPHER_ECDSA_PLAIN PAD_ISO9797_M1 ALG_MD5;no;		0.017000;0;0;0
SIG_CIPHER_ECDSA_PLAIN PAD_ISO9797_M1 ALG_RIPEMD160;no;		0.017000;0;0;0
SIG_CIPHER_ECDSA_PLAIN PAD_ISO9797_M1 ALG_SHA_256;no;		0.018000;0;0;0
SIG_CIPHER_ECDSA_PLAIN PAD_ISO9797_M1 ALG_SHA_384;no;		0.018000;0;0;0
SIG_CIPHER_ECDSA_PLAIN PAD_ISO9797_M1 ALG_SHA_512;no;		0.018000;0;0;0
SIG_CIPHER_ECDSA_PLAIN PAD_ISO9797_M1 ALG_SHA_224;no;		0.018000;0;0;0
SIG_CIPHER_ECDSA_PLAIN PAD_ISO9797_M1 ALG_SHA3_224;no;		0.018000;0;0;0
SIG_CIPHER_ECDSA_PLAIN PAD_ISO9797_M1 ALG_SHA3_256;no;		0.018000;0;0;0
SIG_CIPHER_ECDSA_PLAIN PAD_ISO9797_M1 ALG_SHA3_384;no;		0.018000;0;0;0
SIG_CIPHER_ECDSA_PLAIN PAD_ISO9797_M1 ALG_SHA3_512;no;		0.018000;0;0;0
SIG_CIPHER_ECDSA_PLAIN PAD_ISO9797_M2 ALG_NULL;no;		0.017000;0;0;0
SIG_CIPHER_ECDSA_PLAIN PAD_ISO9797_M2 ALG_SHA;no;		0.018000;0;0;0
SIG_CIPHER_ECDSA_PLAIN PAD_ISO9797_M2 ALG_MD5;no;		0.018000;0;0;0
SIG_CIPHER_ECDSA_PLAIN PAD_ISO9797_M2 ALG_RIPEMD160;no;		0.017000;0;0;0
SIG_CIPHER_ECDSA_PLAIN PAD_ISO9797_M2 ALG_SHA_256;no;		0.019000;0;0;0
SIG_CIPHER_ECDSA_PLAIN PAD_ISO9797_M2 ALG_SHA_384;no;		0.018000;0;0;0
SIG_CIPHER_ECDSA_PLAIN PAD_ISO9797_M2 ALG_SHA_512;no;		0.018000;0;0;0
SIG_CIPHER_ECDSA_PLAIN PAD_ISO9797_M2 ALG_SHA_224;no;		0.019000;0;0;0
SIG_CIPHER_ECDSA_PLAIN PAD_ISO9797_M2 ALG_SHA3_224;no;		0.018000;0;0;0
SIG_CIPHER_ECDSA_PLAIN PAD_ISO9797_M2 ALG_SHA3_256;no;		0.017000;0;0;0
SIG_CIPHER_ECDSA_PLAIN PAD_ISO9797_M2 ALG_SHA3_384;no;		0.018000;0;0;0
SIG_CIPHER_ECDSA_PLAIN PAD_ISO9797_M2 ALG_SHA3_512;no;		0.019000;0;0;0
SIG_CIPHER_ECDSA_PLAIN PAD_ISO9797_1_M1_ALG3 ALG_NULL;no;		0.019000;0;0;0
SIG_CIPHER_ECDSA_PLAIN PAD_ISO9797_1_M1_ALG3 ALG_SHA;no;		0.018000;0;0;0
SIG_CIPHER_ECDSA_PLAIN PAD_ISO9797_1_M1_ALG3 ALG_MD5;no;		0.018000;0;0;0
SIG_CIPHER_ECDSA_PLAIN PAD_ISO9797_1_M1_ALG3 ALG_RIPEMD160;no;		0.017000;0;0;0
SIG_CIPHER_ECDSA_PLAIN PAD_ISO9797_1_M1_ALG3 ALG_SHA_256;no;		0.018000;0;0;0
SIG_CIPHER_ECDSA_PLAIN PAD_ISO9797_1_M1_ALG3 ALG_SHA_384;no;		0.018000;0;0;0
SIG_CIPHER_ECDSA_PLAIN PAD_ISO9797_1_M1_ALG3 ALG_SHA_512;no;		0.019000;0;0;0
SIG_CIPHER_ECDSA_PLAIN PAD_ISO9797_1_M1_ALG3 ALG_SHA_224;no;		0.019000;0;0;0
SIG_CIPHER_ECDSA_PLAIN PAD_ISO9797_1_M1_ALG3 ALG_SHA3_224;no;		0.018000;0;0;0
SIG_CIPHER_ECDSA_PLAIN PAD_ISO9797_1_M1_ALG3 ALG_SHA3_256;no;		0.019000;0;0;0
SIG_CIPHER_ECDSA_PLAIN PAD_ISO9797_1_M1_ALG3 ALG_SHA3_384;no;		0.018000;0;0;0
SIG_CIPHER_ECDSA_PLAIN PAD_ISO9797_1_M1_ALG3 ALG_SHA3_512;no;		0.018000;0;0;0
SIG_CIPHER_ECDSA_PLAIN PAD_ISO9797_1_M2_ALG3 ALG_NULL;no;		0.018000;0;0;0
SIG_CIPHER_ECDSA_PLAIN PAD_ISO9797_1_M2_ALG3 ALG_SHA;no;		0.018000;0;0;0
SIG_CIPHER_ECDSA_PLAIN PAD_ISO9797_1_M2_ALG3 ALG_MD5;no;		0.018000;0;0;0
SIG_CIPHER_ECDSA_PLAIN PAD_ISO9797_1_M2_ALG3 ALG_RIPEMD160;no;		0.018000;0;0;0
SIG_CIPHER_ECDSA_PLAIN PAD_ISO9797_1_M2_ALG3 ALG_SHA_256;no;		0.018000;0;0;0
SIG_CIPHER_ECDSA_PLAIN PAD_ISO9797_1_M2_ALG3 ALG_SHA_384;no;		0.018000;0;0;0
SIG_CIPHER_ECDSA_PLAIN PAD_ISO9797_1_M2_ALG3 ALG_SHA_512;no;		0.019000;0;0;0
SIG_CIPHER_ECDSA_PLAIN PAD_ISO9797_1_M2_ALG3 ALG_SHA_224;no;		0.018000;0;0;0
SIG_CIPHER_ECDSA_PLAIN PAD_ISO9797_1_M2_ALG3 ALG_SHA3_224;no;		0.017000;0;0;0
SIG_CIPHER_ECDSA_PLAIN PAD_ISO9797_1_M2_ALG3 ALG_SHA3_256;no;		0.018000;0;0;0
SIG_CIPHER_ECDSA_PLAIN PAD_ISO9797_1_M2_ALG3 ALG_SHA3_384;no;		0.019000;0;0;0
SIG_CIPHER_ECDSA_PLAIN PAD_ISO9797_1_M2_ALG3 ALG_SHA3_512;no;		0.018000;0;0;0
SIG_CIPHER_ECDSA_PLAIN PAD_PKCS5 ALG_NULL;no;		0.019000;0;0;0
SIG_CIPHER_ECDSA_PLAIN PAD_PKCS5 ALG_SHA;no;		0.018000;0;0;0
SIG_CIPHER_ECDSA_PLAIN PAD_PKCS5 ALG_MD5;no;		0.019000;0;0;0
SIG_CIPHER_ECDSA_PLAIN PAD_PKCS5 ALG_RIPEMD160;no;		0.018000;0;0;0
SIG_CIPHER_ECDSA_PLAIN PAD_PKCS5 ALG_SHA_256;no;		0.018000;0;0;0
SIG_CIPHER_ECDSA_PLAIN PAD_PKCS5 ALG_SHA_384;no;		0.018000;0;0;0
SIG_CIPHER_ECDSA_PLAIN PAD_PKCS5 ALG_SHA_512;no;		0.018000;0;0;0
SIG_CIPHER_ECDSA_PLAIN PAD_PKCS5 ALG_SHA_224;no;		0.018000;0;0;0
SIG_CIPHER_ECDSA_PLAIN PAD_PKCS5 ALG_SHA3_224;no;		0.018000;0;0;0
SIG_CIPHER_ECDSA_PLAIN PAD_PKCS5 ALG_SHA3_256;no;		0.018000;0;0;0
SIG_CIPHER_ECDSA_PLAIN PAD_PKCS5 ALG_SHA3_384;no;		0.019000;0;0;0
SIG_CIPHER_ECDSA_PLAIN PAD_PKCS5 ALG_SHA3_512;no;		0.018000;0;0;0
SIG_CIPHER_ECDSA_PLAIN PAD_PKCS1 ALG_NULL;no;		0.018000;0;0;0
SIG_CIPHER_ECDSA_PLAIN PAD_PKCS1 ALG_SHA;no;		0.018000;0;0;0
SIG_CIPHER_ECDSA_PLAIN PAD_PKCS1 ALG_MD5;no;		0.018000;0;0;0
SIG_CIPHER_ECDSA_PLAIN PAD_PKCS1 ALG_RIPEMD160;no;		0.021000;0;0;0
SIG_CIPHER_ECDSA_PLAIN PAD_PKCS1 ALG_SHA_256;no;		0.018000;0;0;0
SIG_CIPHER_ECDSA_PLAIN PAD_PKCS1 ALG_SHA_384;no;		0.018000;0;0;0
SIG_CIPHER_ECDSA_PLAIN PAD_PKCS1 ALG_SHA_512;no;		0.017000;0;0;0
SIG_CIPHER_ECDSA_PLAIN PAD_PKCS1 ALG_SHA_224;no;		0.018000;0;0;0
SIG_CIPHER_ECDSA_PLAIN PAD_PKCS1 ALG_SHA3_224;no;		0.018000;0;0;0
SIG_CIPHER_ECDSA_PLAIN PAD_PKCS1 ALG_SHA3_256;no;		0.019000;0;0;0
SIG_CIPHER_ECDSA_PLAIN PAD_PKCS1 ALG_SHA3_384;no;		0.018000;0;0;0
SIG_CIPHER_ECDSA_PLAIN PAD_PKCS1 ALG_SHA3_512;no;		0.018000;0;0;0
SIG_CIPHER_ECDSA_PLAIN PAD_PKCS1_PSS ALG_NULL;no;		0.017000;0;0;0
SIG_CIPHER_ECDSA_PLAIN PAD_PKCS1_PSS ALG_SHA;no;		0.019000;0;0;0
SIG_CIPHER_ECDSA_PLAIN PAD_PKCS1_PSS ALG_MD5;no;		0.018000;0;0;0
SIG_CIPHER_ECDSA_PLAIN PAD_PKCS1_PSS ALG_RIPEMD160;no;		0.018000;0;0;0
SIG_CIPHER_ECDSA_PLAIN PAD_PKCS1_PSS ALG_SHA_256;no;		0.019000;0;0;0
SIG_CIPHER_ECDSA_PLAIN PAD_PKCS1_PSS ALG_SHA_384;no;		0.019000;0;0;0
SIG_CIPHER_ECDSA_PLAIN PAD_PKCS1_PSS ALG_SHA_512;no;		0.018000;0;0;0
SIG_CIPHER_ECDSA_PLAIN PAD_PKCS1_PSS ALG_SHA_224;no;		0.019000;0;0;0
SIG_CIPHER_ECDSA_PLAIN PAD_PKCS1_PSS ALG_SHA3_224;no;		0.018000;0;0;0
SIG_CIPHER_ECDSA_PLAIN PAD_PKCS1_PSS ALG_SHA3_256;no;		0.017000;0;0;0
SIG_CIPHER_ECDSA_PLAIN PAD_PKCS1_PSS ALG_SHA3_384;no;		0.018000;0;0;0
SIG_CIPHER_ECDSA_PLAIN PAD_PKCS1_PSS ALG_SHA3_512;no;		0.018000;0;0;0
SIG_CIPHER_ECDSA_PLAIN PAD_PKCS1_OAEP ALG_NULL;no;		0.018000;0;0;0
SIG_CIPHER_ECDSA_PLAIN PAD_PKCS1_OAEP ALG_SHA;no;		0.018000;0;0;0
SIG_CIPHER_ECDSA_PLAIN PAD_PKCS1_OAEP ALG_MD5;no;		0.018000;0;0;0
SIG_CIPHER_ECDSA_PLAIN PAD_PKCS1_OAEP ALG_RIPEMD160;no;		0.018000;0;0;0
SIG_CIPHER_ECDSA_PLAIN PAD_PKCS1_OAEP ALG_SHA_256;no;		0.017000;0;0;0
SIG_CIPHER_ECDSA_PLAIN PAD_PKCS1_OAEP ALG_SHA_384;no;		0.019000;0;0;0
SIG_CIPHER_ECDSA_PLAIN PAD_PKCS1_OAEP ALG_SHA_512;no;		0.018000;0;0;0
SIG_CIPHER_ECDSA_PLAIN PAD_PKCS1_OAEP ALG_SHA_224;no;		0.018000;0;0;0
SIG_CIPHER_ECDSA_PLAIN PAD_PKCS1_OAEP ALG_SHA3_224;no;		0.018000;0;0;0
SIG_CIPHER_ECDSA_PLAIN PAD_PKCS1_OAEP ALG_SHA3_256;no;		0.019000;0;0;0
SIG_CIPHER_ECDSA_PLAIN PAD_PKCS1_OAEP ALG_SHA3_384;no;		0.019000;0;0;0
SIG_CIPHER_ECDSA_PLAIN PAD_PKCS1_OAEP ALG_SHA3_512;no;		0.018000;0;0;0
SIG_CIPHER_ECDSA_PLAIN PAD_ISO9796 ALG_NULL;no;		0.018000;0;0;0
SIG_CIPHER_ECDSA_PLAIN PAD_ISO9796 ALG_SHA;no;		0.018000;0;0;0
SIG_CIPHER_ECDSA_PLAIN PAD_ISO9796 ALG_MD5;no;		0.021000;0;0;0
SIG_CIPHER_ECDSA_PLAIN PAD_ISO9796 ALG_RIPEMD160;no;		0.018000;0;0;0
SIG_CIPHER_ECDSA_PLAIN PAD_ISO9796 ALG_SHA_256;no;		0.018000;0;0;0
SIG_CIPHER_ECDSA_PLAIN PAD_ISO9796 ALG_SHA_384;no;		0.017000;0;0;0
SIG_CIPHER_ECDSA_PLAIN PAD_ISO9796 ALG_SHA_512;no;		0.017000;0;0;0
SIG_CIPHER_ECDSA_PLAIN PAD_ISO9796 ALG_SHA_224;no;		0.018000;0;0;0
SIG_CIPHER_ECDSA_PLAIN PAD_ISO9796 ALG_SHA3_224;no;		0.018000;0;0;0
SIG_CIPHER_ECDSA_PLAIN PAD_ISO9796 ALG_SHA3_256;no;		0.019000;0;0;0
SIG_CIPHER_ECDSA_PLAIN PAD_ISO9796 ALG_SHA3_384;no;		0.018000;0;0;0
SIG_CIPHER_ECDSA_PLAIN PAD_ISO9796 ALG_SHA3_512;no;		0.018000;0;0;0
SIG_CIPHER_ECDSA_PLAIN PAD_ISO9796_MR ALG_NULL;no;		0.018000;0;0;0
SIG_CIPHER_ECDSA_PLAIN PAD_ISO9796_MR ALG_SHA;no;		0.018000;0;0;0
SIG_CIPHER_ECDSA_PLAIN PAD_ISO9796_MR ALG_MD5;no;		0.019000;0;0;0
SIG_CIPHER_ECDSA_PLAIN PAD_ISO9796_MR ALG_RIPEMD160;no;		0.020000;0;0;0
SIG_CIPHER_ECDSA_PLAIN PAD_ISO9796_MR ALG_SHA_256;no;		0.018000;0;0;0
SIG_CIPHER_ECDSA_PLAIN PAD_ISO9796_MR ALG_SHA_384;no;		0.018000;0;0;0
SIG_CIPHER_ECDSA_PLAIN PAD_ISO9796_MR ALG_SHA_512;no;		0.018000;0;0;0
SIG_CIPHER_ECDSA_PLAIN PAD_ISO9796_MR ALG_SHA_224;no;		0.017000;0;0;0
SIG_CIPHER_ECDSA_PLAIN PAD_ISO9796_MR ALG_SHA3_224;no;		0.018000;0;0;0
SIG_CIPHER_ECDSA_PLAIN PAD_ISO9796_MR ALG_SHA3_256;no;		0.018000;0;0;0
SIG_CIPHER_ECDSA_PLAIN PAD_ISO9796_MR ALG_SHA3_384;no;		0.018000;0;0;0
SIG_CIPHER_ECDSA_PLAIN PAD_ISO9796_MR ALG_SHA3_512;no;		0.019000;0;0;0
SIG_CIPHER_ECDSA_PLAIN PAD_RFC2409 ALG_NULL;no;		0.018000;0;0;0
SIG_CIPHER_ECDSA_PLAIN PAD_RFC2409 ALG_SHA;no;		0.018000;0;0;0
SIG_CIPHER_ECDSA_PLAIN PAD_RFC2409 ALG_MD5;no;		0.017000;0;0;0
SIG_CIPHER_ECDSA_PLAIN PAD_RFC2409 ALG_RIPEMD160;no;		0.019000;0;0;0
SIG_CIPHER_ECDSA_PLAIN PAD_RFC2409 ALG_SHA_256;no;		0.019000;0;0;0
SIG_CIPHER_ECDSA_PLAIN PAD_RFC2409 ALG_SHA_384;no;		0.018000;0;0;0
SIG_CIPHER_ECDSA_PLAIN PAD_RFC2409 ALG_SHA_512;no;		0.018000;0;0;0
SIG_CIPHER_ECDSA_PLAIN PAD_RFC2409 ALG_SHA_224;no;		0.018000;0;0;0
SIG_CIPHER_ECDSA_PLAIN PAD_RFC2409 ALG_SHA3_224;no;		0.020000;0;0;0
SIG_CIPHER_ECDSA_PLAIN PAD_RFC2409 ALG_SHA3_256;no;		0.018000;0;0;0
SIG_CIPHER_ECDSA_PLAIN PAD_RFC2409 ALG_SHA3_384;no;		0.018000;0;0;0
SIG_CIPHER_ECDSA_PLAIN PAD_RFC2409 ALG_SHA3_512;no;		0.017000;0;0;0
SIG_CIPHER_ECDSA_PLAIN PAD_PKCS1_OAEP_SHA224 ALG_NULL;no;		0.018000;0;0;0
SIG_CIPHER_ECDSA_PLAIN PAD_PKCS1_OAEP_SHA224 ALG_SHA;no;		0.017000;0;0;0
SIG_CIPHER_ECDSA_PLAIN PAD_PKCS1_OAEP_SHA224 ALG_MD5;no;		0.018000;0;0;0
SIG_CIPHER_ECDSA_PLAIN PAD_PKCS1_OAEP_SHA224 ALG_RIPEMD160;no;		0.018000;0;0;0
SIG_CIPHER_ECDSA_PLAIN PAD_PKCS1_OAEP_SHA224 ALG_SHA_256;no;		0.018000;0;0;0
SIG_CIPHER_ECDSA_PLAIN PAD_PKCS1_OAEP_SHA224 ALG_SHA_384;no;		0.018000;0;0;0
SIG_CIPHER_ECDSA_PLAIN PAD_PKCS1_OAEP_SHA224 ALG_SHA_512;no;		0.018000;0;0;0
SIG_CIPHER_ECDSA_PLAIN PAD_PKCS1_OAEP_SHA224 ALG_SHA_224;no;		0.018000;0;0;0
SIG_CIPHER_ECDSA_PLAIN PAD_PKCS1_OAEP_SHA224 ALG_SHA3_224;no;		0.019000;0;0;0
SIG_CIPHER_ECDSA_PLAIN PAD_PKCS1_OAEP_SHA224 ALG_SHA3_256;no;		0.018000;0;0;0
SIG_CIPHER_ECDSA_PLAIN PAD_PKCS1_OAEP_SHA224 ALG_SHA3_384;no;		0.017000;0;0;0
SIG_CIPHER_ECDSA_PLAIN PAD_PKCS1_OAEP_SHA224 ALG_SHA3_512;no;		0.018000;0;0;0
SIG_CIPHER_ECDSA_PLAIN PAD_PKCS1_OAEP_SHA256 ALG_NULL;no;		0.018000;0;0;0
SIG_CIPHER_ECDSA_PLAIN PAD_PKCS1_OAEP_SHA256 ALG_SHA;no;		0.018000;0;0;0
SIG_CIPHER_ECDSA_PLAIN PAD_PKCS1_OAEP_SHA256 ALG_MD5;no;		0.019000;0;0;0
SIG_CIPHER_ECDSA_PLAIN PAD_PKCS1_OAEP_SHA256 ALG_RIPEMD160;no;		0.018000;0;0;0
SIG_CIPHER_ECDSA_PLAIN PAD_PKCS1_OAEP_SHA256 ALG_SHA_256;no;		0.018000;0;0;0
SIG_CIPHER_ECDSA_PLAIN PAD_PKCS1_OAEP_SHA256 ALG_SHA_384;no;		0.018000;0;0;0
SIG_CIPHER_ECDSA_PLAIN PAD_PKCS1_OAEP_SHA256 ALG_SHA_512;no;		0.018000;0;0;0
SIG_CIPHER_ECDSA_PLAIN PAD_PKCS1_OAEP_SHA256 ALG_SHA_224;no;		0.018000;0;0;0
SIG_CIPHER_ECDSA_PLAIN PAD_PKCS1_OAEP_SHA256 ALG_SHA3_224;no;		0.018000;0;0;0
SIG_CIPHER_ECDSA_PLAIN PAD_PKCS1_OAEP_SHA256 ALG_SHA3_256;no;		0.018000;0;0;0
SIG_CIPHER_ECDSA_PLAIN PAD_PKCS1_OAEP_SHA256 ALG_SHA3_384;no;		0.019000;0;0;0
SIG_CIPHER_ECDSA_PLAIN PAD_PKCS1_OAEP_SHA256 ALG_SHA3_512;no;		0.018000;0;0;0
SIG_CIPHER_ECDSA_PLAIN PAD_PKCS1_OAEP_SHA384 ALG_NULL;no;		0.019000;0;0;0
SIG_CIPHER_ECDSA_PLAIN PAD_PKCS1_OAEP_SHA384 ALG_SHA;no;		0.018000;0;0;0
SIG_CIPHER_ECDSA_PLAIN PAD_PKCS1_OAEP_SHA384 ALG_MD5;no;		0.019000;0;0;0
SIG_CIPHER_ECDSA_PLAIN PAD_PKCS1_OAEP_SHA384 ALG_RIPEMD160;no;		0.018000;0;0;0
SIG_CIPHER_ECDSA_PLAIN PAD_PKCS1_OAEP_SHA384 ALG_SHA_256;no;		0.017000;0;0;0
SIG_CIPHER_ECDSA_PLAIN PAD_PKCS1_OAEP_SHA384 ALG_SHA_384;no;		0.018000;0;0;0
SIG_CIPHER_ECDSA_PLAIN PAD_PKCS1_OAEP_SHA384 ALG_SHA_512;no;		0.018000;0;0;0
SIG_CIPHER_ECDSA_PLAIN PAD_PKCS1_OAEP_SHA384 ALG_SHA_224;no;		0.018000;0;0;0
SIG_CIPHER_ECDSA_PLAIN PAD_PKCS1_OAEP_SHA384 ALG_SHA3_224;no;		0.018000;0;0;0
SIG_CIPHER_ECDSA_PLAIN PAD_PKCS1_OAEP_SHA384 ALG_SHA3_256;no;		0.019000;0;0;0
SIG_CIPHER_ECDSA_PLAIN PAD_PKCS1_OAEP_SHA384 ALG_SHA3_384;no;		0.019000;0;0;0
SIG_CIPHER_ECDSA_PLAIN PAD_PKCS1_OAEP_SHA384 ALG_SHA3_512;no;		0.017000;0;0;0
SIG_CIPHER_ECDSA_PLAIN PAD_PKCS1_OAEP_SHA512 ALG_NULL;no;		0.018000;0;0;0
SIG_CIPHER_ECDSA_PLAIN PAD_PKCS1_OAEP_SHA512 ALG_SHA;no;		0.018000;0;0;0
SIG_CIPHER_ECDSA_PLAIN PAD_PKCS1_OAEP_SHA512 ALG_MD5;no;		0.018000;0;0;0
SIG_CIPHER_ECDSA_PLAIN PAD_PKCS1_OAEP_SHA512 ALG_RIPEMD160;no;		0.018000;0;0;0
SIG_CIPHER_ECDSA_PLAIN PAD_PKCS1_OAEP_SHA512 ALG_SHA_256;no;		0.017000;0;0;0
SIG_CIPHER_ECDSA_PLAIN PAD_PKCS1_OAEP_SHA512 ALG_SHA_384;no;		0.019000;0;0;0
SIG_CIPHER_ECDSA_PLAIN PAD_PKCS1_OAEP_SHA512 ALG_SHA_512;no;		0.018000;0;0;0
SIG_CIPHER_ECDSA_PLAIN PAD_PKCS1_OAEP_SHA512 ALG_SHA_224;no;		0.017000;0;0;0
SIG_CIPHER_ECDSA_PLAIN PAD_PKCS1_OAEP_SHA512 ALG_SHA3_224;no;		0.018000;0;0;0
SIG_CIPHER_ECDSA_PLAIN PAD_PKCS1_OAEP_SHA512 ALG_SHA3_256;no;		0.019000;0;0;0
SIG_CIPHER_ECDSA_PLAIN PAD_PKCS1_OAEP_SHA512 ALG_SHA3_384;no;		0.020000;0;0;0
SIG_CIPHER_ECDSA_PLAIN PAD_PKCS1_OAEP_SHA512 ALG_SHA3_512;no;		0.018000;0;0;0
SIG_CIPHER_ECDSA_PLAIN PAD_PKCS1_OAEP_SHA3_224 ALG_NULL;no;		0.019000;0;0;0
SIG_CIPHER_ECDSA_PLAIN PAD_PKCS1_OAEP_SHA3_224 ALG_SHA;no;		0.018000;0;0;0
SIG_CIPHER_ECDSA_PLAIN PAD_PKCS1_OAEP_SHA3_224 ALG_MD5;no;		0.018000;0;0;0
SIG_CIPHER_ECDSA_PLAIN PAD_PKCS1_OAEP_SHA3_224 ALG_RIPEMD160;no;		0.018000;0;0;0
SIG_CIPHER_ECDSA_PLAIN PAD_PKCS1_OAEP_SHA3_224 ALG_SHA_256;no;		0.018000;0;0;0
SIG_CIPHER_ECDSA_PLAIN PAD_PKCS1_OAEP_SHA3_224 ALG_SHA_384;no;		0.017000;0;0;0
SIG_CIPHER_ECDSA_PLAIN PAD_PKCS1_OAEP_SHA3_224 ALG_SHA_512;no;		0.018000;0;0;0
SIG_CIPHER_ECDSA_PLAIN PAD_PKCS1_OAEP_SHA3_224 ALG_SHA_224;no;		0.017000;0;0;0
SIG_CIPHER_ECDSA_PLAIN PAD_PKCS1_OAEP_SHA3_224 ALG_SHA3_224;no;		0.018000;0;0;0
SIG_CIPHER_ECDSA_PLAIN PAD_PKCS1_OAEP_SHA3_224 ALG_SHA3_256;no;		0.017000;0;0;0
SIG_CIPHER_ECDSA_PLAIN PAD_PKCS1_OAEP_SHA3_224 ALG_SHA3_384;no;		0.018000;0;0;0
SIG_CIPHER_ECDSA_PLAIN PAD_PKCS1_OAEP_SHA3_224 ALG_SHA3_512;no;		0.019000;0;0;0
SIG_CIPHER_ECDSA_PLAIN PAD_PKCS1_OAEP_SHA3_256 ALG_NULL;no;		0.018000;0;0;0
SIG_CIPHER_ECDSA_PLAIN PAD_PKCS1_OAEP_SHA3_256 ALG_SHA;no;		0.019000;0;0;0
SIG_CIPHER_ECDSA_PLAIN PAD_PKCS1_OAEP_SHA3_256 ALG_MD5;no;		0.019000;0;0;0
SIG_CIPHER_ECDSA_PLAIN PAD_PKCS1_OAEP_SHA3_256 ALG_RIPEMD160;no;		0.018000;0;0;0
SIG_CIPHER_ECDSA_PLAIN PAD_PKCS1_OAEP_SHA3_256 ALG_SHA_256;no;		0.018000;0;0;0
SIG_CIPHER_ECDSA_PLAIN PAD_PKCS1_OAEP_SHA3_256 ALG_SHA_384;no;		0.022000;0;0;0
SIG_CIPHER_ECDSA_PLAIN PAD_PKCS1_OAEP_SHA3_256 ALG_SHA_512;no;		0.018000;0;0;0
SIG_CIPHER_ECDSA_PLAIN PAD_PKCS1_OAEP_SHA3_256 ALG_SHA_224;no;		0.019000;0;0;0
SIG_CIPHER_ECDSA_PLAIN PAD_PKCS1_OAEP_SHA3_256 ALG_SHA3_224;no;		0.019000;0;0;0
SIG_CIPHER_ECDSA_PLAIN PAD_PKCS1_OAEP_SHA3_256 ALG_SHA3_256;no;		0.018000;0;0;0
SIG_CIPHER_ECDSA_PLAIN PAD_PKCS1_OAEP_SHA3_256 ALG_SHA3_384;no;		0.020000;0;0;0
SIG_CIPHER_ECDSA_PLAIN PAD_PKCS1_OAEP_SHA3_256 ALG_SHA3_512;no;		0.017000;0;0;0
SIG_CIPHER_ECDSA_PLAIN PAD_PKCS1_OAEP_SHA3_384 ALG_NULL;no;		0.019000;0;0;0
SIG_CIPHER_ECDSA_PLAIN PAD_PKCS1_OAEP_SHA3_384 ALG_SHA;no;		0.019000;0;0;0
SIG_CIPHER_ECDSA_PLAIN PAD_PKCS1_OAEP_SHA3_384 ALG_MD5;no;		0.017000;0;0;0
SIG_CIPHER_ECDSA_PLAIN PAD_PKCS1_OAEP_SHA3_384 ALG_RIPEMD160;no;		0.018000;0;0;0
SIG_CIPHER_ECDSA_PLAIN PAD_PKCS1_OAEP_SHA3_384 ALG_SHA_256;no;		0.021000;0;0;0
SIG_CIPHER_ECDSA_PLAIN PAD_PKCS1_OAEP_SHA3_384 ALG_SHA_384;no;		0.018000;0;0;0
SIG_CIPHER_ECDSA_PLAIN PAD_PKCS1_OAEP_SHA3_384 ALG_SHA_512;no;		0.018000;0;0;0
SIG_CIPHER_ECDSA_PLAIN PAD_PKCS1_OAEP_SHA3_384 ALG_SHA_224;no;		0.018000;0;0;0
SIG_CIPHER_ECDSA_PLAIN PAD_PKCS1_OAEP_SHA3_384 ALG_SHA3_224;no;		0.018000;0;0;0
SIG_CIPHER_ECDSA_PLAIN PAD_PKCS1_OAEP_SHA3_384 ALG_SHA3_256;no;		0.018000;0;0;0
SIG_CIPHER_ECDSA_PLAIN PAD_PKCS1_OAEP_SHA3_384 ALG_SHA3_384;no;		0.018000;0;0;0
SIG_CIPHER_ECDSA_PLAIN PAD_PKCS1_OAEP_SHA3_384 ALG_SHA3_512;no;		0.018000;0;0;0
SIG_CIPHER_ECDSA_PLAIN PAD_PKCS1_OAEP_SHA3_512 ALG_NULL;no;		0.018000;0;0;0
SIG_CIPHER_ECDSA_PLAIN PAD_PKCS1_OAEP_SHA3_512 ALG_SHA;no;		0.018000;0;0;0
SIG_CIPHER_ECDSA_PLAIN PAD_PKCS1_OAEP_SHA3_512 ALG_MD5;no;		0.018000;0;0;0
SIG_CIPHER_ECDSA_PLAIN PAD_PKCS1_OAEP_SHA3_512 ALG_RIPEMD160;no;		0.018000;0;0;0
SIG_CIPHER_ECDSA_PLAIN PAD_PKCS1_OAEP_SHA3_512 ALG_SHA_256;no;		0.019000;0;0;0
SIG_CIPHER_ECDSA_PLAIN PAD_PKCS1_OAEP_SHA3_512 ALG_SHA_384;no;		0.018000;0;0;0
SIG_CIPHER_ECDSA_PLAIN PAD_PKCS1_OAEP_SHA3_512 ALG_SHA_512;no;		0.018000;0;0;0
SIG_CIPHER_ECDSA_PLAIN PAD_PKCS1_OAEP_SHA3_512 ALG_SHA_224;no;		0.018000;0;0;0
SIG_CIPHER_ECDSA_PLAIN PAD_PKCS1_OAEP_SHA3_512 ALG_SHA3_224;no;		0.019000;0;0;0
SIG_CIPHER_ECDSA_PLAIN PAD_PKCS1_OAEP_SHA3_512 ALG_SHA3_256;no;		0.018000;0;0;0
SIG_CIPHER_ECDSA_PLAIN PAD_PKCS1_OAEP_SHA3_512 ALG_SHA3_384;no;		0.018000;0;0;0
SIG_CIPHER_ECDSA_PLAIN PAD_PKCS1_OAEP_SHA3_512 ALG_SHA3_512;no;		0.018000;0;0;0
SIG_CIPHER_ECDSA_PLAIN PAD_ISO9796_MR_SCHEME_2 ALG_NULL;no;		0.018000;0;0;0
SIG_CIPHER_ECDSA_PLAIN PAD_ISO9796_MR_SCHEME_2 ALG_SHA;no;		0.018000;0;0;0
SIG_CIPHER_ECDSA_PLAIN PAD_ISO9796_MR_SCHEME_2 ALG_MD5;no;		0.018000;0;0;0
SIG_CIPHER_ECDSA_PLAIN PAD_ISO9796_MR_SCHEME_2 ALG_RIPEMD160;no;		0.017000;0;0;0
SIG_CIPHER_ECDSA_PLAIN PAD_ISO9796_MR_SCHEME_2 ALG_SHA_256;no;		0.018000;0;0;0
SIG_CIPHER_ECDSA_PLAIN PAD_ISO9796_MR_SCHEME_2 ALG_SHA_384;no;		0.018000;0;0;0
SIG_CIPHER_ECDSA_PLAIN PAD_ISO9796_MR_SCHEME_2 ALG_SHA_512;no;		0.018000;0;0;0
SIG_CIPHER_ECDSA_PLAIN PAD_ISO9796_MR_SCHEME_2 ALG_SHA_224;no;		0.018000;0;0;0
SIG_CIPHER_ECDSA_PLAIN PAD_ISO9796_MR_SCHEME_2 ALG_SHA3_224;no;		0.019000;0;0;0
SIG_CIPHER_ECDSA_PLAIN PAD_ISO9796_MR_SCHEME_2 ALG_SHA3_256;no;		0.018000;0;0;0
SIG_CIPHER_ECDSA_PLAIN PAD_ISO9796_MR_SCHEME_2 ALG_SHA3_384;no;		0.018000;0;0;0
SIG_CIPHER_ECDSA_PLAIN PAD_ISO9796_MR_SCHEME_2 ALG_SHA3_512;no;		0.018000;0;0;0
SIG_CIPHER_ECDSA_PLAIN PAD_ISO9796_MR_SCHEME_3 ALG_NULL;no;		0.018000;0;0;0
SIG_CIPHER_ECDSA_PLAIN PAD_ISO9796_MR_SCHEME_3 ALG_SHA;no;		0.019000;0;0;0
SIG_CIPHER_ECDSA_PLAIN PAD_ISO9796_MR_SCHEME_3 ALG_MD5;no;		0.018000;0;0;0
SIG_CIPHER_ECDSA_PLAIN PAD_ISO9796_MR_SCHEME_3 ALG_RIPEMD160;no;		0.018000;0;0;0
SIG_CIPHER_ECDSA_PLAIN PAD_ISO9796_MR_SCHEME_3 ALG_SHA_256;no;		0.018000;0;0;0
SIG_CIPHER_ECDSA_PLAIN PAD_ISO9796_MR_SCHEME_3 ALG_SHA_384;no;		0.018000;0;0;0
SIG_CIPHER_ECDSA_PLAIN PAD_ISO9796_MR_SCHEME_3 ALG_SHA_512;no;		0.018000;0;0;0
SIG_CIPHER_ECDSA_PLAIN PAD_ISO9796_MR_SCHEME_3 ALG_SHA_224;no;		0.018000;0;0;0
SIG_CIPHER_ECDSA_PLAIN PAD_ISO9796_MR_SCHEME_3 ALG_SHA3_224;no;		0.018000;0;0;0
SIG_CIPHER_ECDSA_PLAIN PAD_ISO9796_MR_SCHEME_3 ALG_SHA3_256;no;		0.019000;0;0;0
SIG_CIPHER_ECDSA_PLAIN PAD_ISO9796_MR_SCHEME_3 ALG_SHA3_384;no;		0.018000;0;0;0
SIG_CIPHER_ECDSA_PLAIN PAD_ISO9796_MR_SCHEME_3 ALG_SHA3_512;no;		0.019000;0;0;0
SIG_CIPHER_AES_CMAC128 PAD_NULL ALG_NULL;no;		0.018000;0;0;0
SIG_CIPHER_AES_CMAC128 PAD_NULL ALG_SHA;no;		0.018000;0;0;0
SIG_CIPHER_AES_CMAC128 PAD_NULL ALG_MD5;no;		0.019000;0;0;0
SIG_CIPHER_AES_CMAC128 PAD_NULL ALG_RIPEMD160;no;		0.019000;0;0;0
SIG_CIPHER_AES_CMAC128 PAD_NULL ALG_SHA_256;no;		0.017000;0;0;0
SIG_CIPHER_AES_CMAC128 PAD_NULL ALG_SHA_384;no;		0.018000;0;0;0
SIG_CIPHER_AES_CMAC128 PAD_NULL ALG_SHA_512;no;		0.019000;0;0;0
SIG_CIPHER_AES_CMAC128 PAD_NULL ALG_SHA_224;no;		0.017000;0;0;0
SIG_CIPHER_AES_CMAC128 PAD_NULL ALG_SHA3_224;no;		0.018000;0;0;0
SIG_CIPHER_AES_CMAC128 PAD_NULL ALG_SHA3_256;no;		0.017000;0;0;0
SIG_CIPHER_AES_CMAC128 PAD_NULL ALG_SHA3_384;no;		0.018000;0;0;0
SIG_CIPHER_AES_CMAC128 PAD_NULL ALG_SHA3_512;no;		0.018000;0;0;0
SIG_CIPHER_AES_CMAC128 PAD_NOPAD ALG_NULL;no;		0.018000;0;0;0
SIG_CIPHER_AES_CMAC128 PAD_NOPAD ALG_SHA;no;		0.018000;0;0;0
SIG_CIPHER_AES_CMAC128 PAD_NOPAD ALG_MD5;no;		0.018000;0;0;0
SIG_CIPHER_AES_CMAC128 PAD_NOPAD ALG_RIPEMD160;no;		0.018000;0;0;0
SIG_CIPHER_AES_CMAC128 PAD_NOPAD ALG_SHA_256;no;		0.019000;0;0;0
SIG_CIPHER_AES_CMAC128 PAD_NOPAD ALG_SHA_384;no;		0.018000;0;0;0
SIG_CIPHER_AES_CMAC128 PAD_NOPAD ALG_SHA_512;no;		0.017000;0;0;0
SIG_CIPHER_AES_CMAC128 PAD_NOPAD ALG_SHA_224;no;		0.017000;0;0;0
SIG_CIPHER_AES_CMAC128 PAD_NOPAD ALG_SHA3_224;no;		0.018000;0;0;0
SIG_CIPHER_AES_CMAC128 PAD_NOPAD ALG_SHA3_256;no;		0.018000;0;0;0
SIG_CIPHER_AES_CMAC128 PAD_NOPAD ALG_SHA3_384;no;		0.019000;0;0;0
SIG_CIPHER_AES_CMAC128 PAD_NOPAD ALG_SHA3_512;no;		0.018000;0;0;0
SIG_CIPHER_AES_CMAC128 PAD_ISO9797_M1 ALG_NULL;no;		0.019000;0;0;0
SIG_CIPHER_AES_CMAC128 PAD_ISO9797_M1 ALG_SHA;no;		0.017000;0;0;0
SIG_CIPHER_AES_CMAC128 PAD_ISO9797_M1 ALG_MD5;no;		0.018000;0;0;0
SIG_CIPHER_AES_CMAC128 PAD_ISO9797_M1 ALG_RIPEMD160;no;		0.018000;0;0;0
SIG_CIPHER_AES_CMAC128 PAD_ISO9797_M1 ALG_SHA_256;no;		0.017000;0;0;0
SIG_CIPHER_AES_CMAC128 PAD_ISO9797_M1 ALG_SHA_384;no;		0.018000;0;0;0
SIG_CIPHER_AES_CMAC128 PAD_ISO9797_M1 ALG_SHA_512;no;		0.018000;0;0;0
SIG_CIPHER_AES_CMAC128 PAD_ISO9797_M1 ALG_SHA_224;no;		0.019000;0;0;0
SIG_CIPHER_AES_CMAC128 PAD_ISO9797_M1 ALG_SHA3_224;no;		0.018000;0;0;0
SIG_CIPHER_AES_CMAC128 PAD_ISO9797_M1 ALG_SHA3_256;no;		0.018000;0;0;0
SIG_CIPHER_AES_CMAC128 PAD_ISO9797_M1 ALG_SHA3_384;no;		0.018000;0;0;0
SIG_CIPHER_AES_CMAC128 PAD_ISO9797_M1 ALG_SHA3_512;no;		0.018000;0;0;0
SIG_CIPHER_AES_CMAC128 PAD_ISO9797_M2 ALG_NULL;yes;		0.052000;32;36;36
SIG_CIPHER_AES_CMAC128 PAD_ISO9797_M2 ALG_SHA;no;		0.018000;0;0;0
SIG_CIPHER_AES_CMAC128 PAD_ISO9797_M2 ALG_MD5;no;		0.017000;0;0;0
SIG_CIPHER_AES_CMAC128 PAD_ISO9797_M2 ALG_RIPEMD160;no;		0.018000;0;0;0
SIG_CIPHER_AES_CMAC128 PAD_ISO9797_M2 ALG_SHA_256;no;		0.018000;0;0;0
SIG_CIPHER_AES_CMAC128 PAD_ISO9797_M2 ALG_SHA_384;no;		0.018000;0;0;0
SIG_CIPHER_AES_CMAC128 PAD_ISO9797_M2 ALG_SHA_512;no;		0.017000;0;0;0
SIG_CIPHER_AES_CMAC128 PAD_ISO9797_M2 ALG_SHA_224;no;		0.019000;0;0;0
SIG_CIPHER_AES_CMAC128 PAD_ISO9797_M2 ALG_SHA3_224;no;		0.017000;0;0;0
SIG_CIPHER_AES_CMAC128 PAD_ISO9797_M2 ALG_SHA3_256;no;		0.018000;0;0;0
SIG_CIPHER_AES_CMAC128 PAD_ISO9797_M2 ALG_SHA3_384;no;		0.018000;0;0;0
SIG_CIPHER_AES_CMAC128 PAD_ISO9797_M2 ALG_SHA3_512;no;		0.018000;0;0;0
SIG_CIPHER_AES_CMAC128 PAD_ISO9797_1_M1_ALG3 ALG_NULL;no;		0.018000;0;0;0
SIG_CIPHER_AES_CMAC128 PAD_ISO9797_1_M1_ALG3 ALG_SHA;no;		0.018000;0;0;0
SIG_CIPHER_AES_CMAC128 PAD_ISO9797_1_M1_ALG3 ALG_MD5;no;		0.018000;0;0;0
SIG_CIPHER_AES_CMAC128 PAD_ISO9797_1_M1_ALG3 ALG_RIPEMD160;no;		0.018000;0;0;0
SIG_CIPHER_AES_CMAC128 PAD_ISO9797_1_M1_ALG3 ALG_SHA_256;no;		0.019000;0;0;0
SIG_CIPHER_AES_CMAC128 PAD_ISO9797_1_M1_ALG3 ALG_SHA_384;no;		0.018000;0;0;0
SIG_CIPHER_AES_CMAC128 PAD_ISO9797_1_M1_ALG3 ALG_SHA_512;no;		0.019000;0;0;0
SIG_CIPHER_AES_CMAC128 PAD_ISO9797_1_M1_ALG3 ALG_SHA_224;no;		0.019000;0;0;0
SIG_CIPHER_AES_CMAC128 PAD_ISO9797_1_M1_ALG3 ALG_SHA3_224;no;		0.018000;0;0;0
SIG_CIPHER_AES_CMAC128 PAD_ISO9797_1_M1_ALG3 ALG_SHA3_256;no;		0.018000;0;0;0
SIG_CIPHER_AES_CMAC128 PAD_ISO9797_1_M1_ALG3 ALG_SHA3_384;no;		0.019000;0;0;0
SIG_CIPHER_AES_CMAC128 PAD_ISO9797_1_M1_ALG3 ALG_SHA3_512;no;		0.018000;0;0;0
SIG_CIPHER_AES_CMAC128 PAD_ISO9797_1_M2_ALG3 ALG_NULL;no;		0.018000;0;0;0
SIG_CIPHER_AES_CMAC128 PAD_ISO9797_1_M2_ALG3 ALG_SHA;no;		0.019000;0;0;0
SIG_CIPHER_AES_CMAC128 PAD_ISO9797_1_M2_ALG3 ALG_MD5;no;		0.018000;0;0;0
SIG_CIPHER_AES_CMAC128 PAD_ISO9797_1_M2_ALG3 ALG_RIPEMD160;no;		0.017000;0;0;0
SIG_CIPHER_AES_CMAC128 PAD_ISO9797_1_M2_ALG3 ALG_SHA_256;no;		0.018000;0;0;0
SIG_CIPHER_AES_CMAC128 PAD_ISO9797_1_M2_ALG3 ALG_SHA_384;no;		0.019000;0;0;0
SIG_CIPHER_AES_CMAC128 PAD_ISO9797_1_M2_ALG3 ALG_SHA_512;no;		0.018000;0;0;0
SIG_CIPHER_AES_CMAC128 PAD_ISO9797_1_M2_ALG3 ALG_SHA_224;no;		0.018000;0;0;0
SIG_CIPHER_AES_CMAC128 PAD_ISO9797_1_M2_ALG3 ALG_SHA3_224;no;		0.018000;0;0;0
SIG_CIPHER_AES_CMAC128 PAD_ISO9797_1_M2_ALG3 ALG_SHA3_256;no;		0.017000;0;0;0
SIG_CIPHER_AES_CMAC128 PAD_ISO9797_1_M2_ALG3 ALG_SHA3_384;no;		0.017000;0;0;0
SIG_CIPHER_AES_CMAC128 PAD_ISO9797_1_M2_ALG3 ALG_SHA3_512;no;		0.019000;0;0;0
SIG_CIPHER_AES_CMAC128 PAD_PKCS5 ALG_NULL;no;		0.018000;0;0;0
SIG_CIPHER_AES_CMAC128 PAD_PKCS5 ALG_SHA;no;		0.018000;0;0;0
SIG_CIPHER_AES_CMAC128 PAD_PKCS5 ALG_MD5;no;		0.018000;0;0;0
SIG_CIPHER_AES_CMAC128 PAD_PKCS5 ALG_RIPEMD160;no;		0.017000;0;0;0
SIG_CIPHER_AES_CMAC128 PAD_PKCS5 ALG_SHA_256;no;		0.018000;0;0;0
SIG_CIPHER_AES_CMAC128 PAD_PKCS5 ALG_SHA_384;no;		0.018000;0;0;0
SIG_CIPHER_AES_CMAC128 PAD_PKCS5 ALG_SHA_512;no;		0.018000;0;0;0
SIG_CIPHER_AES_CMAC128 PAD_PKCS5 ALG_SHA_224;no;		0.018000;0;0;0
SIG_CIPHER_AES_CMAC128 PAD_PKCS5 ALG_SHA3_224;no;		0.018000;0;0;0
SIG_CIPHER_AES_CMAC128 PAD_PKCS5 ALG_SHA3_256;no;		0.018000;0;0;0
SIG_CIPHER_AES_CMAC128 PAD_PKCS5 ALG_SHA3_384;no;		0.018000;0;0;0
SIG_CIPHER_AES_CMAC128 PAD_PKCS5 ALG_SHA3_512;no;		0.018000;0;0;0
SIG_CIPHER_AES_CMAC128 PAD_PKCS1 ALG_NULL;no;		0.018000;0;0;0
SIG_CIPHER_AES_CMAC128 PAD_PKCS1 ALG_SHA;no;		0.018000;0;0;0
SIG_CIPHER_AES_CMAC128 PAD_PKCS1 ALG_MD5;no;		0.018000;0;0;0
SIG_CIPHER_AES_CMAC128 PAD_PKCS1 ALG_RIPEMD160;no;		0.017000;0;0;0
SIG_CIPHER_AES_CMAC128 PAD_PKCS1 ALG_SHA_256;no;		0.018000;0;0;0
SIG_CIPHER_AES_CMAC128 PAD_PKCS1 ALG_SHA_384;no;		0.017000;0;0;0
SIG_CIPHER_AES_CMAC128 PAD_PKCS1 ALG_SHA_512;no;		0.018000;0;0;0
SIG_CIPHER_AES_CMAC128 PAD_PKCS1 ALG_SHA_224;no;		0.019000;0;0;0
SIG_CIPHER_AES_CMAC128 PAD_PKCS1 ALG_SHA3_224;no;		0.018000;0;0;0
SIG_CIPHER_AES_CMAC128 PAD_PKCS1 ALG_SHA3_256;no;		0.017000;0;0;0
SIG_CIPHER_AES_CMAC128 PAD_PKCS1 ALG_SHA3_384;no;		0.018000;0;0;0
SIG_CIPHER_AES_CMAC128 PAD_PKCS1 ALG_SHA3_512;no;		0.018000;0;0;0
SIG_CIPHER_AES_CMAC128 PAD_PKCS1_PSS ALG_NULL;no;		0.018000;0;0;0
SIG_CIPHER_AES_CMAC128 PAD_PKCS1_PSS ALG_SHA;no;		0.018000;0;0;0
SIG_CIPHER_AES_CMAC128 PAD_PKCS1_PSS ALG_MD5;no;		0.019000;0;0;0
SIG_CIPHER_AES_CMAC128 PAD_PKCS1_PSS ALG_RIPEMD160;no;		0.018000;0;0;0
SIG_CIPHER_AES_CMAC128 PAD_PKCS1_PSS ALG_SHA_256;no;		0.018000;0;0;0
SIG_CIPHER_AES_CMAC128 PAD_PKCS1_PSS ALG_SHA_384;no;		0.019000;0;0;0
SIG_CIPHER_AES_CMAC128 PAD_PKCS1_PSS ALG_SHA_512;no;		0.018000;0;0;0
SIG_CIPHER_AES_CMAC128 PAD_PKCS1_PSS ALG_SHA_224;no;		0.018000;0;0;0
SIG_CIPHER_AES_CMAC128 PAD_PKCS1_PSS ALG_SHA3_224;no;		0.018000;0;0;0
SIG_CIPHER_AES_CMAC128 PAD_PKCS1_PSS ALG_SHA3_256;no;		0.019000;0;0;0
SIG_CIPHER_AES_CMAC128 PAD_PKCS1_PSS ALG_SHA3_384;no;		0.017000;0;0;0
SIG_CIPHER_AES_CMAC128 PAD_PKCS1_PSS ALG_SHA3_512;no;		0.017000;0;0;0
SIG_CIPHER_AES_CMAC128 PAD_PKCS1_OAEP ALG_NULL;no;		0.018000;0;0;0
SIG_CIPHER_AES_CMAC128 PAD_PKCS1_OAEP ALG_SHA;no;		0.018000;0;0;0
SIG_CIPHER_AES_CMAC128 PAD_PKCS1_OAEP ALG_MD5;no;		0.019000;0;0;0
SIG_CIPHER_AES_CMAC128 PAD_PKCS1_OAEP ALG_RIPEMD160;no;		0.018000;0;0;0
SIG_CIPHER_AES_CMAC128 PAD_PKCS1_OAEP ALG_SHA_256;no;		0.017000;0;0;0
SIG_CIPHER_AES_CMAC128 PAD_PKCS1_OAEP ALG_SHA_384;no;		0.017000;0;0;0
SIG_CIPHER_AES_CMAC128 PAD_PKCS1_OAEP ALG_SHA_512;no;		0.019000;0;0;0
SIG_CIPHER_AES_CMAC128 PAD_PKCS1_OAEP ALG_SHA_224;no;		0.019000;0;0;0
SIG_CIPHER_AES_CMAC128 PAD_PKCS1_OAEP ALG_SHA3_224;no;		0.018000;0;0;0
SIG_CIPHER_AES_CMAC128 PAD_PKCS1_OAEP ALG_SHA3_256;no;		0.018000;0;0;0
SIG_CIPHER_AES_CMAC128 PAD_PKCS1_OAEP ALG_SHA3_384;no;		0.018000;0;0;0
SIG_CIPHER_AES_CMAC128 PAD_PKCS1_OAEP ALG_SHA3_512;no;		0.018000;0;0;0
SIG_CIPHER_AES_CMAC128 PAD_ISO9796 ALG_NULL;no;		0.018000;0;0;0
SIG_CIPHER_AES_CMAC128 PAD_ISO9796 ALG_SHA;no;		0.019000;0;0;0
SIG_CIPHER_AES_CMAC128 PAD_ISO9796 ALG_MD5;no;		0.018000;0;0;0
SIG_CIPHER_AES_CMAC128 PAD_ISO9796 ALG_RIPEMD160;no;		0.017000;0;0;0
SIG_CIPHER_AES_CMAC128 PAD_ISO9796 ALG_SHA_256;no;		0.018000;0;0;0
SIG_CIPHER_AES_CMAC128 PAD_ISO9796 ALG_SHA_384;no;		0.018000;0;0;0
SIG_CIPHER_AES_CMAC128 PAD_ISO9796 ALG_SHA_512;no;		0.019000;0;0;0
SIG_CIPHER_AES_CMAC128 PAD_ISO9796 ALG_SHA_224;no;		0.020000;0;0;0
SIG_CIPHER_AES_CMAC128 PAD_ISO9796 ALG_SHA3_224;no;		0.019000;0;0;0
SIG_CIPHER_AES_CMAC128 PAD_ISO9796 ALG_SHA3_256;no;		0.019000;0;0;0
SIG_CIPHER_AES_CMAC128 PAD_ISO9796 ALG_SHA3_384;no;		0.019000;0;0;0
SIG_CIPHER_AES_CMAC128 PAD_ISO9796 ALG_SHA3_512;no;		0.019000;0;0;0
SIG_CIPHER_AES_CMAC128 PAD_ISO9796_MR ALG_NULL;no;		0.019000;0;0;0
SIG_CIPHER_AES_CMAC128 PAD_ISO9796_MR ALG_SHA;no;		0.018000;0;0;0
SIG_CIPHER_AES_CMAC128 PAD_ISO9796_MR ALG_MD5;no;		0.020000;0;0;0
SIG_CIPHER_AES_CMAC128 PAD_ISO9796_MR ALG_RIPEMD160;no;		0.019000;0;0;0
SIG_CIPHER_AES_CMAC128 PAD_ISO9796_MR ALG_SHA_256;no;		0.019000;0;0;0
SIG_CIPHER_AES_CMAC128 PAD_ISO9796_MR ALG_SHA_384;no;		0.017000;0;0;0
SIG_CIPHER_AES_CMAC128 PAD_ISO9796_MR ALG_SHA_512;no;		0.017000;0;0;0
SIG_CIPHER_AES_CMAC128 PAD_ISO9796_MR ALG_SHA_224;no;		0.021000;0;0;0
SIG_CIPHER_AES_CMAC128 PAD_ISO9796_MR ALG_SHA3_224;no;		0.018000;0;0;0
SIG_CIPHER_AES_CMAC128 PAD_ISO9796_MR ALG_SHA3_256;no;		0.019000;0;0;0
SIG_CIPHER_AES_CMAC128 PAD_ISO9796_MR ALG_SHA3_384;no;		0.018000;0;0;0
SIG_CIPHER_AES_CMAC128 PAD_ISO9796_MR ALG_SHA3_512;no;		0.017000;0;0;0
SIG_CIPHER_AES_CMAC128 PAD_RFC2409 ALG_NULL;no;		0.019000;0;0;0
SIG_CIPHER_AES_CMAC128 PAD_RFC2409 ALG_SHA;no;		0.018000;0;0;0
SIG_CIPHER_AES_CMAC128 PAD_RFC2409 ALG_MD5;no;		0.018000;0;0;0
SIG_CIPHER_AES_CMAC128 PAD_RFC2409 ALG_RIPEMD160;no;		0.018000;0;0;0
SIG_CIPHER_AES_CMAC128 PAD_RFC2409 ALG_SHA_256;no;		0.018000;0;0;0
SIG_CIPHER_AES_CMAC128 PAD_RFC2409 ALG_SHA_384;no;		0.019000;0;0;0
SIG_CIPHER_AES_CMAC128 PAD_RFC2409 ALG_SHA_512;no;		0.018000;0;0;0
SIG_CIPHER_AES_CMAC128 PAD_RFC2409 ALG_SHA_224;no;		0.018000;0;0;0
SIG_CIPHER_AES_CMAC128 PAD_RFC2409 ALG_SHA3_224;no;		0.019000;0;0;0
SIG_CIPHER_AES_CMAC128 PAD_RFC2409 ALG_SHA3_256;no;		0.019000;0;0;0
SIG_CIPHER_AES_CMAC128 PAD_RFC2409 ALG_SHA3_384;no;		0.018000;0;0;0
SIG_CIPHER_AES_CMAC128 PAD_RFC2409 ALG_SHA3_512;no;		0.018000;0;0;0
SIG_CIPHER_AES_CMAC128 PAD_PKCS1_OAEP_SHA224 ALG_NULL;no;		0.018000;0;0;0
SIG_CIPHER_AES_CMAC128 PAD_PKCS1_OAEP_SHA224 ALG_SHA;no;		0.018000;0;0;0
SIG_CIPHER_AES_CMAC128 PAD_PKCS1_OAEP_SHA224 ALG_MD5;no;		0.019000;0;0;0
SIG_CIPHER_AES_CMAC128 PAD_PKCS1_OAEP_SHA224 ALG_RIPEMD160;no;		0.018000;0;0;0
SIG_CIPHER_AES_CMAC128 PAD_PKCS1_OAEP_SHA224 ALG_SHA_256;no;		0.018000;0;0;0
SIG_CIPHER_AES_CMAC128 PAD_PKCS1_OAEP_SHA224 ALG_SHA_384;no;		0.018000;0;0;0
SIG_CIPHER_AES_CMAC128 PAD_PKCS1_OAEP_SHA224 ALG_SHA_512;no;		0.018000;0;0;0
SIG_CIPHER_AES_CMAC128 PAD_PKCS1_OAEP_SHA224 ALG_SHA_224;no;		0.017000;0;0;0
SIG_CIPHER_AES_CMAC128 PAD_PKCS1_OAEP_SHA224 ALG_SHA3_224;no;		0.019000;0;0;0
SIG_CIPHER_AES_CMAC128 PAD_PKCS1_OAEP_SHA224 ALG_SHA3_256;no;		0.018000;0;0;0
SIG_CIPHER_AES_CMAC128 PAD_PKCS1_OAEP_SHA224 ALG_SHA3_384;no;		0.018000;0;0;0
SIG_CIPHER_AES_CMAC128 PAD_PKCS1_OAEP_SHA224 ALG_SHA3_512;no;		0.018000;0;0;0
SIG_CIPHER_AES_CMAC128 PAD_PKCS1_OAEP_SHA256 ALG_NULL;no;		0.018000;0;0;0
SIG_CIPHER_AES_CMAC128 PAD_PKCS1_OAEP_SHA256 ALG_SHA;no;		0.018000;0;0;0
SIG_CIPHER_AES_CMAC128 PAD_PKCS1_OAEP_SHA256 ALG_MD5;no;		0.018000;0;0;0
SIG_CIPHER_AES_CMAC128 PAD_PKCS1_OAEP_SHA256 ALG_RIPEMD160;no;		0.017000;0;0;0
SIG_CIPHER_AES_CMAC128 PAD_PKCS1_OAEP_SHA256 ALG_SHA_256;no;		0.018000;0;0;0
SIG_CIPHER_AES_CMAC128 PAD_PKCS1_OAEP_SHA256 ALG_SHA_384;no;		0.017000;0;0;0
SIG_CIPHER_AES_CMAC128 PAD_PKCS1_OAEP_SHA256 ALG_SHA_512;no;		0.018000;0;0;0
SIG_CIPHER_AES_CMAC128 PAD_PKCS1_OAEP_SHA256 ALG_SHA_224;no;		0.018000;0;0;0
SIG_CIPHER_AES_CMAC128 PAD_PKCS1_OAEP_SHA256 ALG_SHA3_224;no;		0.018000;0;0;0
SIG_CIPHER_AES_CMAC128 PAD_PKCS1_OAEP_SHA256 ALG_SHA3_256;no;		0.018000;0;0;0
SIG_CIPHER_AES_CMAC128 PAD_PKCS1_OAEP_SHA256 ALG_SHA3_384;no;		0.018000;0;0;0
SIG_CIPHER_AES_CMAC128 PAD_PKCS1_OAEP_SHA256 ALG_SHA3_512;no;		0.017000;0;0;0
SIG_CIPHER_AES_CMAC128 PAD_PKCS1_OAEP_SHA384 ALG_NULL;no;		0.019000;0;0;0
SIG_CIPHER_AES_CMAC128 PAD_PKCS1_OAEP_SHA384 ALG_SHA;no;		0.018000;0;0;0
SIG_CIPHER_AES_CMAC128 PAD_PKCS1_OAEP_SHA384 ALG_MD5;no;		0.018000;0;0;0
SIG_CIPHER_AES_CMAC128 PAD_PKCS1_OAEP_SHA384 ALG_RIPEMD160;no;		0.017000;0;0;0
SIG_CIPHER_AES_CMAC128 PAD_PKCS1_OAEP_SHA384 ALG_SHA_256;no;		0.017000;0;0;0
SIG_CIPHER_AES_CMAC128 PAD_PKCS1_OAEP_SHA384 ALG_SHA_384;no;		0.017000;0;0;0
SIG_CIPHER_AES_CMAC128 PAD_PKCS1_OAEP_SHA384 ALG_SHA_512;no;		0.018000;0;0;0
SIG_CIPHER_AES_CMAC128 PAD_PKCS1_OAEP_SHA384 ALG_SHA_224;no;		0.018000;0;0;0
SIG_CIPHER_AES_CMAC128 PAD_PKCS1_OAEP_SHA384 ALG_SHA3_224;no;		0.020000;0;0;0
SIG_CIPHER_AES_CMAC128 PAD_PKCS1_OAEP_SHA384 ALG_SHA3_256;no;		0.018000;0;0;0
SIG_CIPHER_AES_CMAC128 PAD_PKCS1_OAEP_SHA384 ALG_SHA3_384;no;		0.018000;0;0;0
SIG_CIPHER_AES_CMAC128 PAD_PKCS1_OAEP_SHA384 ALG_SHA3_512;no;		0.018000;0;0;0
SIG_CIPHER_AES_CMAC128 PAD_PKCS1_OAEP_SHA512 ALG_NULL;no;		0.018000;0;0;0
SIG_CIPHER_AES_CMAC128 PAD_PKCS1_OAEP_SHA512 ALG_SHA;no;		0.018000;0;0;0
SIG_CIPHER_AES_CMAC128 PAD_PKCS1_OAEP_SHA512 ALG_MD5;no;		0.019000;0;0;0
SIG_CIPHER_AES_CMAC128 PAD_PKCS1_OAEP_SHA512 ALG_RIPEMD160;no;		0.018000;0;0;0
SIG_CIPHER_AES_CMAC128 PAD_PKCS1_OAEP_SHA512 ALG_SHA_256;no;		0.017000;0;0;0
SIG_CIPHER_AES_CMAC128 PAD_PKCS1_OAEP_SHA512 ALG_SHA_384;no;		0.018000;0;0;0
SIG_CIPHER_AES_CMAC128 PAD_PKCS1_OAEP_SHA512 ALG_SHA_512;no;		0.018000;0;0;0
SIG_CIPHER_AES_CMAC128 PAD_PKCS1_OAEP_SHA512 ALG_SHA_224;no;		0.018000;0;0;0
SIG_CIPHER_AES_CMAC128 PAD_PKCS1_OAEP_SHA512 ALG_SHA3_224;no;		0.020000;0;0;0
SIG_CIPHER_AES_CMAC128 PAD_PKCS1_OAEP_SHA512 ALG_SHA3_256;no;		0.018000;0;0;0
SIG_CIPHER_AES_CMAC128 PAD_PKCS1_OAEP_SHA512 ALG_SHA3_384;no;		0.018000;0;0;0
SIG_CIPHER_AES_CMAC128 PAD_PKCS1_OAEP_SHA512 ALG_SHA3_512;no;		0.018000;0;0;0
SIG_CIPHER_AES_CMAC128 PAD_PKCS1_OAEP_SHA3_224 ALG_NULL;no;		0.019000;0;0;0
SIG_CIPHER_AES_CMAC128 PAD_PKCS1_OAEP_SHA3_224 ALG_SHA;no;		0.018000;0;0;0
SIG_CIPHER_AES_CMAC128 PAD_PKCS1_OAEP_SHA3_224 ALG_MD5;no;		0.018000;0;0;0
SIG_CIPHER_AES_CMAC128 PAD_PKCS1_OAEP_SHA3_224 ALG_RIPEMD160;no;		0.018000;0;0;0
SIG_CIPHER_AES_CMAC128 PAD_PKCS1_OAEP_SHA3_224 ALG_SHA_256;no;		0.019000;0;0;0
SIG_CIPHER_AES_CMAC128 PAD_PKCS1_OAEP_SHA3_224 ALG_SHA_384;no;		0.017000;0;0;0
SIG_CIPHER_AES_CMAC128 PAD_PKCS1_OAEP_SHA3_224 ALG_SHA_512;no;		0.019000;0;0;0
SIG_CIPHER_AES_CMAC128 PAD_PKCS1_OAEP_SHA3_224 ALG_SHA_224;no;		0.017000;0;0;0
SIG_CIPHER_AES_CMAC128 PAD_PKCS1_OAEP_SHA3_224 ALG_SHA3_224;no;		0.017000;0;0;0
SIG_CIPHER_AES_CMAC128 PAD_PKCS1_OAEP_SHA3_224 ALG_SHA3_256;no;		0.018000;0;0;0
SIG_CIPHER_AES_CMAC128 PAD_PKCS1_OAEP_SHA3_224 ALG_SHA3_384;no;		0.018000;0;0;0
SIG_CIPHER_AES_CMAC128 PAD_PKCS1_OAEP_SHA3_224 ALG_SHA3_512;no;		0.018000;0;0;0
SIG_CIPHER_AES_CMAC128 PAD_PKCS1_OAEP_SHA3_256 ALG_NULL;no;		0.019000;0;0;0
SIG_CIPHER_AES_CMAC128 PAD_PKCS1_OAEP_SHA3_256 ALG_SHA;no;		0.018000;0;0;0
SIG_CIPHER_AES_CMAC128 PAD_PKCS1_OAEP_SHA3_256 ALG_MD5;no;		0.018000;0;0;0
SIG_CIPHER_AES_CMAC128 PAD_PKCS1_OAEP_SHA3_256 ALG_RIPEMD160;no;		0.019000;0;0;0
SIG_CIPHER_AES_CMAC128 PAD_PKCS1_OAEP_SHA3_256 ALG_SHA_256;no;		0.018000;0;0;0
SIG_CIPHER_AES_CMAC128 PAD_PKCS1_OAEP_SHA3_256 ALG_SHA_384;no;		0.019000;0;0;0
SIG_CIPHER_AES_CMAC128 PAD_PKCS1_OAEP_SHA3_256 ALG_SHA_512;no;		0.017000;0;0;0
SIG_CIPHER_AES_CMAC128 PAD_PKCS1_OAEP_SHA3_256 ALG_SHA_224;no;		0.018000;0;0;0
SIG_CIPHER_AES_CMAC128 PAD_PKCS1_OAEP_SHA3_256 ALG_SHA3_224;no;		0.019000;0;0;0
SIG_CIPHER_AES_CMAC128 PAD_PKCS1_OAEP_SHA3_256 ALG_SHA3_256;no;		0.019000;0;0;0
SIG_CIPHER_AES_CMAC128 PAD_PKCS1_OAEP_SHA3_256 ALG_SHA3_384;no;		0.016000;0;0;0
SIG_CIPHER_AES_CMAC128 PAD_PKCS1_OAEP_SHA3_256 ALG_SHA3_512;no;		0.018000;0;0;0
SIG_CIPHER_AES_CMAC128 PAD_PKCS1_OAEP_SHA3_384 ALG_NULL;no;		0.017000;0;0;0
SIG_CIPHER_AES_CMAC128 PAD_PKCS1_OAEP_SHA3_384 ALG_SHA;no;		0.018000;0;0;0
SIG_CIPHER_AES_CMAC128 PAD_PKCS1_OAEP_SHA3_384 ALG_MD5;no;		0.017000;0;0;0
SIG_CIPHER_AES_CMAC128 PAD_PKCS1_OAEP_SHA3_384 ALG_RIPEMD160;no;		0.017000;0;0;0
SIG_CIPHER_AES_CMAC128 PAD_PKCS1_OAEP_SHA3_384 ALG_SHA_256;no;		0.017000;0;0;0
SIG_CIPHER_AES_CMAC128 PAD_PKCS1_OAEP_SHA3_384 ALG_SHA_384;no;		0.017000;0;0;0
SIG_CIPHER_AES_CMAC128 PAD_PKCS1_OAEP_SHA3_384 ALG_SHA_512;no;		0.017000;0;0;0
SIG_CIPHER_AES_CMAC128 PAD_PKCS1_OAEP_SHA3_384 ALG_SHA_224;no;		0.018000;0;0;0
SIG_CIPHER_AES_CMAC128 PAD_PKCS1_OAEP_SHA3_384 ALG_SHA3_224;no;		0.018000;0;0;0
SIG_CIPHER_AES_CMAC128 PAD_PKCS1_OAEP_SHA3_384 ALG_SHA3_256;no;		0.017000;0;0;0
SIG_CIPHER_AES_CMAC128 PAD_PKCS1_OAEP_SHA3_384 ALG_SHA3_384;no;		0.017000;0;0;0
SIG_CIPHER_AES_CMAC128 PAD_PKCS1_OAEP_SHA3_384 ALG_SHA3_512;no;		0.017000;0;0;0
SIG_CIPHER_AES_CMAC128 PAD_PKCS1_OAEP_SHA3_512 ALG_NULL;no;		0.017000;0;0;0
SIG_CIPHER_AES_CMAC128 PAD_PKCS1_OAEP_SHA3_512 ALG_SHA;no;		0.017000;0;0;0
SIG_CIPHER_AES_CMAC128 PAD_PKCS1_OAEP_SHA3_512 ALG_MD5;no;		0.018000;0;0;0
SIG_CIPHER_AES_CMAC128 PAD_PKCS1_OAEP_SHA3_512 ALG_RIPEMD160;no;		0.018000;0;0;0
SIG_CIPHER_AES_CMAC128 PAD_PKCS1_OAEP_SHA3_512 ALG_SHA_256;no;		0.017000;0;0;0
SIG_CIPHER_AES_CMAC128 PAD_PKCS1_OAEP_SHA3_512 ALG_SHA_384;no;		0.019000;0;0;0
SIG_CIPHER_AES_CMAC128 PAD_PKCS1_OAEP_SHA3_512 ALG_SHA_512;no;		0.019000;0;0;0
SIG_CIPHER_AES_CMAC128 PAD_PKCS1_OAEP_SHA3_512 ALG_SHA_224;no;		0.017000;0;0;0
SIG_CIPHER_AES_CMAC128 PAD_PKCS1_OAEP_SHA3_512 ALG_SHA3_224;no;		0.019000;0;0;0
SIG_CIPHER_AES_CMAC128 PAD_PKCS1_OAEP_SHA3_512 ALG_SHA3_256;no;		0.018000;0;0;0
SIG_CIPHER_AES_CMAC128 PAD_PKCS1_OAEP_SHA3_512 ALG_SHA3_384;no;		0.019000;0;0;0
SIG_CIPHER_AES_CMAC128 PAD_PKCS1_OAEP_SHA3_512 ALG_SHA3_512;no;		0.018000;0;0;0
SIG_CIPHER_AES_CMAC128 PAD_ISO9796_MR_SCHEME_2 ALG_NULL;no;		0.019000;0;0;0
SIG_CIPHER_AES_CMAC128 PAD_ISO9796_MR_SCHEME_2 ALG_SHA;no;		0.019000;0;0;0
SIG_CIPHER_AES_CMAC128 PAD_ISO9796_MR_SCHEME_2 ALG_MD5;no;		0.019000;0;0;0
SIG_CIPHER_AES_CMAC128 PAD_ISO9796_MR_SCHEME_2 ALG_RIPEMD160;no;		0.018000;0;0;0
SIG_CIPHER_AES_CMAC128 PAD_ISO9796_MR_SCHEME_2 ALG_SHA_256;no;		0.018000;0;0;0
SIG_CIPHER_AES_CMAC128 PAD_ISO9796_MR_SCHEME_2 ALG_SHA_384;no;		0.018000;0;0;0
SIG_CIPHER_AES_CMAC128 PAD_ISO9796_MR_SCHEME_2 ALG_SHA_512;no;		0.019000;0;0;0
SIG_CIPHER_AES_CMAC128 PAD_ISO9796_MR_SCHEME_2 ALG_SHA_224;no;		0.018000;0;0;0
SIG_CIPHER_AES_CMAC128 PAD_ISO9796_MR_SCHEME_2 ALG_SHA3_224;no;		0.019000;0;0;0
SIG_CIPHER_AES_CMAC128 PAD_ISO9796_MR_SCHEME_2 ALG_SHA3_256;no;		0.017000;0;0;0
SIG_CIPHER_AES_CMAC128 PAD_ISO9796_MR_SCHEME_2 ALG_SHA3_384;no;		0.017000;0;0;0
SIG_CIPHER_AES_CMAC128 PAD_ISO9796_MR_SCHEME_2 ALG_SHA3_512;no;		0.018000;0;0;0
SIG_CIPHER_AES_CMAC128 PAD_ISO9796_MR_SCHEME_3 ALG_NULL;no;		0.018000;0;0;0
SIG_CIPHER_AES_CMAC128 PAD_ISO9796_MR_SCHEME_3 ALG_SHA;no;		0.018000;0;0;0
SIG_CIPHER_AES_CMAC128 PAD_ISO9796_MR_SCHEME_3 ALG_MD5;no;		0.019000;0;0;0
SIG_CIPHER_AES_CMAC128 PAD_ISO9796_MR_SCHEME_3 ALG_RIPEMD160;no;		0.018000;0;0;0
SIG_CIPHER_AES_CMAC128 PAD_ISO9796_MR_SCHEME_3 ALG_SHA_256;no;		0.018000;0;0;0
SIG_CIPHER_AES_CMAC128 PAD_ISO9796_MR_SCHEME_3 ALG_SHA_384;no;		0.018000;0;0;0
SIG_CIPHER_AES_CMAC128 PAD_ISO9796_MR_SCHEME_3 ALG_SHA_512;no;		0.018000;0;0;0
SIG_CIPHER_AES_CMAC128 PAD_ISO9796_MR_SCHEME_3 ALG_SHA_224;no;		0.018000;0;0;0
SIG_CIPHER_AES_CMAC128 PAD_ISO9796_MR_SCHEME_3 ALG_SHA3_224;no;		0.017000;0;0;0
SIG_CIPHER_AES_CMAC128 PAD_ISO9796_MR_SCHEME_3 ALG_SHA3_256;no;		0.019000;0;0;0
SIG_CIPHER_AES_CMAC128 PAD_ISO9796_MR_SCHEME_3 ALG_SHA3_384;no;		0.018000;0;0;0
SIG_CIPHER_AES_CMAC128 PAD_ISO9796_MR_SCHEME_3 ALG_SHA3_512;no;		0.018000;0;0;0
SIG_CIPHER_SM2 PAD_NULL ALG_NULL;no;		0.018000;0;0;0
SIG_CIPHER_SM2 PAD_NULL ALG_SHA;no;		0.021000;0;0;0
SIG_CIPHER_SM2 PAD_NULL ALG_MD5;no;		0.019000;0;0;0
SIG_CIPHER_SM2 PAD_NULL ALG_RIPEMD160;no;		0.018000;0;0;0
SIG_CIPHER_SM2 PAD_NULL ALG_SHA_256;no;		0.018000;0;0;0
SIG_CIPHER_SM2 PAD_NULL ALG_SHA_384;no;		0.021000;0;0;0
SIG_CIPHER_SM2 PAD_NULL ALG_SHA_512;no;		0.017000;0;0;0
SIG_CIPHER_SM2 PAD_NULL ALG_SHA_224;no;		0.018000;0;0;0
SIG_CIPHER_SM2 PAD_NULL ALG_SHA3_224;no;		0.018000;0;0;0
SIG_CIPHER_SM2 PAD_NULL ALG_SHA3_256;no;		0.020000;0;0;0
SIG_CIPHER_SM2 PAD_NULL ALG_SHA3_384;no;		0.018000;0;0;0
SIG_CIPHER_SM2 PAD_NULL ALG_SHA3_512;no;		0.017000;0;0;0
SIG_CIPHER_SM2 PAD_NOPAD ALG_NULL;no;		0.019000;0;0;0
SIG_CIPHER_SM2 PAD_NOPAD ALG_SHA;no;		0.018000;0;0;0
SIG_CIPHER_SM2 PAD_NOPAD ALG_MD5;no;		0.018000;0;0;0
SIG_CIPHER_SM2 PAD_NOPAD ALG_RIPEMD160;no;		0.017000;0;0;0
SIG_CIPHER_SM2 PAD_NOPAD ALG_SHA_256;no;		0.017000;0;0;0
SIG_CIPHER_SM2 PAD_NOPAD ALG_SHA_384;no;		0.018000;0;0;0
SIG_CIPHER_SM2 PAD_NOPAD ALG_SHA_512;no;		0.018000;0;0;0
SIG_CIPHER_SM2 PAD_NOPAD ALG_SHA_224;no;		0.017000;0;0;0
SIG_CIPHER_SM2 PAD_NOPAD ALG_SHA3_224;no;		0.018000;0;0;0
SIG_CIPHER_SM2 PAD_NOPAD ALG_SHA3_256;no;		0.019000;0;0;0
SIG_CIPHER_SM2 PAD_NOPAD ALG_SHA3_384;no;		0.018000;0;0;0
SIG_CIPHER_SM2 PAD_NOPAD ALG_SHA3_512;no;		0.019000;0;0;0
SIG_CIPHER_SM2 PAD_ISO9797_M1 ALG_NULL;no;		0.018000;0;0;0
SIG_CIPHER_SM2 PAD_ISO9797_M1 ALG_SHA;no;		0.018000;0;0;0
SIG_CIPHER_SM2 PAD_ISO9797_M1 ALG_MD5;no;		0.018000;0;0;0
SIG_CIPHER_SM2 PAD_ISO9797_M1 ALG_RIPEMD160;no;		0.018000;0;0;0
SIG_CIPHER_SM2 PAD_ISO9797_M1 ALG_SHA_256;no;		0.017000;0;0;0
SIG_CIPHER_SM2 PAD_ISO9797_M1 ALG_SHA_384;no;		0.017000;0;0;0
SIG_CIPHER_SM2 PAD_ISO9797_M1 ALG_SHA_512;no;		0.018000;0;0;0
SIG_CIPHER_SM2 PAD_ISO9797_M1 ALG_SHA_224;no;		0.018000;0;0;0
SIG_CIPHER_SM2 PAD_ISO9797_M1 ALG_SHA3_224;no;		0.017000;0;0;0
SIG_CIPHER_SM2 PAD_ISO9797_M1 ALG_SHA3_256;no;		0.018000;0;0;0
SIG_CIPHER_SM2 PAD_ISO9797_M1 ALG_SHA3_384;no;		0.018000;0;0;0
SIG_CIPHER_SM2 PAD_ISO9797_M1 ALG_SHA3_512;no;		0.018000;0;0;0
SIG_CIPHER_SM2 PAD_ISO9797_M2 ALG_NULL;no;		0.017000;0;0;0
SIG_CIPHER_SM2 PAD_ISO9797_M2 ALG_SHA;no;		0.018000;0;0;0
SIG_CIPHER_SM2 PAD_ISO9797_M2 ALG_MD5;no;		0.018000;0;0;0
SIG_CIPHER_SM2 PAD_ISO9797_M2 ALG_RIPEMD160;no;		0.018000;0;0;0
SIG_CIPHER_SM2 PAD_ISO9797_M2 ALG_SHA_256;no;		0.018000;0;0;0
SIG_CIPHER_SM2 PAD_ISO9797_M2 ALG_SHA_384;no;		0.018000;0;0;0
SIG_CIPHER_SM2 PAD_ISO9797_M2 ALG_SHA_512;no;		0.017000;0;0;0
SIG_CIPHER_SM2 PAD_ISO9797_M2 ALG_SHA_224;no;		0.018000;0;0;0
SIG_CIPHER_SM2 PAD_ISO9797_M2 ALG_SHA3_224;no;		0.018000;0;0;0
SIG_CIPHER_SM2 PAD_ISO9797_M2 ALG_SHA3_256;no;		0.023000;0;0;0
SIG_CIPHER_SM2 PAD_ISO9797_M2 ALG_SHA3_384;no;		0.018000;0;0;0
SIG_CIPHER_SM2 PAD_ISO9797_M2 ALG_SHA3_512;no;		0.017000;0;0;0
SIG_CIPHER_SM2 PAD_ISO9797_1_M1_ALG3 ALG_NULL;no;		0.019000;0;0;0
SIG_CIPHER_SM2 PAD_ISO9797_1_M1_ALG3 ALG_SHA;no;		0.021000;0;0;0
SIG_CIPHER_SM2 PAD_ISO9797_1_M1_ALG3 ALG_MD5;no;		0.019000;0;0;0
SIG_CIPHER_SM2 PAD_ISO9797_1_M1_ALG3 ALG_RIPEMD160;no;		0.019000;0;0;0
SIG_CIPHER_SM2 PAD_ISO9797_1_M1_ALG3 ALG_SHA_256;no;		0.018000;0;0;0
SIG_CIPHER_SM2 PAD_ISO9797_1_M1_ALG3 ALG_SHA_384;no;		0.018000;0;0;0
SIG_CIPHER_SM2 PAD_ISO9797_1_M1_ALG3 ALG_SHA_512;no;		0.018000;0;0;0
SIG_CIPHER_SM2 PAD_ISO9797_1_M1_ALG3 ALG_SHA_224;no;		0.018000;0;0;0
SIG_CIPHER_SM2 PAD_ISO9797_1_M1_ALG3 ALG_SHA3_224;no;		0.018000;0;0;0
SIG_CIPHER_SM2 PAD_ISO9797_1_M1_ALG3 ALG_SHA3_256;no;		0.020000;0;0;0
SIG_CIPHER_SM2 PAD_ISO9797_1_M1_ALG3 ALG_SHA3_384;no;		0.019000;0;0;0
SIG_CIPHER_SM2 PAD_ISO9797_1_M1_ALG3 ALG_SHA3_512;no;		0.018000;0;0;0
SIG_CIPHER_SM2 PAD_ISO9797_1_M2_ALG3 ALG_NULL;no;		0.018000;0;0;0
SIG_CIPHER_SM2 PAD_ISO9797_1_M2_ALG3 ALG_SHA;no;		0.020000;0;0;0
SIG_CIPHER_SM2 PAD_ISO9797_1_M2_ALG3 ALG_MD5;no;		0.019000;0;0;0
SIG_CIPHER_SM2 PAD_ISO9797_1_M2_ALG3 ALG_RIPEMD160;no;		0.017000;0;0;0
SIG_CIPHER_SM2 PAD_ISO9797_1_M2_ALG3 ALG_SHA_256;no;		0.020000;0;0;0
SIG_CIPHER_SM2 PAD_ISO9797_1_M2_ALG3 ALG_SHA_384;no;		0.018000;0;0;0
SIG_CIPHER_SM2 PAD_ISO9797_1_M2_ALG3 ALG_SHA_512;no;		0.018000;0;0;0
SIG_CIPHER_SM2 PAD_ISO9797_1_M2_ALG3 ALG_SHA_224;no;		0.018000;0;0;0
SIG_CIPHER_SM2 PAD_ISO9797_1_M2_ALG3 ALG_SHA3_224;no;		0.018000;0;0;0
SIG_CIPHER_SM2 PAD_ISO9797_1_M2_ALG3 ALG_SHA3_256;no;		0.018000;0;0;0
SIG_CIPHER_SM2 PAD_ISO9797_1_M2_ALG3 ALG_SHA3_384;no;		0.019000;0;0;0
SIG_CIPHER_SM2 PAD_ISO9797_1_M2_ALG3 ALG_SHA3_512;no;		0.018000;0;0;0
SIG_CIPHER_SM2 PAD_PKCS5 ALG_NULL;no;		0.019000;0;0;0
SIG_CIPHER_SM2 PAD_PKCS5 ALG_SHA;no;		0.018000;0;0;0
SIG_CIPHER_SM2 PAD_PKCS5 ALG_MD5;no;		0.018000;0;0;0
SIG_CIPHER_SM2 PAD_PKCS5 ALG_RIPEMD160;no;		0.019000;0;0;0
SIG_CIPHER_SM2 PAD_PKCS5 ALG_SHA_256;no;		0.019000;0;0;0
SIG_CIPHER_SM2 PAD_PKCS5 ALG_SHA_384;no;		0.018000;0;0;0
SIG_CIPHER_SM2 PAD_PKCS5 ALG_SHA_512;no;		0.019000;0;0;0
SIG_CIPHER_SM2 PAD_PKCS5 ALG_SHA_224;no;		0.018000;0;0;0
SIG_CIPHER_SM2 PAD_PKCS5 ALG_SHA3_224;no;		0.019000;0;0;0
SIG_CIPHER_SM2 PAD_PKCS5 ALG_SHA3_256;no;		0.018000;0;0;0
SIG_CIPHER_SM2 PAD_PKCS5 ALG_SHA3_384;no;		0.019000;0;0;0
SIG_CIPHER_SM2 PAD_PKCS5 ALG_SHA3_512;no;		0.018000;0;0;0
SIG_CIPHER_SM2 PAD_PKCS1 ALG_NULL;no;		0.018000;0;0;0
SIG_CIPHER_SM2 PAD_PKCS1 ALG_SHA;no;		0.019000;0;0;0
SIG_CIPHER_SM2 PAD_PKCS1 ALG_MD5;no;		0.019000;0;0;0
SIG_CIPHER_SM2 PAD_PKCS1 ALG_RIPEMD160;no;		0.018000;0;0;0
SIG_CIPHER_SM2 PAD_PKCS1 ALG_SHA_256;no;		0.018000;0;0;0
SIG_CIPHER_SM2 PAD_PKCS1 ALG_SHA_384;no;		0.018000;0;0;0
SIG_CIPHER_SM2 PAD_PKCS1 ALG_SHA_512;no;		0.018000;0;0;0
SIG_CIPHER_SM2 PAD_PKCS1 ALG_SHA_224;no;		0.018000;0;0;0
SIG_CIPHER_SM2 PAD_PKCS1 ALG_SHA3_224;no;		0.020000;0;0;0
SIG_CIPHER_SM2 PAD_PKCS1 ALG_SHA3_256;no;		0.018000;0;0;0
SIG_CIPHER_SM2 PAD_PKCS1 ALG_SHA3_384;no;		0.019000;0;0;0
SIG_CIPHER_SM2 PAD_PKCS1 ALG_SHA3_512;no;		0.024000;0;0;0
SIG_CIPHER_SM2 PAD_PKCS1_PSS ALG_NULL;no;		0.018000;0;0;0
SIG_CIPHER_SM2 PAD_PKCS1_PSS ALG_SHA;no;		0.019000;0;0;0
SIG_CIPHER_SM2 PAD_PKCS1_PSS ALG_MD5;no;		0.018000;0;0;0
SIG_CIPHER_SM2 PAD_PKCS1_PSS ALG_RIPEMD160;no;		0.019000;0;0;0
SIG_CIPHER_SM2 PAD_PKCS1_PSS ALG_SHA_256;no;		0.018000;0;0;0
SIG_CIPHER_SM2 PAD_PKCS1_PSS ALG_SHA_384;no;		0.023000;0;0;0
SIG_CIPHER_SM2 PAD_PKCS1_PSS ALG_SHA_512;no;		0.019000;0;0;0
SIG_CIPHER_SM2 PAD_PKCS1_PSS ALG_SHA_224;no;		0.018000;0;0;0
SIG_CIPHER_SM2 PAD_PKCS1_PSS ALG_SHA3_224;no;		0.018000;0;0;0
SIG_CIPHER_SM2 PAD_PKCS1_PSS ALG_SHA3_256;no;		0.018000;0;0;0
SIG_CIPHER_SM2 PAD_PKCS1_PSS ALG_SHA3_384;no;		0.019000;0;0;0
SIG_CIPHER_SM2 PAD_PKCS1_PSS ALG_SHA3_512;no;		0.018000;0;0;0
SIG_CIPHER_SM2 PAD_PKCS1_OAEP ALG_NULL;no;		0.019000;0;0;0
SIG_CIPHER_SM2 PAD_PKCS1_OAEP ALG_SHA;no;		0.018000;0;0;0
SIG_CIPHER_SM2 PAD_PKCS1_OAEP ALG_MD5;no;		0.017000;0;0;0
SIG_CIPHER_SM2 PAD_PKCS1_OAEP ALG_RIPEMD160;no;		0.018000;0;0;0
SIG_CIPHER_SM2 PAD_PKCS1_OAEP ALG_SHA_256;no;		0.018000;0;0;0
SIG_CIPHER_SM2 PAD_PKCS1_OAEP ALG_SHA_384;no;		0.018000;0;0;0
SIG_CIPHER_SM2 PAD_PKCS1_OAEP ALG_SHA_512;no;		0.019000;0;0;0
SIG_CIPHER_SM2 PAD_PKCS1_OAEP ALG_SHA_224;no;		0.018000;0;0;0
SIG_CIPHER_SM2 PAD_PKCS1_OAEP ALG_SHA3_224;no;		0.018000;0;0;0
SIG_CIPHER_SM2 PAD_PKCS1_OAEP ALG_SHA3_256;no;		0.018000;0;0;0
SIG_CIPHER_SM2 PAD_PKCS1_OAEP ALG_SHA3_384;no;		0.018000;0;0;0
SIG_CIPHER_SM2 PAD_PKCS1_OAEP ALG_SHA3_512;no;		0.018000;0;0;0
SIG_CIPHER_SM2 PAD_ISO9796 ALG_NULL;no;		0.018000;0;0;0
SIG_CIPHER_SM2 PAD_ISO9796 ALG_SHA;no;		0.018000;0;0;0
SIG_CIPHER_SM2 PAD_ISO9796 ALG_MD5;no;		0.018000;0;0;0
SIG_CIPHER_SM2 PAD_ISO9796 ALG_RIPEMD160;no;		0.018000;0;0;0
SIG_CIPHER_SM2 PAD_ISO9796 ALG_SHA_256;no;		0.018000;0;0;0
SIG_CIPHER_SM2 PAD_ISO9796 ALG_SHA_384;no;		0.018000;0;0;0
SIG_CIPHER_SM2 PAD_ISO9796 ALG_SHA_512;no;		0.021000;0;0;0
SIG_CIPHER_SM2 PAD_ISO9796 ALG_SHA_224;no;		0.019000;0;0;0
SIG_CIPHER_SM2 PAD_ISO9796 ALG_SHA3_224;no;		0.018000;0;0;0
SIG_CIPHER_SM2 PAD_ISO9796 ALG_SHA3_256;no;		0.018000;0;0;0
SIG_CIPHER_SM2 PAD_ISO9796 ALG_SHA3_384;no;		0.018000;0;0;0
SIG_CIPHER_SM2 PAD_ISO9796 ALG_SHA3_512;no;		0.020000;0;0;0
SIG_CIPHER_SM2 PAD_ISO9796_MR ALG_NULL;no;		0.017000;0;0;0
SIG_CIPHER_SM2 PAD_ISO9796_MR ALG_SHA;no;		0.018000;0;0;0
SIG_CIPHER_SM2 PAD_ISO9796_MR ALG_MD5;no;		0.018000;0;0;0
SIG_CIPHER_SM2 PAD_ISO9796_MR ALG_RIPEMD160;no;		0.019000;0;0;0
SIG_CIPHER_SM2 PAD_ISO9796_MR ALG_SHA_256;no;		0.018000;0;0;0
SIG_CIPHER_SM2 PAD_ISO9796_MR ALG_SHA_384;no;		0.018000;0;0;0
SIG_CIPHER_SM2 PAD_ISO9796_MR ALG_SHA_512;no;		0.018000;0;0;0
SIG_CIPHER_SM2 PAD_ISO9796_MR ALG_SHA_224;no;		0.019000;0;0;0
SIG_CIPHER_SM2 PAD_ISO9796_MR ALG_SHA3_224;no;		0.017000;0;0;0
SIG_CIPHER_SM2 PAD_ISO9796_MR ALG_SHA3_256;no;		0.018000;0;0;0
SIG_CIPHER_SM2 PAD_ISO9796_MR ALG_SHA3_384;no;		0.017000;0;0;0
SIG_CIPHER_SM2 PAD_ISO9796_MR ALG_SHA3_512;no;		0.019000;0;0;0
SIG_CIPHER_SM2 PAD_RFC2409 ALG_NULL;no;		0.018000;0;0;0
SIG_CIPHER_SM2 PAD_RFC2409 ALG_SHA;no;		0.018000;0;0;0
SIG_CIPHER_SM2 PAD_RFC2409 ALG_MD5;no;		0.017000;0;0;0
SIG_CIPHER_SM2 PAD_RFC2409 ALG_RIPEMD160;no;		0.019000;0;0;0
SIG_CIPHER_SM2 PAD_RFC2409 ALG_SHA_256;no;		0.018000;0;0;0
SIG_CIPHER_SM2 PAD_RFC2409 ALG_SHA_384;no;		0.019000;0;0;0
SIG_CIPHER_SM2 PAD_RFC2409 ALG_SHA_512;no;		0.018000;0;0;0
SIG_CIPHER_SM2 PAD_RFC2409 ALG_SHA_224;no;		0.018000;0;0;0
SIG_CIPHER_SM2 PAD_RFC2409 ALG_SHA3_224;no;		0.019000;0;0;0
SIG_CIPHER_SM2 PAD_RFC2409 ALG_SHA3_256;no;		0.019000;0;0;0
SIG_CIPHER_SM2 PAD_RFC2409 ALG_SHA3_384;no;		0.022000;0;0;0
SIG_CIPHER_SM2 PAD_RFC2409 ALG_SHA3_512;no;		0.019000;0;0;0
SIG_CIPHER_SM2 PAD_PKCS1_OAEP_SHA224 ALG_NULL;no;		0.018000;0;0;0
SIG_CIPHER_SM2 PAD_PKCS1_OAEP_SHA224 ALG_SHA;no;		0.018000;0;0;0
SIG_CIPHER_SM2 PAD_PKCS1_OAEP_SHA224 ALG_MD5;no;		0.019000;0;0;0
SIG_CIPHER_SM2 PAD_PKCS1_OAEP_SHA224 ALG_RIPEMD160;no;		0.021000;0;0;0
SIG_CIPHER_SM2 PAD_PKCS1_OAEP_SHA224 ALG_SHA_256;no;		0.019000;0;0;0
SIG_CIPHER_SM2 PAD_PKCS1_OAEP_SHA224 ALG_SHA_384;no;		0.025000;0;0;0
SIG_CIPHER_SM2 PAD_PKCS1_OAEP_SHA224 ALG_SHA_512;no;		0.018000;0;0;0
SIG_CIPHER_SM2 PAD_PKCS1_OAEP_SHA224 ALG_SHA_224;no;		0.018000;0;0;0
SIG_CIPHER_SM2 PAD_PKCS1_OAEP_SHA224 ALG_SHA3_224;no;		0.018000;0;0;0
SIG_CIPHER_SM2 PAD_PKCS1_OAEP_SHA224 ALG_SHA3_256;no;		0.021000;0;0;0
SIG_CIPHER_SM2 PAD_PKCS1_OAEP_SHA224 ALG_SHA3_384;no;		0.018000;0;0;0
SIG_CIPHER_SM2 PAD_PKCS1_OAEP_SHA224 ALG_SHA3_512;no;		0.019000;0;0;0
SIG_CIPHER_SM2 PAD_PKCS1_OAEP_SHA256 ALG_NULL;no;		0.018000;0;0;0
SIG_CIPHER_SM2 PAD_PKCS1_OAEP_SHA256 ALG_SHA;no;		0.018000;0;0;0
SIG_CIPHER_SM2 PAD_PKCS1_OAEP_SHA256 ALG_MD5;no;		0.018000;0;0;0
SIG_CIPHER_SM2 PAD_PKCS1_OAEP_SHA256 ALG_RIPEMD160;no;		0.019000;0;0;0
SIG_CIPHER_SM2 PAD_PKCS1_OAEP_SHA256 ALG_SHA_256;no;		0.018000;0;0;0
SIG_CIPHER_SM2 PAD_PKCS1_OAEP_SHA256 ALG_SHA_384;no;		0.019000;0;0;0
SIG_CIPHER_SM2 PAD_PKCS1_OAEP_SHA256 ALG_SHA_512;no;		0.019000;0;0;0
SIG_CIPHER_SM2 PAD_PKCS1_OAEP_SHA256 ALG_SHA_224;no;		0.018000;0;0;0
SIG_CIPHER_SM2 PAD_PKCS1_OAEP_SHA256 ALG_SHA3_224;no;		0.018000;0;0;0
SIG_CIPHER_SM2 PAD_PKCS1_OAEP_SHA256 ALG_SHA3_256;no;		0.019000;0;0;0
SIG_CIPHER_SM2 PAD_PKCS1_OAEP_SHA256 ALG_SHA3_384;no;		0.019000;0;0;0
SIG_CIPHER_SM2 PAD_PKCS1_OAEP_SHA256 ALG_SHA3_512;no;		0.018000;0;0;0
SIG_CIPHER_SM2 PAD_PKCS1_OAEP_SHA384 ALG_NULL;no;		0.018000;0;0;0
SIG_CIPHER_SM2 PAD_PKCS1_OAEP_SHA384 ALG_SHA;no;		0.022000;0;0;0
SIG_CIPHER_SM2 PAD_PKCS1_OAEP_SHA384 ALG_MD5;no;		0.018000;0;0;0
SIG_CIPHER_SM2 PAD_PKCS1_OAEP_SHA384 ALG_RIPEMD160;no;		0.018000;0;0;0
SIG_CIPHER_SM2 PAD_PKCS1_OAEP_SHA384 ALG_SHA_256;no;		0.018000;0;0;0
SIG_CIPHER_SM2 PAD_PKCS1_OAEP_SHA384 ALG_SHA_384;no;		0.018000;0;0;0
SIG_CIPHER_SM2 PAD_PKCS1_OAEP_SHA384 ALG_SHA_512;no;		0.020000;0;0;0
SIG_CIPHER_SM2 PAD_PKCS1_OAEP_SHA384 ALG_SHA_224;no;		0.019000;0;0;0
SIG_CIPHER_SM2 PAD_PKCS1_OAEP_SHA384 ALG_SHA3_224;no;		0.018000;0;0;0
SIG_CIPHER_SM2 PAD_PKCS1_OAEP_SHA384 ALG_SHA3_256;no;		0.019000;0;0;0
SIG_CIPHER_SM2 PAD_PKCS1_OAEP_SHA384 ALG_SHA3_384;no;		0.018000;0;0;0
SIG_CIPHER_SM2 PAD_PKCS1_OAEP_SHA384 ALG_SHA3_512;no;		0.018000;0;0;0
SIG_CIPHER_SM2 PAD_PKCS1_OAEP_SHA512 ALG_NULL;no;		0.018000;0;0;0
SIG_CIPHER_SM2 PAD_PKCS1_OAEP_SHA512 ALG_SHA;no;		0.018000;0;0;0
SIG_CIPHER_SM2 PAD_PKCS1_OAEP_SHA512 ALG_MD5;no;		0.018000;0;0;0
SIG_CIPHER_SM2 PAD_PKCS1_OAEP_SHA512 ALG_RIPEMD160;no;		0.018000;0;0;0
SIG_CIPHER_SM2 PAD_PKCS1_OAEP_SHA512 ALG_SHA_256;no;		0.019000;0;0;0
SIG_CIPHER_SM2 PAD_PKCS1_OAEP_SHA512 ALG_SHA_384;no;		0.018000;0;0;0
SIG_CIPHER_SM2 PAD_PKCS1_OAEP_SHA512 ALG_SHA_512;no;		0.019000;0;0;0
SIG_CIPHER_SM2 PAD_PKCS1_OAEP_SHA512 ALG_SHA_224;no;		0.018000;0;0;0
SIG_CIPHER_SM2 PAD_PKCS1_OAEP_SHA512 ALG_SHA3_224;no;		0.018000;0;0;0
SIG_CIPHER_SM2 PAD_PKCS1_OAEP_SHA512 ALG_SHA3_256;no;		0.018000;0;0;0
SIG_CIPHER_SM2 PAD_PKCS1_OAEP_SHA512 ALG_SHA3_384;no;		0.021000;0;0;0
SIG_CIPHER_SM2 PAD_PKCS1_OAEP_SHA512 ALG_SHA3_512;no;		0.018000;0;0;0
SIG_CIPHER_SM2 PAD_PKCS1_OAEP_SHA3_224 ALG_NULL;no;		0.019000;0;0;0
SIG_CIPHER_SM2 PAD_PKCS1_OAEP_SHA3_224 ALG_SHA;no;		0.020000;0;0;0
SIG_CIPHER_SM2 PAD_PKCS1_OAEP_SHA3_224 ALG_MD5;no;		0.017000;0;0;0
SIG_CIPHER_SM2 PAD_PKCS1_OAEP_SHA3_224 ALG_RIPEMD160;no;		0.018000;0;0;0
SIG_CIPHER_SM2 PAD_PKCS1_OAEP_SHA3_224 ALG_SHA_256;no;		0.018000;0;0;0
SIG_CIPHER_SM2 PAD_PKCS1_OAEP_SHA3_224 ALG_SHA_384;no;		0.018000;0;0;0
SIG_CIPHER_SM2 PAD_PKCS1_OAEP_SHA3_224 ALG_SHA_512;no;		0.018000;0;0;0
SIG_CIPHER_SM2 PAD_PKCS1_OAEP_SHA3_224 ALG_SHA_224;no;		0.020000;0;0;0
SIG_CIPHER_SM2 PAD_PKCS1_OAEP_SHA3_224 ALG_SHA3_224;no;		0.019000;0;0;0
SIG_CIPHER_SM2 PAD_PKCS1_OAEP_SHA3_224 ALG_SHA3_256;no;		0.017000;0;0;0
SIG_CIPHER_SM2 PAD_PKCS1_OAEP_SHA3_224 ALG_SHA3_384;no;		0.019000;0;0;0
SIG_CIPHER_SM2 PAD_PKCS1_OAEP_SHA3_224 ALG_SHA3_512;no;		0.018000;0;0;0
SIG_CIPHER_SM2 PAD_PKCS1_OAEP_SHA3_256 ALG_NULL;no;		0.019000;0;0;0
SIG_CIPHER_SM2 PAD_PKCS1_OAEP_SHA3_256 ALG_SHA;no;		0.018000;0;0;0
SIG_CIPHER_SM2 PAD_PKCS1_OAEP_SHA3_256 ALG_MD5;no;		0.018000;0;0;0
SIG_CIPHER_SM2 PAD_PKCS1_OAEP_SHA3_256 ALG_RIPEMD160;no;		0.020000;0;0;0
SIG_CIPHER_SM2 PAD_PKCS1_OAEP_SHA3_256 ALG_SHA_256;no;		0.019000;0;0;0
SIG_CIPHER_SM2 PAD_PKCS1_OAEP_SHA3_256 ALG_SHA_384;no;		0.018000;0;0;0
SIG_CIPHER_SM2 PAD_PKCS1_OAEP_SHA3_256 ALG_SHA_512;no;		0.018000;0;0;0
SIG_CIPHER_SM2 PAD_PKCS1_OAEP_SHA3_256 ALG_SHA_224;no;		0.020000;0;0;0
SIG_CIPHER_SM2 PAD_PKCS1_OAEP_SHA3_256 ALG_SHA3_224;no;		0.019000;0;0;0
SIG_CIPHER_SM2 PAD_PKCS1_OAEP_SHA3_256 ALG_SHA3_256;no;		0.019000;0;0;0
SIG_CIPHER_SM2 PAD_PKCS1_OAEP_SHA3_256 ALG_SHA3_384;no;		0.018000;0;0;0
SIG_CIPHER_SM2 PAD_PKCS1_OAEP_SHA3_256 ALG_SHA3_512;no;		0.017000;0;0;0
SIG_CIPHER_SM2 PAD_PKCS1_OAEP_SHA3_384 ALG_NULL;no;		0.019000;0;0;0
SIG_CIPHER_SM2 PAD_PKCS1_OAEP_SHA3_384 ALG_SHA;no;		0.018000;0;0;0
SIG_CIPHER_SM2 PAD_PKCS1_OAEP_SHA3_384 ALG_MD5;no;		0.018000;0;0;0
SIG_CIPHER_SM2 PAD_PKCS1_OAEP_SHA3_384 ALG_RIPEMD160;no;		0.018000;0;0;0
SIG_CIPHER_SM2 PAD_PKCS1_OAEP_SHA3_384 ALG_SHA_256;no;		0.021000;0;0;0
SIG_CIPHER_SM2 PAD_PKCS1_OAEP_SHA3_384 ALG_SHA_384;no;		0.018000;0;0;0
SIG_CIPHER_SM2 PAD_PKCS1_OAEP_SHA3_384 ALG_SHA_512;no;		0.018000;0;0;0
SIG_CIPHER_SM2 PAD_PKCS1_OAEP_SHA3_384 ALG_SHA_224;no;		0.018000;0;0;0
SIG_CIPHER_SM2 PAD_PKCS1_OAEP_SHA3_384 ALG_SHA3_224;no;		0.017000;0;0;0
SIG_CIPHER_SM2 PAD_PKCS1_OAEP_SHA3_384 ALG_SHA3_256;no;		0.020000;0;0;0
SIG_CIPHER_SM2 PAD_PKCS1_OAEP_SHA3_384 ALG_SHA3_384;no;		0.018000;0;0;0
SIG_CIPHER_SM2 PAD_PKCS1_OAEP_SHA3_384 ALG_SHA3_512;no;		0.019000;0;0;0
SIG_CIPHER_SM2 PAD_PKCS1_OAEP_SHA3_512 ALG_NULL;no;		0.026000;0;0;0
SIG_CIPHER_SM2 PAD_PKCS1_OAEP_SHA3_512 ALG_SHA;no;		0.019000;0;0;0
SIG_CIPHER_SM2 PAD_PKCS1_OAEP_SHA3_512 ALG_MD5;no;		0.018000;0;0;0
SIG_CIPHER_SM2 PAD_PKCS1_OAEP_SHA3_512 ALG_RIPEMD160;no;		0.019000;0;0;0
SIG_CIPHER_SM2 PAD_PKCS1_OAEP_SHA3_512 ALG_SHA_256;no;		0.018000;0;0;0
SIG_CIPHER_SM2 PAD_PKCS1_OAEP_SHA3_512 ALG_SHA_384;no;		0.036000;0;0;0
SIG_CIPHER_SM2 PAD_PKCS1_OAEP_SHA3_512 ALG_SHA_512;no;		0.019000;0;0;0
SIG_CIPHER_SM2 PAD_PKCS1_OAEP_SHA3_512 ALG_SHA_224;no;		0.019000;0;0;0
SIG_CIPHER_SM2 PAD_PKCS1_OAEP_SHA3_512 ALG_SHA3_224;no;		0.020000;0;0;0
SIG_CIPHER_SM2 PAD_PKCS1_OAEP_SHA3_512 ALG_SHA3_256;no;		0.018000;0;0;0
SIG_CIPHER_SM2 PAD_PKCS1_OAEP_SHA3_512 ALG_SHA3_384;no;		0.024000;0;0;0
SIG_CIPHER_SM2 PAD_PKCS1_OAEP_SHA3_512 ALG_SHA3_512;no;		0.018000;0;0;0
SIG_CIPHER_SM2 PAD_ISO9796_MR_SCHEME_2 ALG_NULL;no;		0.019000;0;0;0
SIG_CIPHER_SM2 PAD_ISO9796_MR_SCHEME_2 ALG_SHA;no;		0.017000;0;0;0
SIG_CIPHER_SM2 PAD_ISO9796_MR_SCHEME_2 ALG_MD5;no;		0.021000;0;0;0
SIG_CIPHER_SM2 PAD_ISO9796_MR_SCHEME_2 ALG_RIPEMD160;no;		0.018000;0;0;0
SIG_CIPHER_SM2 PAD_ISO9796_MR_SCHEME_2 ALG_SHA_256;no;		0.018000;0;0;0
SIG_CIPHER_SM2 PAD_ISO9796_MR_SCHEME_2 ALG_SHA_384;no;		0.018000;0;0;0
SIG_CIPHER_SM2 PAD_ISO9796_MR_SCHEME_2 ALG_SHA_512;no;		0.019000;0;0;0
SIG_CIPHER_SM2 PAD_ISO9796_MR_SCHEME_2 ALG_SHA_224;no;		0.018000;0;0;0
SIG_CIPHER_SM2 PAD_ISO9796_MR_SCHEME_2 ALG_SHA3_224;no;		0.018000;0;0;0
SIG_CIPHER_SM2 PAD_ISO9796_MR_SCHEME_2 ALG_SHA3_256;no;		0.019000;0;0;0
SIG_CIPHER_SM2 PAD_ISO9796_MR_SCHEME_2 ALG_SHA3_384;no;		0.018000;0;0;0
SIG_CIPHER_SM2 PAD_ISO9796_MR_SCHEME_2 ALG_SHA3_512;no;		0.018000;0;0;0
SIG_CIPHER_SM2 PAD_ISO9796_MR_SCHEME_3 ALG_NULL;no;		0.023000;0;0;0
SIG_CIPHER_SM2 PAD_ISO9796_MR_SCHEME_3 ALG_SHA;no;		0.019000;0;0;0
SIG_CIPHER_SM2 PAD_ISO9796_MR_SCHEME_3 ALG_MD5;no;		0.018000;0;0;0
SIG_CIPHER_SM2 PAD_ISO9796_MR_SCHEME_3 ALG_RIPEMD160;no;		0.019000;0;0;0
SIG_CIPHER_SM2 PAD_ISO9796_MR_SCHEME_3 ALG_SHA_256;no;		0.018000;0;0;0
SIG_CIPHER_SM2 PAD_ISO9796_MR_SCHEME_3 ALG_SHA_384;no;		0.017000;0;0;0
SIG_CIPHER_SM2 PAD_ISO9796_MR_SCHEME_3 ALG_SHA_512;no;		0.018000;0;0;0
SIG_CIPHER_SM2 PAD_ISO9796_MR_SCHEME_3 ALG_SHA_224;no;		0.018000;0;0;0
SIG_CIPHER_SM2 PAD_ISO9796_MR_SCHEME_3 ALG_SHA3_224;no;		0.018000;0;0;0
SIG_CIPHER_SM2 PAD_ISO9796_MR_SCHEME_3 ALG_SHA3_256;no;		0.018000;0;0;0
SIG_CIPHER_SM2 PAD_ISO9796_MR_SCHEME_3 ALG_SHA3_384;no;		0.019000;0;0;0
SIG_CIPHER_SM2 PAD_ISO9796_MR_SCHEME_3 ALG_SHA3_512;no;		0.018000;0;0;0
SIG_CIPHER_SM4_MAC128 PAD_NULL ALG_NULL;no;		0.018000;0;0;0
SIG_CIPHER_SM4_MAC128 PAD_NULL ALG_SHA;no;		0.018000;0;0;0
SIG_CIPHER_SM4_MAC128 PAD_NULL ALG_MD5;no;		0.022000;0;0;0
SIG_CIPHER_SM4_MAC128 PAD_NULL ALG_RIPEMD160;no;		0.018000;0;0;0
SIG_CIPHER_SM4_MAC128 PAD_NULL ALG_SHA_256;no;		0.018000;0;0;0
SIG_CIPHER_SM4_MAC128 PAD_NULL ALG_SHA_384;no;		0.018000;0;0;0
SIG_CIPHER_SM4_MAC128 PAD_NULL ALG_SHA_512;no;		0.018000;0;0;0
SIG_CIPHER_SM4_MAC128 PAD_NULL ALG_SHA_224;no;		0.018000;0;0;0
SIG_CIPHER_SM4_MAC128 PAD_NULL ALG_SHA3_224;no;		0.019000;0;0;0
SIG_CIPHER_SM4_MAC128 PAD_NULL ALG_SHA3_256;no;		0.018000;0;0;0
SIG_CIPHER_SM4_MAC128 PAD_NULL ALG_SHA3_384;no;		0.018000;0;0;0
SIG_CIPHER_SM4_MAC128 PAD_NULL ALG_SHA3_512;no;		0.019000;0;0;0
SIG_CIPHER_SM4_MAC128 PAD_NOPAD ALG_NULL;no;		0.018000;0;0;0
SIG_CIPHER_SM4_MAC128 PAD_NOPAD ALG_SHA;no;		0.018000;0;0;0
SIG_CIPHER_SM4_MAC128 PAD_NOPAD ALG_MD5;no;		0.018000;0;0;0
SIG_CIPHER_SM4_MAC128 PAD_NOPAD ALG_RIPEMD160;no;		0.018000;0;0;0
SIG_CIPHER_SM4_MAC128 PAD_NOPAD ALG_SHA_256;no;		0.021000;0;0;0
SIG_CIPHER_SM4_MAC128 PAD_NOPAD ALG_SHA_384;no;		0.017000;0;0;0
SIG_CIPHER_SM4_MAC128 PAD_NOPAD ALG_SHA_512;no;		0.018000;0;0;0
SIG_CIPHER_SM4_MAC128 PAD_NOPAD ALG_SHA_224;no;		0.018000;0;0;0
SIG_CIPHER_SM4_MAC128 PAD_NOPAD ALG_SHA3_224;no;		0.019000;0;0;0
SIG_CIPHER_SM4_MAC128 PAD_NOPAD ALG_SHA3_256;no;		0.019000;0;0;0
SIG_CIPHER_SM4_MAC128 PAD_NOPAD ALG_SHA3_384;no;		0.018000;0;0;0
SIG_CIPHER_SM4_MAC128 PAD_NOPAD ALG_SHA3_512;no;		0.018000;0;0;0
SIG_CIPHER_SM4_MAC128 PAD_ISO9797_M1 ALG_NULL;no;		0.018000;0;0;0
SIG_CIPHER_SM4_MAC128 PAD_ISO9797_M1 ALG_SHA;no;		0.019000;0;0;0
SIG_CIPHER_SM4_MAC128 PAD_ISO9797_M1 ALG_MD5;no;		0.017000;0;0;0
SIG_CIPHER_SM4_MAC128 PAD_ISO9797_M1 ALG_RIPEMD160;no;		0.017000;0;0;0
SIG_CIPHER_SM4_MAC128 PAD_ISO9797_M1 ALG_SHA_256;no;		0.018000;0;0;0
SIG_CIPHER_SM4_MAC128 PAD_ISO9797_M1 ALG_SHA_384;no;		0.018000;0;0;0
SIG_CIPHER_SM4_MAC128 PAD_ISO9797_M1 ALG_SHA_512;no;		0.019000;0;0;0
SIG_CIPHER_SM4_MAC128 PAD_ISO9797_M1 ALG_SHA_224;no;		0.018000;0;0;0
SIG_CIPHER_SM4_MAC128 PAD_ISO9797_M1 ALG_SHA3_224;no;		0.018000;0;0;0
SIG_CIPHER_SM4_MAC128 PAD_ISO9797_M1 ALG_SHA3_256;no;		0.020000;0;0;0
SIG_CIPHER_SM4_MAC128 PAD_ISO9797_M1 ALG_SHA3_384;no;		0.017000;0;0;0
SIG_CIPHER_SM4_MAC128 PAD_ISO9797_M1 ALG_SHA3_512;no;		0.018000;0;0;0
SIG_CIPHER_SM4_MAC128 PAD_ISO9797_M2 ALG_NULL;no;		0.019000;0;0;0
SIG_CIPHER_SM4_MAC128 PAD_ISO9797_M2 ALG_SHA;no;		0.017000;0;0;0
SIG_CIPHER_SM4_MAC128 PAD_ISO9797_M2 ALG_MD5;no;		0.019000;0;0;0
SIG_CIPHER_SM4_MAC128 PAD_ISO9797_M2 ALG_RIPEMD160;no;		0.021000;0;0;0
SIG_CIPHER_SM4_MAC128 PAD_ISO9797_M2 ALG_SHA_256;no;		0.018000;0;0;0
SIG_CIPHER_SM4_MAC128 PAD_ISO9797_M2 ALG_SHA_384;no;		0.018000;0;0;0
SIG_CIPHER_SM4_MAC128 PAD_ISO9797_M2 ALG_SHA_512;no;		0.018000;0;0;0
SIG_CIPHER_SM4_MAC128 PAD_ISO9797_M2 ALG_SHA_224;no;		0.019000;0;0;0
SIG_CIPHER_SM4_MAC128 PAD_ISO9797_M2 ALG_SHA3_224;no;		0.018000;0;0;0
SIG_CIPHER_SM4_MAC128 PAD_ISO9797_M2 ALG_SHA3_256;no;		0.018000;0;0;0
SIG_CIPHER_SM4_MAC128 PAD_ISO9797_M2 ALG_SHA3_384;no;		0.019000;0;0;0
SIG_CIPHER_SM4_MAC128 PAD_ISO9797_M2 ALG_SHA3_512;no;		0.019000;0;0;0
SIG_CIPHER_SM4_MAC128 PAD_ISO9797_1_M1_ALG3 ALG_NULL;no;		0.018000;0;0;0
SIG_CIPHER_SM4_MAC128 PAD_ISO9797_1_M1_ALG3 ALG_SHA;no;		0.018000;0;0;0
SIG_CIPHER_SM4_MAC128 PAD_ISO9797_1_M1_ALG3 ALG_MD5;no;		0.018000;0;0;0
SIG_CIPHER_SM4_MAC128 PAD_ISO9797_1_M1_ALG3 ALG_RIPEMD160;no;		0.019000;0;0;0
SIG_CIPHER_SM4_MAC128 PAD_ISO9797_1_M1_ALG3 ALG_SHA_256;no;		0.017000;0;0;0
SIG_CIPHER_SM4_MAC128 PAD_ISO9797_1_M1_ALG3 ALG_SHA_384;no;		0.019000;0;0;0
SIG_CIPHER_SM4_MAC128 PAD_ISO9797_1_M1_ALG3 ALG_SHA_512;no;		0.018000;0;0;0
SIG_CIPHER_SM4_MAC128 PAD_ISO9797_1_M1_ALG3 ALG_SHA_224;no;		0.018000;0;0;0
SIG_CIPHER_SM4_MAC128 PAD_ISO9797_1_M1_ALG3 ALG_SHA3_224;no;		0.019000;0;0;0
SIG_CIPHER_SM4_MAC128 PAD_ISO9797_1_M1_ALG3 ALG_SHA3_256;no;		0.018000;0;0;0
SIG_CIPHER_SM4_MAC128 PAD_ISO9797_1_M1_ALG3 ALG_SHA3_384;no;		0.017000;0;0;0
SIG_CIPHER_SM4_MAC128 PAD_ISO9797_1_M1_ALG3 ALG_SHA3_512;no;		0.018000;0;0;0
SIG_CIPHER_SM4_MAC128 PAD_ISO9797_1_M2_ALG3 ALG_NULL;no;		0.018000;0;0;0
SIG_CIPHER_SM4_MAC128 PAD_ISO9797_1_M2_ALG3 ALG_SHA;no;		0.019000;0;0;0
SIG_CIPHER_SM4_MAC128 PAD_ISO9797_1_M2_ALG3 ALG_MD5;no;		0.018000;0;0;0
SIG_CIPHER_SM4_MAC128 PAD_ISO9797_1_M2_ALG3 ALG_RIPEMD160;no;		0.019000;0;0;0
SIG_CIPHER_SM4_MAC128 PAD_ISO9797_1_M2_ALG3 ALG_SHA_256;no;		0.018000;0;0;0
SIG_CIPHER_SM4_MAC128 PAD_ISO9797_1_M2_ALG3 ALG_SHA_384;no;		0.018000;0;0;0
SIG_CIPHER_SM4_MAC128 PAD_ISO9797_1_M2_ALG3 ALG_SHA_512;no;		0.019000;0;0;0
SIG_CIPHER_SM4_MAC128 PAD_ISO9797_1_M2_ALG3 ALG_SHA_224;no;		0.018000;0;0;0
SIG_CIPHER_SM4_MAC128 PAD_ISO9797_1_M2_ALG3 ALG_SHA3_224;no;		0.019000;0;0;0
SIG_CIPHER_SM4_MAC128 PAD_ISO9797_1_M2_ALG3 ALG_SHA3_256;no;		0.018000;0;0;0
SIG_CIPHER_SM4_MAC128 PAD_ISO9797_1_M2_ALG3 ALG_SHA3_384;no;		0.018000;0;0;0
SIG_CIPHER_SM4_MAC128 PAD_ISO9797_1_M2_ALG3 ALG_SHA3_512;no;		0.018000;0;0;0
SIG_CIPHER_SM4_MAC128 PAD_PKCS5 ALG_NULL;no;		0.018000;0;0;0
SIG_CIPHER_SM4_MAC128 PAD_PKCS5 ALG_SHA;no;		0.018000;0;0;0
SIG_CIPHER_SM4_MAC128 PAD_PKCS5 ALG_MD5;no;		0.018000;0;0;0
SIG_CIPHER_SM4_MAC128 PAD_PKCS5 ALG_RIPEMD160;no;		0.017000;0;0;0
SIG_CIPHER_SM4_MAC128 PAD_PKCS5 ALG_SHA_256;no;		0.018000;0;0;0
SIG_CIPHER_SM4_MAC128 PAD_PKCS5 ALG_SHA_384;no;		0.019000;0;0;0
SIG_CIPHER_SM4_MAC128 PAD_PKCS5 ALG_SHA_512;no;		0.018000;0;0;0
SIG_CIPHER_SM4_MAC128 PAD_PKCS5 ALG_SHA_224;no;		0.019000;0;0;0
SIG_CIPHER_SM4_MAC128 PAD_PKCS5 ALG_SHA3_224;no;		0.018000;0;0;0
SIG_CIPHER_SM4_MAC128 PAD_PKCS5 ALG_SHA3_256;no;		0.018000;0;0;0
SIG_CIPHER_SM4_MAC128 PAD_PKCS5 ALG_SHA3_384;no;		0.018000;0;0;0
SIG_CIPHER_SM4_MAC128 PAD_PKCS5 ALG_SHA3_512;no;		0.018000;0;0;0
SIG_CIPHER_SM4_MAC128 PAD_PKCS1 ALG_NULL;no;		0.018000;0;0;0
SIG_CIPHER_SM4_MAC128 PAD_PKCS1 ALG_SHA;no;		0.018000;0;0;0
SIG_CIPHER_SM4_MAC128 PAD_PKCS1 ALG_MD5;no;		0.017000;0;0;0
SIG_CIPHER_SM4_MAC128 PAD_PKCS1 ALG_RIPEMD160;no;		0.018000;0;0;0
SIG_CIPHER_SM4_MAC128 PAD_PKCS1 ALG_SHA_256;no;		0.018000;0;0;0
SIG_CIPHER_SM4_MAC128 PAD_PKCS1 ALG_SHA_384;no;		0.019000;0;0;0
SIG_CIPHER_SM4_MAC128 PAD_PKCS1 ALG_SHA_512;no;		0.018000;0;0;0
SIG_CIPHER_SM4_MAC128 PAD_PKCS1 ALG_SHA_224;no;		0.018000;0;0;0
SIG_CIPHER_SM4_MAC128 PAD_PKCS1 ALG_SHA3_224;no;		0.018000;0;0;0
SIG_CIPHER_SM4_MAC128 PAD_PKCS1 ALG_SHA3_256;no;		0.018000;0;0;0
SIG_CIPHER_SM4_MAC128 PAD_PKCS1 ALG_SHA3_384;no;		0.018000;0;0;0
SIG_CIPHER_SM4_MAC128 PAD_PKCS1 ALG_SHA3_512;no;		0.018000;0;0;0
SIG_CIPHER_SM4_MAC128 PAD_PKCS1_PSS ALG_NULL;no;		0.018000;0;0;0
SIG_CIPHER_SM4_MAC128 PAD_PKCS1_PSS ALG_SHA;no;		0.018000;0;0;0
SIG_CIPHER_SM4_MAC128 PAD_PKCS1_PSS ALG_MD5;no;		0.018000;0;0;0
SIG_CIPHER_SM4_MAC128 PAD_PKCS1_PSS ALG_RIPEMD160;no;		0.017000;0;0;0
SIG_CIPHER_SM4_MAC128 PAD_PKCS1_PSS ALG_SHA_256;no;		0.018000;0;0;0
SIG_CIPHER_SM4_MAC128 PAD_PKCS1_PSS ALG_SHA_384;no;		0.019000;0;0;0
SIG_CIPHER_SM4_MAC128 PAD_PKCS1_PSS ALG_SHA_512;no;		0.018000;0;0;0
SIG_CIPHER_SM4_MAC128 PAD_PKCS1_PSS ALG_SHA_224;no;		0.018000;0;0;0
SIG_CIPHER_SM4_MAC128 PAD_PKCS1_PSS ALG_SHA3_224;no;		0.020000;0;0;0
SIG_CIPHER_SM4_MAC128 PAD_PKCS1_PSS ALG_SHA3_256;no;		0.018000;0;0;0
SIG_CIPHER_SM4_MAC128 PAD_PKCS1_PSS ALG_SHA3_384;no;		0.019000;0;0;0
SIG_CIPHER_SM4_MAC128 PAD_PKCS1_PSS ALG_SHA3_512;no;		0.019000;0;0;0
SIG_CIPHER_SM4_MAC128 PAD_PKCS1_OAEP ALG_NULL;no;		0.020000;0;0;0
SIG_CIPHER_SM4_MAC128 PAD_PKCS1_OAEP ALG_SHA;no;		0.019000;0;0;0
SIG_CIPHER_SM4_MAC128 PAD_PKCS1_OAEP ALG_MD5;no;		0.018000;0;0;0
SIG_CIPHER_SM4_MAC128 PAD_PKCS1_OAEP ALG_RIPEMD160;no;		0.018000;0;0;0
SIG_CIPHER_SM4_MAC128 PAD_PKCS1_OAEP ALG_SHA_256;no;		0.020000;0;0;0
SIG_CIPHER_SM4_MAC128 PAD_PKCS1_OAEP ALG_SHA_384;no;		0.018000;0;0;0
SIG_CIPHER_SM4_MAC128 PAD_PKCS1_OAEP ALG_SHA_512;no;		0.018000;0;0;0
SIG_CIPHER_SM4_MAC128 PAD_PKCS1_OAEP ALG_SHA_224;no;		0.018000;0;0;0
SIG_CIPHER_SM4_MAC128 PAD_PKCS1_OAEP ALG_SHA3_224;no;		0.020000;0;0;0
SIG_CIPHER_SM4_MAC128 PAD_PKCS1_OAEP ALG_SHA3_256;no;		0.018000;0;0;0
SIG_CIPHER_SM4_MAC128 PAD_PKCS1_OAEP ALG_SHA3_384;no;		0.019000;0;0;0
SIG_CIPHER_SM4_MAC128 PAD_PKCS1_OAEP ALG_SHA3_512;no;		0.018000;0;0;0
SIG_CIPHER_SM4_MAC128 PAD_ISO9796 ALG_NULL;no;		0.019000;0;0;0
SIG_CIPHER_SM4_MAC128 PAD_ISO9796 ALG_SHA;no;		0.017000;0;0;0
SIG_CIPHER_SM4_MAC128 PAD_ISO9796 ALG_MD5;no;		0.019000;0;0;0
SIG_CIPHER_SM4_MAC128 PAD_ISO9796 ALG_RIPEMD160;no;		0.018000;0;0;0
SIG_CIPHER_SM4_MAC128 PAD_ISO9796 ALG_SHA_256;no;		0.020000;0;0;0
SIG_CIPHER_SM4_MAC128 PAD_ISO9796 ALG_SHA_384;no;		0.018000;0;0;0
SIG_CIPHER_SM4_MAC128 PAD_ISO9796 ALG_SHA_512;no;		0.018000;0;0;0
SIG_CIPHER_SM4_MAC128 PAD_ISO9796 ALG_SHA_224;no;		0.019000;0;0;0
SIG_CIPHER_SM4_MAC128 PAD_ISO9796 ALG_SHA3_224;no;		0.020000;0;0;0
SIG_CIPHER_SM4_MAC128 PAD_ISO9796 ALG_SHA3_256;no;		0.017000;0;0;0
SIG_CIPHER_SM4_MAC128 PAD_ISO9796 ALG_SHA3_384;no;		0.018000;0;0;0
SIG_CIPHER_SM4_MAC128 PAD_ISO9796 ALG_SHA3_512;no;		0.019000;0;0;0
SIG_CIPHER_SM4_MAC128 PAD_ISO9796_MR ALG_NULL;no;		0.018000;0;0;0
SIG_CIPHER_SM4_MAC128 PAD_ISO9796_MR ALG_SHA;no;		0.017000;0;0;0
SIG_CIPHER_SM4_MAC128 PAD_ISO9796_MR ALG_MD5;no;		0.018000;0;0;0
SIG_CIPHER_SM4_MAC128 PAD_ISO9796_MR ALG_RIPEMD160;no;		0.018000;0;0;0
SIG_CIPHER_SM4_MAC128 PAD_ISO9796_MR ALG_SHA_256;no;		0.020000;0;0;0
SIG_CIPHER_SM4_MAC128 PAD_ISO9796_MR ALG_SHA_384;no;		0.018000;0;0;0
SIG_CIPHER_SM4_MAC128 PAD_ISO9796_MR ALG_SHA_512;no;		0.018000;0;0;0
SIG_CIPHER_SM4_MAC128 PAD_ISO9796_MR ALG_SHA_224;no;		0.018000;0;0;0
SIG_CIPHER_SM4_MAC128 PAD_ISO9796_MR ALG_SHA3_224;no;		0.017000;0;0;0
SIG_CIPHER_SM4_MAC128 PAD_ISO9796_MR ALG_SHA3_256;no;		0.019000;0;0;0
SIG_CIPHER_SM4_MAC128 PAD_ISO9796_MR ALG_SHA3_384;no;		0.019000;0;0;0
SIG_CIPHER_SM4_MAC128 PAD_ISO9796_MR ALG_SHA3_512;no;		0.018000;0;0;0
SIG_CIPHER_SM4_MAC128 PAD_RFC2409 ALG_NULL;no;		0.018000;0;0;0
SIG_CIPHER_SM4_MAC128 PAD_RFC2409 ALG_SHA;no;		0.019000;0;0;0
SIG_CIPHER_SM4_MAC128 PAD_RFC2409 ALG_MD5;no;		0.017000;0;0;0
SIG_CIPHER_SM4_MAC128 PAD_RFC2409 ALG_RIPEMD160;no;		0.019000;0;0;0
SIG_CIPHER_SM4_MAC128 PAD_RFC2409 ALG_SHA_256;no;		0.023000;0;0;0
SIG_CIPHER_SM4_MAC128 PAD_RFC2409 ALG_SHA_384;no;		0.019000;0;0;0
SIG_CIPHER_SM4_MAC128 PAD_RFC2409 ALG_SHA_512;no;		0.018000;0;0;0
SIG_CIPHER_SM4_MAC128 PAD_RFC2409 ALG_SHA_224;no;		0.019000;0;0;0
SIG_CIPHER_SM4_MAC128 PAD_RFC2409 ALG_SHA3_224;no;		0.018000;0;0;0
SIG_CIPHER_SM4_MAC128 PAD_RFC2409 ALG_SHA3_256;no;		0.018000;0;0;0
SIG_CIPHER_SM4_MAC128 PAD_RFC2409 ALG_SHA3_384;no;		0.017000;0;0;0
SIG_CIPHER_SM4_MAC128 PAD_RFC2409 ALG_SHA3_512;no;		0.018000;0;0;0
SIG_CIPHER_SM4_MAC128 PAD_PKCS1_OAEP_SHA224 ALG_NULL;no;		0.018000;0;0;0
SIG_CIPHER_SM4_MAC128 PAD_PKCS1_OAEP_SHA224 ALG_SHA;no;		0.018000;0;0;0
SIG_CIPHER_SM4_MAC128 PAD_PKCS1_OAEP_SHA224 ALG_MD5;no;		0.017000;0;0;0
SIG_CIPHER_SM4_MAC128 PAD_PKCS1_OAEP_SHA224 ALG_RIPEMD160;no;		0.019000;0;0;0
SIG_CIPHER_SM4_MAC128 PAD_PKCS1_OAEP_SHA224 ALG_SHA_256;no;		0.018000;0;0;0
SIG_CIPHER_SM4_MAC128 PAD_PKCS1_OAEP_SHA224 ALG_SHA_384;no;		0.019000;0;0;0
SIG_CIPHER_SM4_MAC128 PAD_PKCS1_OAEP_SHA224 ALG_SHA_512;no;		0.018000;0;0;0
SIG_CIPHER_SM4_MAC128 PAD_PKCS1_OAEP_SHA224 ALG_SHA_224;no;		0.020000;0;0;0
SIG_CIPHER_SM4_MAC128 PAD_PKCS1_OAEP_SHA224 ALG_SHA3_224;no;		0.018000;0;0;0
SIG_CIPHER_SM4_MAC128 PAD_PKCS1_OAEP_SHA224 ALG_SHA3_256;no;		0.018000;0;0;0
SIG_CIPHER_SM4_MAC128 PAD_PKCS1_OAEP_SHA224 ALG_SHA3_384;no;		0.018000;0;0;0
SIG_CIPHER_SM4_MAC128 PAD_PKCS1_OAEP_SHA224 ALG_SHA3_512;no;		0.021000;0;0;0
SIG_CIPHER_SM4_MAC128 PAD_PKCS1_OAEP_SHA256 ALG_NULL;no;		0.017000;0;0;0
SIG_CIPHER_SM4_MAC128 PAD_PKCS1_OAEP_SHA256 ALG_SHA;no;		0.018000;0;0;0
SIG_CIPHER_SM4_MAC128 PAD_PKCS1_OAEP_SHA256 ALG_MD5;no;		0.018000;0;0;0
SIG_CIPHER_SM4_MAC128 PAD_PKCS1_OAEP_SHA256 ALG_RIPEMD160;no;		0.017000;0;0;0
SIG_CIPHER_SM4_MAC128 PAD_PKCS1_OAEP_SHA256 ALG_SHA_256;no;		0.018000;0;0;0
SIG_CIPHER_SM4_MAC128 PAD_PKCS1_OAEP_SHA256 ALG_SHA_384;no;		0.018000;0;0;0
SIG_CIPHER_SM4_MAC128 PAD_PKCS1_OAEP_SHA256 ALG_SHA_512;no;		0.018000;0;0;0
SIG_CIPHER_SM4_MAC128 PAD_PKCS1_OAEP_SHA256 ALG_SHA_224;no;		0.018000;0;0;0
SIG_CIPHER_SM4_MAC128 PAD_PKCS1_OAEP_SHA256 ALG_SHA3_224;no;		0.019000;0;0;0
SIG_CIPHER_SM4_MAC128 PAD_PKCS1_OAEP_SHA256 ALG_SHA3_256;no;		0.018000;0;0;0
SIG_CIPHER_SM4_MAC128 PAD_PKCS1_OAEP_SHA256 ALG_SHA3_384;no;		0.018000;0;0;0
SIG_CIPHER_SM4_MAC128 PAD_PKCS1_OAEP_SHA256 ALG_SHA3_512;no;		0.018000;0;0;0
SIG_CIPHER_SM4_MAC128 PAD_PKCS1_OAEP_SHA384 ALG_NULL;no;		0.018000;0;0;0
SIG_CIPHER_SM4_MAC128 PAD_PKCS1_OAEP_SHA384 ALG_SHA;no;		0.018000;0;0;0
SIG_CIPHER_SM4_MAC128 PAD_PKCS1_OAEP_SHA384 ALG_MD5;no;		0.018000;0;0;0
SIG_CIPHER_SM4_MAC128 PAD_PKCS1_OAEP_SHA384 ALG_RIPEMD160;no;		0.018000;0;0;0
SIG_CIPHER_SM4_MAC128 PAD_PKCS1_OAEP_SHA384 ALG_SHA_256;no;		0.018000;0;0;0
SIG_CIPHER_SM4_MAC128 PAD_PKCS1_OAEP_SHA384 ALG_SHA_384;no;		0.018000;0;0;0
SIG_CIPHER_SM4_MAC128 PAD_PKCS1_OAEP_SHA384 ALG_SHA_512;no;		0.019000;0;0;0
SIG_CIPHER_SM4_MAC128 PAD_PKCS1_OAEP_SHA384 ALG_SHA_224;no;		0.017000;0;0;0
SIG_CIPHER_SM4_MAC128 PAD_PKCS1_OAEP_SHA384 ALG_SHA3_224;no;		0.018000;0;0;0
SIG_CIPHER_SM4_MAC128 PAD_PKCS1_OAEP_SHA384 ALG_SHA3_256;no;		0.017000;0;0;0
SIG_CIPHER_SM4_MAC128 PAD_PKCS1_OAEP_SHA384 ALG_SHA3_384;no;		0.018000;0;0;0
SIG_CIPHER_SM4_MAC128 PAD_PKCS1_OAEP_SHA384 ALG_SHA3_512;no;		0.018000;0;0;0
SIG_CIPHER_SM4_MAC128 PAD_PKCS1_OAEP_SHA512 ALG_NULL;no;		0.019000;0;0;0
SIG_CIPHER_SM4_MAC128 PAD_PKCS1_OAEP_SHA512 ALG_SHA;no;		0.018000;0;0;0
SIG_CIPHER_SM4_MAC128 PAD_PKCS1_OAEP_SHA512 ALG_MD5;no;		0.017000;0;0;0
SIG_CIPHER_SM4_MAC128 PAD_PKCS1_OAEP_SHA512 ALG_RIPEMD160;no;		0.017000;0;0;0
SIG_CIPHER_SM4_MAC128 PAD_PKCS1_OAEP_SHA512 ALG_SHA_256;no;		0.018000;0;0;0
SIG_CIPHER_SM4_MAC128 PAD_PKCS1_OAEP_SHA512 ALG_SHA_384;no;		0.018000;0;0;0
SIG_CIPHER_SM4_MAC128 PAD_PKCS1_OAEP_SHA512 ALG_SHA_512;no;		0.018000;0;0;0
SIG_CIPHER_SM4_MAC128 PAD_PKCS1_OAEP_SHA512 ALG_SHA_224;no;		0.017000;0;0;0
SIG_CIPHER_SM4_MAC128 PAD_PKCS1_OAEP_SHA512 ALG_SHA3_224;no;		0.018000;0;0;0
SIG_CIPHER_SM4_MAC128 PAD_PKCS1_OAEP_SHA512 ALG_SHA3_256;no;		0.018000;0;0;0
SIG_CIPHER_SM4_MAC128 PAD_PKCS1_OAEP_SHA512 ALG_SHA3_384;no;		0.018000;0;0;0
SIG_CIPHER_SM4_MAC128 PAD_PKCS1_OAEP_SHA512 ALG_SHA3_512;no;		0.018000;0;0;0
SIG_CIPHER_SM4_MAC128 PAD_PKCS1_OAEP_SHA3_224 ALG_NULL;no;		0.018000;0;0;0
SIG_CIPHER_SM4_MAC128 PAD_PKCS1_OAEP_SHA3_224 ALG_SHA;no;		0.018000;0;0;0
SIG_CIPHER_SM4_MAC128 PAD_PKCS1_OAEP_SHA3_224 ALG_MD5;no;		0.018000;0;0;0
SIG_CIPHER_SM4_MAC128 PAD_PKCS1_OAEP_SHA3_224 ALG_RIPEMD160;no;		0.018000;0;0;0
SIG_CIPHER_SM4_MAC128 PAD_PKCS1_OAEP_SHA3_224 ALG_SHA_256;no;		0.019000;0;0;0
SIG_CIPHER_SM4_MAC128 PAD_PKCS1_OAEP_SHA3_224 ALG_SHA_384;no;		0.018000;0;0;0
SIG_CIPHER_SM4_MAC128 PAD_PKCS1_OAEP_SHA3_224 ALG_SHA_512;no;		0.020000;0;0;0
SIG_CIPHER_SM4_MAC128 PAD_PKCS1_OAEP_SHA3_224 ALG_SHA_224;no;		0.018000;0;0;0
SIG_CIPHER_SM4_MAC128 PAD_PKCS1_OAEP_SHA3_224 ALG_SHA3_224;no;		0.018000;0;0;0
SIG_CIPHER_SM4_MAC128 PAD_PKCS1_OAEP_SHA3_224 ALG_SHA3_256;no;		0.018000;0;0;0
SIG_CIPHER_SM4_MAC128 PAD_PKCS1_OAEP_SHA3_224 ALG_SHA3_384;no;		0.018000;0;0;0
SIG_CIPHER_SM4_MAC128 PAD_PKCS1_OAEP_SHA3_224 ALG_SHA3_512;no;		0.019000;0;0;0
SIG_CIPHER_SM4_MAC128 PAD_PKCS1_OAEP_SHA3_256 ALG_NULL;no;		0.017000;0;0;0
SIG_CIPHER_SM4_MAC128 PAD_PKCS1_OAEP_SHA3_256 ALG_SHA;no;		0.018000;0;0;0
SIG_CIPHER_SM4_MAC128 PAD_PKCS1_OAEP_SHA3_256 ALG_MD5;no;		0.019000;0;0;0
SIG_CIPHER_SM4_MAC128 PAD_PKCS1_OAEP_SHA3_256 ALG_RIPEMD160;no;		0.019000;0;0;0
SIG_CIPHER_SM4_MAC128 PAD_PKCS1_OAEP_SHA3_256 ALG_SHA_256;no;		0.018000;0;0;0
SIG_CIPHER_SM4_MAC128 PAD_PKCS1_OAEP_SHA3_256 ALG_SHA_384;no;		0.018000;0;0;0
SIG_CIPHER_SM4_MAC128 PAD_PKCS1_OAEP_SHA3_256 ALG_SHA_512;no;		0.018000;0;0;0
SIG_CIPHER_SM4_MAC128 PAD_PKCS1_OAEP_SHA3_256 ALG_SHA_224;no;		0.018000;0;0;0
SIG_CIPHER_SM4_MAC128 PAD_PKCS1_OAEP_SHA3_256 ALG_SHA3_224;no;		0.017000;0;0;0
SIG_CIPHER_SM4_MAC128 PAD_PKCS1_OAEP_SHA3_256 ALG_SHA3_256;no;		0.018000;0;0;0
SIG_CIPHER_SM4_MAC128 PAD_PKCS1_OAEP_SHA3_256 ALG_SHA3_384;no;		0.018000;0;0;0
SIG_CIPHER_SM4_MAC128 PAD_PKCS1_OAEP_SHA3_256 ALG_SHA3_512;no;		0.017000;0;0;0
SIG_CIPHER_SM4_MAC128 PAD_PKCS1_OAEP_SHA3_384 ALG_NULL;no;		0.018000;0;0;0
SIG_CIPHER_SM4_MAC128 PAD_PKCS1_OAEP_SHA3_384 ALG_SHA;no;		0.017000;0;0;0
SIG_CIPHER_SM4_MAC128 PAD_PKCS1_OAEP_SHA3_384 ALG_MD5;no;		0.019000;0;0;0
SIG_CIPHER_SM4_MAC128 PAD_PKCS1_OAEP_SHA3_384 ALG_RIPEMD160;no;		0.018000;0;0;0
SIG_CIPHER_SM4_MAC128 PAD_PKCS1_OAEP_SHA3_384 ALG_SHA_256;no;		0.018000;0;0;0
SIG_CIPHER_SM4_MAC128 PAD_PKCS1_OAEP_SHA3_384 ALG_SHA_384;no;		0.018000;0;0;0
SIG_CIPHER_SM4_MAC128 PAD_PKCS1_OAEP_SHA3_384 ALG_SHA_512;no;		0.017000;0;0;0
SIG_CIPHER_SM4_MAC128 PAD_PKCS1_OAEP_SHA3_384 ALG_SHA_224;no;		0.018000;0;0;0
SIG_CIPHER_SM4_MAC128 PAD_PKCS1_OAEP_SHA3_384 ALG_SHA3_224;no;		0.018000;0;0;0
SIG_CIPHER_SM4_MAC128 PAD_PKCS1_OAEP_SHA3_384 ALG_SHA3_256;no;		0.018000;0;0;0
SIG_CIPHER_SM4_MAC128 PAD_PKCS1_OAEP_SHA3_384 ALG_SHA3_384;no;		0.018000;0;0;0
SIG_CIPHER_SM4_MAC128 PAD_PKCS1_OAEP_SHA3_384 ALG_SHA3_512;no;		0.018000;0;0;0
SIG_CIPHER_SM4_MAC128 PAD_PKCS1_OAEP_SHA3_512 ALG_NULL;no;		0.017000;0;0;0
SIG_CIPHER_SM4_MAC128 PAD_PKCS1_OAEP_SHA3_512 ALG_SHA;no;		0.018000;0;0;0
SIG_CIPHER_SM4_MAC128 PAD_PKCS1_OAEP_SHA3_512 ALG_MD5;no;		0.018000;0;0;0
SIG_CIPHER_SM4_MAC128 PAD_PKCS1_OAEP_SHA3_512 ALG_RIPEMD160;no;		0.018000;0;0;0
SIG_CIPHER_SM4_MAC128 PAD_PKCS1_OAEP_SHA3_512 ALG_SHA_256;no;		0.018000;0;0;0
SIG_CIPHER_SM4_MAC128 PAD_PKCS1_OAEP_SHA3_512 ALG_SHA_384;no;		0.018000;0;0;0
SIG_CIPHER_SM4_MAC128 PAD_PKCS1_OAEP_SHA3_512 ALG_SHA_512;no;		0.017000;0;0;0
SIG_CIPHER_SM4_MAC128 PAD_PKCS1_OAEP_SHA3_512 ALG_SHA_224;no;		0.017000;0;0;0
SIG_CIPHER_SM4_MAC128 PAD_PKCS1_OAEP_SHA3_512 ALG_SHA3_224;no;		0.018000;0;0;0
SIG_CIPHER_SM4_MAC128 PAD_PKCS1_OAEP_SHA3_512 ALG_SHA3_256;no;		0.019000;0;0;0
SIG_CIPHER_SM4_MAC128 PAD_PKCS1_OAEP_SHA3_512 ALG_SHA3_384;no;		0.018000;0;0;0
SIG_CIPHER_SM4_MAC128 PAD_PKCS1_OAEP_SHA3_512 ALG_SHA3_512;no;		0.018000;0;0;0
SIG_CIPHER_SM4_MAC128 PAD_ISO9796_MR_SCHEME_2 ALG_NULL;no;		0.018000;0;0;0
SIG_CIPHER_SM4_MAC128 PAD_ISO9796_MR_SCHEME_2 ALG_SHA;no;		0.018000;0;0;0
SIG_CIPHER_SM4_MAC128 PAD_ISO9796_MR_SCHEME_2 ALG_MD5;no;		0.018000;0;0;0
SIG_CIPHER_SM4_MAC128 PAD_ISO9796_MR_SCHEME_2 ALG_RIPEMD160;no;		0.018000;0;0;0
SIG_CIPHER_SM4_MAC128 PAD_ISO9796_MR_SCHEME_2 ALG_SHA_256;no;		0.017000;0;0;0
SIG_CIPHER_SM4_MAC128 PAD_ISO9796_MR_SCHEME_2 ALG_SHA_384;no;		0.017000;0;0;0
SIG_CIPHER_SM4_MAC128 PAD_ISO9796_MR_SCHEME_2 ALG_SHA_512;no;		0.018000;0;0;0
SIG_CIPHER_SM4_MAC128 PAD_ISO9796_MR_SCHEME_2 ALG_SHA_224;no;		0.017000;0;0;0
SIG_CIPHER_SM4_MAC128 PAD_ISO9796_MR_SCHEME_2 ALG_SHA3_224;no;		0.018000;0;0;0
SIG_CIPHER_SM4_MAC128 PAD_ISO9796_MR_SCHEME_2 ALG_SHA3_256;no;		0.017000;0;0;0
SIG_CIPHER_SM4_MAC128 PAD_ISO9796_MR_SCHEME_2 ALG_SHA3_384;no;		0.019000;0;0;0
SIG_CIPHER_SM4_MAC128 PAD_ISO9796_MR_SCHEME_2 ALG_SHA3_512;no;		0.018000;0;0;0
SIG_CIPHER_SM4_MAC128 PAD_ISO9796_MR_SCHEME_3 ALG_NULL;no;		0.018000;0;0;0
SIG_CIPHER_SM4_MAC128 PAD_ISO9796_MR_SCHEME_3 ALG_SHA;no;		0.018000;0;0;0
SIG_CIPHER_SM4_MAC128 PAD_ISO9796_MR_SCHEME_3 ALG_MD5;no;		0.018000;0;0;0
SIG_CIPHER_SM4_MAC128 PAD_ISO9796_MR_SCHEME_3 ALG_RIPEMD160;no;		0.018000;0;0;0
SIG_CIPHER_SM4_MAC128 PAD_ISO9796_MR_SCHEME_3 ALG_SHA_256;no;		0.017000;0;0;0
SIG_CIPHER_SM4_MAC128 PAD_ISO9796_MR_SCHEME_3 ALG_SHA_384;no;		0.018000;0;0;0
SIG_CIPHER_SM4_MAC128 PAD_ISO9796_MR_SCHEME_3 ALG_SHA_512;no;		0.017000;0;0;0
SIG_CIPHER_SM4_MAC128 PAD_ISO9796_MR_SCHEME_3 ALG_SHA_224;no;		0.018000;0;0;0
SIG_CIPHER_SM4_MAC128 PAD_ISO9796_MR_SCHEME_3 ALG_SHA3_224;no;		0.018000;0;0;0
SIG_CIPHER_SM4_MAC128 PAD_ISO9796_MR_SCHEME_3 ALG_SHA3_256;no;		0.018000;0;0;0
SIG_CIPHER_SM4_MAC128 PAD_ISO9796_MR_SCHEME_3 ALG_SHA3_384;no;		0.018000;0;0;0
SIG_CIPHER_SM4_MAC128 PAD_ISO9796_MR_SCHEME_3 ALG_SHA3_512;no;		0.018000;0;0;0
SIG_CIPHER_EDDSA PAD_NULL ALG_NULL;no;		0.018000;0;0;0
SIG_CIPHER_EDDSA PAD_NULL ALG_SHA;no;		0.018000;0;0;0
SIG_CIPHER_EDDSA PAD_NULL ALG_MD5;no;		0.018000;0;0;0
SIG_CIPHER_EDDSA PAD_NULL ALG_RIPEMD160;no;		0.018000;0;0;0
SIG_CIPHER_EDDSA PAD_NULL ALG_SHA_256;no;		0.018000;0;0;0
SIG_CIPHER_EDDSA PAD_NULL ALG_SHA_384;no;		0.018000;0;0;0
SIG_CIPHER_EDDSA PAD_NULL ALG_SHA_512;no;		0.018000;0;0;0
SIG_CIPHER_EDDSA PAD_NULL ALG_SHA_224;no;		0.018000;0;0;0
SIG_CIPHER_EDDSA PAD_NULL ALG_SHA3_224;no;		0.018000;0;0;0
SIG_CIPHER_EDDSA PAD_NULL ALG_SHA3_256;no;		0.018000;0;0;0
SIG_CIPHER_EDDSA PAD_NULL ALG_SHA3_384;no;		0.018000;0;0;0
SIG_CIPHER_EDDSA PAD_NULL ALG_SHA3_512;no;		0.019000;0;0;0
SIG_CIPHER_EDDSA PAD_NOPAD ALG_NULL;no;		0.018000;0;0;0
SIG_CIPHER_EDDSA PAD_NOPAD ALG_SHA;no;		0.019000;0;0;0
SIG_CIPHER_EDDSA PAD_NOPAD ALG_MD5;no;		0.018000;0;0;0
SIG_CIPHER_EDDSA PAD_NOPAD ALG_RIPEMD160;no;		0.018000;0;0;0
SIG_CIPHER_EDDSA PAD_NOPAD ALG_SHA_256;no;		0.019000;0;0;0
SIG_CIPHER_EDDSA PAD_NOPAD ALG_SHA_384;no;		0.018000;0;0;0
SIG_CIPHER_EDDSA PAD_NOPAD ALG_SHA_512;no;		0.018000;0;0;0
SIG_CIPHER_EDDSA PAD_NOPAD ALG_SHA_224;no;		0.018000;0;0;0
SIG_CIPHER_EDDSA PAD_NOPAD ALG_SHA3_224;no;		0.020000;0;0;0
SIG_CIPHER_EDDSA PAD_NOPAD ALG_SHA3_256;no;		0.018000;0;0;0
SIG_CIPHER_EDDSA PAD_NOPAD ALG_SHA3_384;no;		0.018000;0;0;0
SIG_CIPHER_EDDSA PAD_NOPAD ALG_SHA3_512;no;		0.018000;0;0;0
SIG_CIPHER_EDDSA PAD_ISO9797_M1 ALG_NULL;no;		0.019000;0;0;0
SIG_CIPHER_EDDSA PAD_ISO9797_M1 ALG_SHA;no;		0.020000;0;0;0
SIG_CIPHER_EDDSA PAD_ISO9797_M1 ALG_MD5;no;		0.018000;0;0;0
SIG_CIPHER_EDDSA PAD_ISO9797_M1 ALG_RIPEMD160;no;		0.018000;0;0;0
SIG_CIPHER_EDDSA PAD_ISO9797_M1 ALG_SHA_256;no;		0.018000;0;0;0
SIG_CIPHER_EDDSA PAD_ISO9797_M1 ALG_SHA_384;no;		0.020000;0;0;0
SIG_CIPHER_EDDSA PAD_ISO9797_M1 ALG_SHA_512;no;		0.018000;0;0;0
SIG_CIPHER_EDDSA PAD_ISO9797_M1 ALG_SHA_224;no;		0.018000;0;0;0
SIG_CIPHER_EDDSA PAD_ISO9797_M1 ALG_SHA3_224;no;		0.019000;0;0;0
SIG_CIPHER_EDDSA PAD_ISO9797_M1 ALG_SHA3_256;no;		0.018000;0;0;0
SIG_CIPHER_EDDSA PAD_ISO9797_M1 ALG_SHA3_384;no;		0.018000;0;0;0
SIG_CIPHER_EDDSA PAD_ISO9797_M1 ALG_SHA3_512;no;		0.017000;0;0;0
SIG_CIPHER_EDDSA PAD_ISO9797_M2 ALG_NULL;no;		0.018000;0;0;0
SIG_CIPHER_EDDSA PAD_ISO9797_M2 ALG_SHA;no;		0.017000;0;0;0
SIG_CIPHER_EDDSA PAD_ISO9797_M2 ALG_MD5;no;		0.018000;0;0;0
SIG_CIPHER_EDDSA PAD_ISO9797_M2 ALG_RIPEMD160;no;		0.022000;0;0;0
SIG_CIPHER_EDDSA PAD_ISO9797_M2 ALG_SHA_256;no;		0.018000;0;0;0
SIG_CIPHER_EDDSA PAD_ISO9797_M2 ALG_SHA_384;no;		0.018000;0;0;0
SIG_CIPHER_EDDSA PAD_ISO9797_M2 ALG_SHA_512;no;		0.019000;0;0;0
SIG_CIPHER_EDDSA PAD_ISO9797_M2 ALG_SHA_224;no;		0.017000;0;0;0
SIG_CIPHER_EDDSA PAD_ISO9797_M2 ALG_SHA3_224;no;		0.018000;0;0;0
SIG_CIPHER_EDDSA PAD_ISO9797_M2 ALG_SHA3_256;no;		0.018000;0;0;0
SIG_CIPHER_EDDSA PAD_ISO9797_M2 ALG_SHA3_384;no;		0.018000;0;0;0
SIG_CIPHER_EDDSA PAD_ISO9797_M2 ALG_SHA3_512;no;		0.019000;0;0;0
SIG_CIPHER_EDDSA PAD_ISO9797_1_M1_ALG3 ALG_NULL;no;		0.018000;0;0;0
SIG_CIPHER_EDDSA PAD_ISO9797_1_M1_ALG3 ALG_SHA;no;		0.018000;0;0;0
SIG_CIPHER_EDDSA PAD_ISO9797_1_M1_ALG3 ALG_MD5;no;		0.019000;0;0;0
SIG_CIPHER_EDDSA PAD_ISO9797_1_M1_ALG3 ALG_RIPEMD160;no;		0.019000;0;0;0
SIG_CIPHER_EDDSA PAD_ISO9797_1_M1_ALG3 ALG_SHA_256;no;		0.018000;0;0;0
SIG_CIPHER_EDDSA PAD_ISO9797_1_M1_ALG3 ALG_SHA_384;no;		0.018000;0;0;0
SIG_CIPHER_EDDSA PAD_ISO9797_1_M1_ALG3 ALG_SHA_512;no;		0.018000;0;0;0
SIG_CIPHER_EDDSA PAD_ISO9797_1_M1_ALG3 ALG_SHA_224;no;		0.018000;0;0;0
SIG_CIPHER_EDDSA PAD_ISO9797_1_M1_ALG3 ALG_SHA3_224;no;		0.018000;0;0;0
SIG_CIPHER_EDDSA PAD_ISO9797_1_M1_ALG3 ALG_SHA3_256;no;		0.018000;0;0;0
SIG_CIPHER_EDDSA PAD_ISO9797_1_M1_ALG3 ALG_SHA3_384;no;		0.018000;0;0;0
SIG_CIPHER_EDDSA PAD_ISO9797_1_M1_ALG3 ALG_SHA3_512;no;		0.023000;0;0;0
SIG_CIPHER_EDDSA PAD_ISO9797_1_M2_ALG3 ALG_NULL;no;		0.018000;0;0;0
SIG_CIPHER_EDDSA PAD_ISO9797_1_M2_ALG3 ALG_SHA;no;		0.018000;0;0;0
SIG_CIPHER_EDDSA PAD_ISO9797_1_M2_ALG3 ALG_MD5;no;		0.019000;0;0;0
SIG_CIPHER_EDDSA PAD_ISO9797_1_M2_ALG3 ALG_RIPEMD160;no;		0.018000;0;0;0
SIG_CIPHER_EDDSA PAD_ISO9797_1_M2_ALG3 ALG_SHA_256;no;		0.018000;0;0;0
SIG_CIPHER_EDDSA PAD_ISO9797_1_M2_ALG3 ALG_SHA_384;no;		0.018000;0;0;0
SIG_CIPHER_EDDSA PAD_ISO9797_1_M2_ALG3 ALG_SHA_512;no;		0.018000;0;0;0
SIG_CIPHER_EDDSA PAD_ISO9797_1_M2_ALG3 ALG_SHA_224;no;		0.018000;0;0;0
SIG_CIPHER_EDDSA PAD_ISO9797_1_M2_ALG3 ALG_SHA3_224;no;		0.018000;0;0;0
SIG_CIPHER_EDDSA PAD_ISO9797_1_M2_ALG3 ALG_SHA3_256;no;		0.019000;0;0;0
SIG_CIPHER_EDDSA PAD_ISO9797_1_M2_ALG3 ALG_SHA3_384;no;		0.018000;0;0;0
SIG_CIPHER_EDDSA PAD_ISO9797_1_M2_ALG3 ALG_SHA3_512;no;		0.018000;0;0;0
SIG_CIPHER_EDDSA PAD_PKCS5 ALG_NULL;no;		0.019000;0;0;0
SIG_CIPHER_EDDSA PAD_PKCS5 ALG_SHA;no;		0.018000;0;0;0
SIG_CIPHER_EDDSA PAD_PKCS5 ALG_MD5;no;		0.018000;0;0;0
SIG_CIPHER_EDDSA PAD_PKCS5 ALG_RIPEMD160;no;		0.018000;0;0;0
SIG_CIPHER_EDDSA PAD_PKCS5 ALG_SHA_256;no;		0.018000;0;0;0
SIG_CIPHER_EDDSA PAD_PKCS5 ALG_SHA_384;no;		0.018000;0;0;0
SIG_CIPHER_EDDSA PAD_PKCS5 ALG_SHA_512;no;		0.019000;0;0;0
SIG_CIPHER_EDDSA PAD_PKCS5 ALG_SHA_224;no;		0.018000;0;0;0
SIG_CIPHER_EDDSA PAD_PKCS5 ALG_SHA3_224;no;		0.019000;0;0;0
SIG_CIPHER_EDDSA PAD_PKCS5 ALG_SHA3_256;no;		0.020000;0;0;0
SIG_CIPHER_EDDSA PAD_PKCS5 ALG_SHA3_384;no;		0.018000;0;0;0
SIG_CIPHER_EDDSA PAD_PKCS5 ALG_SHA3_512;no;		0.018000;0;0;0
SIG_CIPHER_EDDSA PAD_PKCS1 ALG_NULL;no;		0.018000;0;0;0
SIG_CIPHER_EDDSA PAD_PKCS1 ALG_SHA;no;		0.018000;0;0;0
SIG_CIPHER_EDDSA PAD_PKCS1 ALG_MD5;no;		0.018000;0;0;0
SIG_CIPHER_EDDSA PAD_PKCS1 ALG_RIPEMD160;no;		0.018000;0;0;0
SIG_CIPHER_EDDSA PAD_PKCS1 ALG_SHA_256;no;		0.017000;0;0;0
SIG_CIPHER_EDDSA PAD_PKCS1 ALG_SHA_384;no;		0.018000;0;0;0
SIG_CIPHER_EDDSA PAD_PKCS1 ALG_SHA_512;no;		0.018000;0;0;0
SIG_CIPHER_EDDSA PAD_PKCS1 ALG_SHA_224;no;		0.019000;0;0;0
SIG_CIPHER_EDDSA PAD_PKCS1 ALG_SHA3_224;no;		0.018000;0;0;0
SIG_CIPHER_EDDSA PAD_PKCS1 ALG_SHA3_256;no;		0.017000;0;0;0
SIG_CIPHER_EDDSA PAD_PKCS1 ALG_SHA3_384;no;		0.018000;0;0;0
SIG_CIPHER_EDDSA PAD_PKCS1 ALG_SHA3_512;no;		0.018000;0;0;0
SIG_CIPHER_EDDSA PAD_PKCS1_PSS ALG_NULL;no;		0.018000;0;0;0
SIG_CIPHER_EDDSA PAD_PKCS1_PSS ALG_SHA;no;		0.018000;0;0;0
SIG_CIPHER_EDDSA PAD_PKCS1_PSS ALG_MD5;no;		0.018000;0;0;0
SIG_CIPHER_EDDSA PAD_PKCS1_PSS ALG_RIPEMD160;no;		0.018000;0;0;0
SIG_CIPHER_EDDSA PAD_PKCS1_PSS ALG_SHA_256;no;		0.018000;0;0;0
SIG_CIPHER_EDDSA PAD_PKCS1_PSS ALG_SHA_384;no;		0.017000;0;0;0
SIG_CIPHER_EDDSA PAD_PKCS1_PSS ALG_SHA_512;no;		0.018000;0;0;0
SIG_CIPHER_EDDSA PAD_PKCS1_PSS ALG_SHA_224;no;		0.018000;0;0;0
SIG_CIPHER_EDDSA PAD_PKCS1_PSS ALG_SHA3_224;no;		0.018000;0;0;0
SIG_CIPHER_EDDSA PAD_PKCS1_PSS ALG_SHA3_256;no;		0.019000;0;0;0
SIG_CIPHER_EDDSA PAD_PKCS1_PSS ALG_SHA3_384;no;		0.018000;0;0;0
SIG_CIPHER_EDDSA PAD_PKCS1_PSS ALG_SHA3_512;no;		0.018000;0;0;0
SIG_CIPHER_EDDSA PAD_PKCS1_OAEP ALG_NULL;no;		0.019000;0;0;0
SIG_CIPHER_EDDSA PAD_PKCS1_OAEP ALG_SHA;no;		0.017000;0;0;0
SIG_CIPHER_EDDSA PAD_PKCS1_OAEP ALG_MD5;no;		0.021000;0;0;0
SIG_CIPHER_EDDSA PAD_PKCS1_OAEP ALG_RIPEMD160;no;		0.019000;0;0;0
SIG_CIPHER_EDDSA PAD_PKCS1_OAEP ALG_SHA_256;no;		0.018000;0;0;0
SIG_CIPHER_EDDSA PAD_PKCS1_OAEP ALG_SHA_384;no;		0.021000;0;0;0
SIG_CIPHER_EDDSA PAD_PKCS1_OAEP ALG_SHA_512;no;		0.018000;0;0;0
SIG_CIPHER_EDDSA PAD_PKCS1_OAEP ALG_SHA_224;no;		0.018000;0;0;0
SIG_CIPHER_EDDSA PAD_PKCS1_OAEP ALG_SHA3_224;no;		0.020000;0;0;0
SIG_CIPHER_EDDSA PAD_PKCS1_OAEP ALG_SHA3_256;no;		0.018000;0;0;0
SIG_CIPHER_EDDSA PAD_PKCS1_OAEP ALG_SHA3_384;no;		0.018000;0;0;0
SIG_CIPHER_EDDSA PAD_PKCS1_OAEP ALG_SHA3_512;no;		0.018000;0;0;0
SIG_CIPHER_EDDSA PAD_ISO9796 ALG_NULL;no;		0.018000;0;0;0
SIG_CIPHER_EDDSA PAD_ISO9796 ALG_SHA;no;		0.019000;0;0;0
SIG_CIPHER_EDDSA PAD_ISO9796 ALG_MD5;no;		0.019000;0;0;0
SIG_CIPHER_EDDSA PAD_ISO9796 ALG_RIPEMD160;no;		0.019000;0;0;0
SIG_CIPHER_EDDSA PAD_ISO9796 ALG_SHA_256;no;		0.019000;0;0;0
SIG_CIPHER_EDDSA PAD_ISO9796 ALG_SHA_384;no;		0.019000;0;0;0
SIG_CIPHER_EDDSA PAD_ISO9796 ALG_SHA_512;no;		0.020000;0;0;0
SIG_CIPHER_EDDSA PAD_ISO9796 ALG_SHA_224;no;		0.018000;0;0;0
SIG_CIPHER_EDDSA PAD_ISO9796 ALG_SHA3_224;no;		0.018000;0;0;0
SIG_CIPHER_EDDSA PAD_ISO9796 ALG_SHA3_256;no;		0.020000;0;0;0
SIG_CIPHER_EDDSA PAD_ISO9796 ALG_SHA3_384;no;		0.019000;0;0;0
SIG_CIPHER_EDDSA PAD_ISO9796 ALG_SHA3_512;no;		0.018000;0;0;0
SIG_CIPHER_EDDSA PAD_ISO9796_MR ALG_NULL;no;		0.018000;0;0;0
SIG_CIPHER_EDDSA PAD_ISO9796_MR ALG_SHA;no;		0.018000;0;0;0
SIG_CIPHER_EDDSA PAD_ISO9796_MR ALG_MD5;no;		0.017000;0;0;0
SIG_CIPHER_EDDSA PAD_ISO9796_MR ALG_RIPEMD160;no;		0.018000;0;0;0
SIG_CIPHER_EDDSA PAD_ISO9796_MR ALG_SHA_256;no;		0.018000;0;0;0
SIG_CIPHER_EDDSA PAD_ISO9796_MR ALG_SHA_384;no;		0.018000;0;0;0
SIG_CIPHER_EDDSA PAD_ISO9796_MR ALG_SHA_512;no;		0.018000;0;0;0
SIG_CIPHER_EDDSA PAD_ISO9796_MR ALG_SHA_224;no;		0.017000;0;0;0
SIG_CIPHER_EDDSA PAD_ISO9796_MR ALG_SHA3_224;no;		0.019000;0;0;0
SIG_CIPHER_EDDSA PAD_ISO9796_MR ALG_SHA3_256;no;		0.017000;0;0;0
SIG_CIPHER_EDDSA PAD_ISO9796_MR ALG_SHA3_384;no;		0.018000;0;0;0
SIG_CIPHER_EDDSA PAD_ISO9796_MR ALG_SHA3_512;no;		0.018000;0;0;0
SIG_CIPHER_EDDSA PAD_RFC2409 ALG_NULL;no;		0.018000;0;0;0
SIG_CIPHER_EDDSA PAD_RFC2409 ALG_SHA;no;		0.017000;0;0;0
SIG_CIPHER_EDDSA PAD_RFC2409 ALG_MD5;no;		0.018000;0;0;0
SIG_CIPHER_EDDSA PAD_RFC2409 ALG_RIPEMD160;no;		0.018000;0;0;0
SIG_CIPHER_EDDSA PAD_RFC2409 ALG_SHA_256;no;		0.017000;0;0;0
SIG_CIPHER_EDDSA PAD_RFC2409 ALG_SHA_384;no;		0.018000;0;0;0
SIG_CIPHER_EDDSA PAD_RFC2409 ALG_SHA_512;no;		0.018000;0;0;0
SIG_CIPHER_EDDSA PAD_RFC2409 ALG_SHA_224;no;		0.019000;0;0;0
SIG_CIPHER_EDDSA PAD_RFC2409 ALG_SHA3_224;no;		0.017000;0;0;0
SIG_CIPHER_EDDSA PAD_RFC2409 ALG_SHA3_256;no;		0.018000;0;0;0
SIG_CIPHER_EDDSA PAD_RFC2409 ALG_SHA3_384;no;		0.017000;0;0;0
SIG_CIPHER_EDDSA PAD_RFC2409 ALG_SHA3_512;no;		0.018000;0;0;0
SIG_CIPHER_EDDSA PAD_PKCS1_OAEP_SHA224 ALG_NULL;no;		0.018000;0;0;0
SIG_CIPHER_EDDSA PAD_PKCS1_OAEP_SHA224 ALG_SHA;no;		0.018000;0;0;0
SIG_CIPHER_EDDSA PAD_PKCS1_OAEP_SHA224 ALG_MD5;no;		0.017000;0;0;0
SIG_CIPHER_EDDSA PAD_PKCS1_OAEP_SHA224 ALG_RIPEMD160;no;		0.018000;0;0;0
SIG_CIPHER_EDDSA PAD_PKCS1_OAEP_SHA224 ALG_SHA_256;no;		0.018000;0;0;0
SIG_CIPHER_EDDSA PAD_PKCS1_OAEP_SHA224 ALG_SHA_384;no;		0.018000;0;0;0
SIG_CIPHER_EDDSA PAD_PKCS1_OAEP_SHA224 ALG_SHA_512;no;		0.018000;0;0;0
SIG_CIPHER_EDDSA PAD_PKCS1_OAEP_SHA224 ALG_SHA_224;no;		0.017000;0;0;0
SIG_CIPHER_EDDSA PAD_PKCS1_OAEP_SHA224 ALG_SHA3_224;no;		0.018000;0;0;0
SIG_CIPHER_EDDSA PAD_PKCS1_OAEP_SHA224 ALG_SHA3_256;no;		0.017000;0;0;0
SIG_CIPHER_EDDSA PAD_PKCS1_OAEP_SHA224 ALG_SHA3_384;no;		0.018000;0;0;0
SIG_CIPHER_EDDSA PAD_PKCS1_OAEP_SHA224 ALG_SHA3_512;no;		0.018000;0;0;0
SIG_CIPHER_EDDSA PAD_PKCS1_OAEP_SHA256 ALG_NULL;no;		0.018000;0;0;0
SIG_CIPHER_EDDSA PAD_PKCS1_OAEP_SHA256 ALG_SHA;no;		0.019000;0;0;0
SIG_CIPHER_EDDSA PAD_PKCS1_OAEP_SHA256 ALG_MD5;no;		0.018000;0;0;0
SIG_CIPHER_EDDSA PAD_PKCS1_OAEP_SHA256 ALG_RIPEMD160;no;		0.017000;0;0;0
SIG_CIPHER_EDDSA PAD_PKCS1_OAEP_SHA256 ALG_SHA_256;no;		0.017000;0;0;0
SIG_CIPHER_EDDSA PAD_PKCS1_OAEP_SHA256 ALG_SHA_384;no;		0.018000;0;0;0
SIG_CIPHER_EDDSA PAD_PKCS1_OAEP_SHA256 ALG_SHA_512;no;		0.017000;0;0;0
SIG_CIPHER_EDDSA PAD_PKCS1_OAEP_SHA256 ALG_SHA_224;no;		0.018000;0;0;0
SIG_CIPHER_EDDSA PAD_PKCS1_OAEP_SHA256 ALG_SHA3_224;no;		0.019000;0;0;0
SIG_CIPHER_EDDSA PAD_PKCS1_OAEP_SHA256 ALG_SHA3_256;no;		0.017000;0;0;0
SIG_CIPHER_EDDSA PAD_PKCS1_OAEP_SHA256 ALG_SHA3_384;no;		0.018000;0;0;0
SIG_CIPHER_EDDSA PAD_PKCS1_OAEP_SHA256 ALG_SHA3_512;no;		0.018000;0;0;0
SIG_CIPHER_EDDSA PAD_PKCS1_OAEP_SHA384 ALG_NULL;no;		0.018000;0;0;0
SIG_CIPHER_EDDSA PAD_PKCS1_OAEP_SHA384 ALG_SHA;no;		0.018000;0;0;0
SIG_CIPHER_EDDSA PAD_PKCS1_OAEP_SHA384 ALG_MD5;no;		0.019000;0;0;0
SIG_CIPHER_EDDSA PAD_PKCS1_OAEP_SHA384 ALG_RIPEMD160;no;		0.018000;0;0;0
SIG_CIPHER_EDDSA PAD_PKCS1_OAEP_SHA384 ALG_SHA_256;no;		0.017000;0;0;0
SIG_CIPHER_EDDSA PAD_PKCS1_OAEP_SHA384 ALG_SHA_384;no;		0.019000;0;0;0
SIG_CIPHER_EDDSA PAD_PKCS1_OAEP_SHA384 ALG_SHA_512;no;		0.018000;0;0;0
SIG_CIPHER_EDDSA PAD_PKCS1_OAEP_SHA384 ALG_SHA_224;no;		0.018000;0;0;0
SIG_CIPHER_EDDSA PAD_PKCS1_OAEP_SHA384 ALG_SHA3_224;no;		0.018000;0;0;0
SIG_CIPHER_EDDSA PAD_PKCS1_OAEP_SHA384 ALG_SHA3_256;no;		0.018000;0;0;0
SIG_CIPHER_EDDSA PAD_PKCS1_OAEP_SHA384 ALG_SHA3_384;no;		0.019000;0;0;0
SIG_CIPHER_EDDSA PAD_PKCS1_OAEP_SHA384 ALG_SHA3_512;no;		0.017000;0;0;0
SIG_CIPHER_EDDSA PAD_PKCS1_OAEP_SHA512 ALG_NULL;no;		0.019000;0;0;0
SIG_CIPHER_EDDSA PAD_PKCS1_OAEP_SHA512 ALG_SHA;no;		0.018000;0;0;0
SIG_CIPHER_EDDSA PAD_PKCS1_OAEP_SHA512 ALG_MD5;no;		0.019000;0;0;0
SIG_CIPHER_EDDSA PAD_PKCS1_OAEP_SHA512 ALG_RIPEMD160;no;		0.018000;0;0;0
SIG_CIPHER_EDDSA PAD_PKCS1_OAEP_SHA512 ALG_SHA_256;no;		0.018000;0;0;0
SIG_CIPHER_EDDSA PAD_PKCS1_OAEP_SHA512 ALG_SHA_384;no;		0.018000;0;0;0
SIG_CIPHER_EDDSA PAD_PKCS1_OAEP_SHA512 ALG_SHA_512;no;		0.018000;0;0;0
SIG_CIPHER_EDDSA PAD_PKCS1_OAEP_SHA512 ALG_SHA_224;no;		0.018000;0;0;0
SIG_CIPHER_EDDSA PAD_PKCS1_OAEP_SHA512 ALG_SHA3_224;no;		0.018000;0;0;0
SIG_CIPHER_EDDSA PAD_PKCS1_OAEP_SHA512 ALG_SHA3_256;no;		0.018000;0;0;0
SIG_CIPHER_EDDSA PAD_PKCS1_OAEP_SHA512 ALG_SHA3_384;no;		0.018000;0;0;0
SIG_CIPHER_EDDSA PAD_PKCS1_OAEP_SHA512 ALG_SHA3_512;no;		0.017000;0;0;0
SIG_CIPHER_EDDSA PAD_PKCS1_OAEP_SHA3_224 ALG_NULL;no;		0.018000;0;0;0
SIG_CIPHER_EDDSA PAD_PKCS1_OAEP_SHA3_224 ALG_SHA;no;		0.019000;0;0;0
SIG_CIPHER_EDDSA PAD_PKCS1_OAEP_SHA3_224 ALG_MD5;no;		0.017000;0;0;0
SIG_CIPHER_EDDSA PAD_PKCS1_OAEP_SHA3_224 ALG_RIPEMD160;no;		0.017000;0;0;0
SIG_CIPHER_EDDSA PAD_PKCS1_OAEP_SHA3_224 ALG_SHA_256;no;		0.018000;0;0;0
SIG_CIPHER_EDDSA PAD_PKCS1_OAEP_SHA3_224 ALG_SHA_384;no;		0.017000;0;0;0
SIG_CIPHER_EDDSA PAD_PKCS1_OAEP_SHA3_224 ALG_SHA_512;no;		0.018000;0;0;0
SIG_CIPHER_EDDSA PAD_PKCS1_OAEP_SHA3_224 ALG_SHA_224;no;		0.017000;0;0;0
SIG_CIPHER_EDDSA PAD_PKCS1_OAEP_SHA3_224 ALG_SHA3_224;no;		0.019000;0;0;0
SIG_CIPHER_EDDSA PAD_PKCS1_OAEP_SHA3_224 ALG_SHA3_256;no;		0.018000;0;0;0
SIG_CIPHER_EDDSA PAD_PKCS1_OAEP_SHA3_224 ALG_SHA3_384;no;		0.018000;0;0;0
SIG_CIPHER_EDDSA PAD_PKCS1_OAEP_SHA3_224 ALG_SHA3_512;no;		0.018000;0;0;0
SIG_CIPHER_EDDSA PAD_PKCS1_OAEP_SHA3_256 ALG_NULL;no;		0.019000;0;0;0
SIG_CIPHER_EDDSA PAD_PKCS1_OAEP_SHA3_256 ALG_SHA;no;		0.017000;0;0;0
SIG_CIPHER_EDDSA PAD_PKCS1_OAEP_SHA3_256 ALG_MD5;no;		0.018000;0;0;0
SIG_CIPHER_EDDSA PAD_PKCS1_OAEP_SHA3_256 ALG_RIPEMD160;no;		0.020000;0;0;0
SIG_CIPHER_EDDSA PAD_PKCS1_OAEP_SHA3_256 ALG_SHA_256;no;		0.018000;0;0;0
SIG_CIPHER_EDDSA PAD_PKCS1_OAEP_SHA3_256 ALG_SHA_384;no;		0.018000;0;0;0
SIG_CIPHER_EDDSA PAD_PKCS1_OAEP_SHA3_256 ALG_SHA_512;no;		0.018000;0;0;0
SIG_CIPHER_EDDSA PAD_PKCS1_OAEP_SHA3_256 ALG_SHA_224;no;		0.018000;0;0;0
SIG_CIPHER_EDDSA PAD_PKCS1_OAEP_SHA3_256 ALG_SHA3_224;no;		0.018000;0;0;0
SIG_CIPHER_EDDSA PAD_PKCS1_OAEP_SHA3_256 ALG_SHA3_256;no;		0.017000;0;0;0
SIG_CIPHER_EDDSA PAD_PKCS1_OAEP_SHA3_256 ALG_SHA3_384;no;		0.018000;0;0;0
SIG_CIPHER_EDDSA PAD_PKCS1_OAEP_SHA3_256 ALG_SHA3_512;no;		0.017000;0;0;0
SIG_CIPHER_EDDSA PAD_PKCS1_OAEP_SHA3_384 ALG_NULL;no;		0.019000;0;0;0
SIG_CIPHER_EDDSA PAD_PKCS1_OAEP_SHA3_384 ALG_SHA;no;		0.018000;0;0;0
SIG_CIPHER_EDDSA PAD_PKCS1_OAEP_SHA3_384 ALG_MD5;no;		0.017000;0;0;0
SIG_CIPHER_EDDSA PAD_PKCS1_OAEP_SHA3_384 ALG_RIPEMD160;no;		0.018000;0;0;0
SIG_CIPHER_EDDSA PAD_PKCS1_OAEP_SHA3_384 ALG_SHA_256;no;		0.019000;0;0;0
SIG_CIPHER_EDDSA PAD_PKCS1_OAEP_SHA3_384 ALG_SHA_384;no;		0.018000;0;0;0
SIG_CIPHER_EDDSA PAD_PKCS1_OAEP_SHA3_384 ALG_SHA_512;no;		0.019000;0;0;0
SIG_CIPHER_EDDSA PAD_PKCS1_OAEP_SHA3_384 ALG_SHA_224;no;		0.018000;0;0;0
SIG_CIPHER_EDDSA PAD_PKCS1_OAEP_SHA3_384 ALG_SHA3_224;no;		0.018000;0;0;0
SIG_CIPHER_EDDSA PAD_PKCS1_OAEP_SHA3_384 ALG_SHA3_256;no;		0.018000;0;0;0
SIG_CIPHER_EDDSA PAD_PKCS1_OAEP_SHA3_384 ALG_SHA3_384;no;		0.018000;0;0;0
SIG_CIPHER_EDDSA PAD_PKCS1_OAEP_SHA3_384 ALG_SHA3_512;no;		0.017000;0;0;0
SIG_CIPHER_EDDSA PAD_PKCS1_OAEP_SHA3_512 ALG_NULL;no;		0.018000;0;0;0
SIG_CIPHER_EDDSA PAD_PKCS1_OAEP_SHA3_512 ALG_SHA;no;		0.018000;0;0;0
SIG_CIPHER_EDDSA PAD_PKCS1_OAEP_SHA3_512 ALG_MD5;no;		0.017000;0;0;0
SIG_CIPHER_EDDSA PAD_PKCS1_OAEP_SHA3_512 ALG_RIPEMD160;no;		0.017000;0;0;0
SIG_CIPHER_EDDSA PAD_PKCS1_OAEP_SHA3_512 ALG_SHA_256;no;		0.018000;0;0;0
SIG_CIPHER_EDDSA PAD_PKCS1_OAEP_SHA3_512 ALG_SHA_384;no;		0.018000;0;0;0
SIG_CIPHER_EDDSA PAD_PKCS1_OAEP_SHA3_512 ALG_SHA_512;no;		0.019000;0;0;0
SIG_CIPHER_EDDSA PAD_PKCS1_OAEP_SHA3_512 ALG_SHA_224;no;		0.018000;0;0;0
SIG_CIPHER_EDDSA PAD_PKCS1_OAEP_SHA3_512 ALG_SHA3_224;no;		0.019000;0;0;0
SIG_CIPHER_EDDSA PAD_PKCS1_OAEP_SHA3_512 ALG_SHA3_256;no;		0.019000;0;0;0
SIG_CIPHER_EDDSA PAD_PKCS1_OAEP_SHA3_512 ALG_SHA3_384;no;		0.018000;0;0;0
SIG_CIPHER_EDDSA PAD_PKCS1_OAEP_SHA3_512 ALG_SHA3_512;no;		0.019000;0;0;0
SIG_CIPHER_EDDSA PAD_ISO9796_MR_SCHEME_2 ALG_NULL;no;		0.017000;0;0;0
SIG_CIPHER_EDDSA PAD_ISO9796_MR_SCHEME_2 ALG_SHA;no;		0.018000;0;0;0
SIG_CIPHER_EDDSA PAD_ISO9796_MR_SCHEME_2 ALG_MD5;no;		0.018000;0;0;0
SIG_CIPHER_EDDSA PAD_ISO9796_MR_SCHEME_2 ALG_RIPEMD160;no;		0.018000;0;0;0
SIG_CIPHER_EDDSA PAD_ISO9796_MR_SCHEME_2 ALG_SHA_256;no;		0.022000;0;0;0
SIG_CIPHER_EDDSA PAD_ISO9796_MR_SCHEME_2 ALG_SHA_384;no;		0.018000;0;0;0
SIG_CIPHER_EDDSA PAD_ISO9796_MR_SCHEME_2 ALG_SHA_512;no;		0.018000;0;0;0
SIG_CIPHER_EDDSA PAD_ISO9796_MR_SCHEME_2 ALG_SHA_224;no;		0.019000;0;0;0
SIG_CIPHER_EDDSA PAD_ISO9796_MR_SCHEME_2 ALG_SHA3_224;no;		0.019000;0;0;0
SIG_CIPHER_EDDSA PAD_ISO9796_MR_SCHEME_2 ALG_SHA3_256;no;		0.017000;0;0;0
SIG_CIPHER_EDDSA PAD_ISO9796_MR_SCHEME_2 ALG_SHA3_384;no;		0.019000;0;0;0
SIG_CIPHER_EDDSA PAD_ISO9796_MR_SCHEME_2 ALG_SHA3_512;no;		0.017000;0;0;0
SIG_CIPHER_EDDSA PAD_ISO9796_MR_SCHEME_3 ALG_NULL;no;		0.019000;0;0;0
SIG_CIPHER_EDDSA PAD_ISO9796_MR_SCHEME_3 ALG_SHA;no;		0.018000;0;0;0
SIG_CIPHER_EDDSA PAD_ISO9796_MR_SCHEME_3 ALG_MD5;no;		0.018000;0;0;0
SIG_CIPHER_EDDSA PAD_ISO9796_MR_SCHEME_3 ALG_RIPEMD160;no;		0.018000;0;0;0
SIG_CIPHER_EDDSA PAD_ISO9796_MR_SCHEME_3 ALG_SHA_256;no;		0.018000;0;0;0
SIG_CIPHER_EDDSA PAD_ISO9796_MR_SCHEME_3 ALG_SHA_384;no;		0.019000;0;0;0
SIG_CIPHER_EDDSA PAD_ISO9796_MR_SCHEME_3 ALG_SHA_512;no;		0.018000;0;0;0
SIG_CIPHER_EDDSA PAD_ISO9796_MR_SCHEME_3 ALG_SHA_224;no;		0.018000;0;0;0
SIG_CIPHER_EDDSA PAD_ISO9796_MR_SCHEME_3 ALG_SHA3_224;no;		0.017000;0;0;0
SIG_CIPHER_EDDSA PAD_ISO9796_MR_SCHEME_3 ALG_SHA3_256;no;		0.018000;0;0;0
SIG_CIPHER_EDDSA PAD_ISO9796_MR_SCHEME_3 ALG_SHA3_384;no;		0.018000;0;0;0
SIG_CIPHER_EDDSA PAD_ISO9796_MR_SCHEME_3 ALG_SHA3_512;no;		0.018000;0;0;0
SIG_CIPHER_EDDSAPH PAD_NULL ALG_NULL;no;		0.018000;0;0;0
SIG_CIPHER_EDDSAPH PAD_NULL ALG_SHA;no;		0.017000;0;0;0
SIG_CIPHER_EDDSAPH PAD_NULL ALG_MD5;no;		0.021000;0;0;0
SIG_CIPHER_EDDSAPH PAD_NULL ALG_RIPEMD160;no;		0.018000;0;0;0
SIG_CIPHER_EDDSAPH PAD_NULL ALG_SHA_256;no;		0.018000;0;0;0
SIG_CIPHER_EDDSAPH PAD_NULL ALG_SHA_384;no;		0.018000;0;0;0
SIG_CIPHER_EDDSAPH PAD_NULL ALG_SHA_512;no;		0.018000;0;0;0
SIG_CIPHER_EDDSAPH PAD_NULL ALG_SHA_224;no;		0.018000;0;0;0
SIG_CIPHER_EDDSAPH PAD_NULL ALG_SHA3_224;no;		0.019000;0;0;0
SIG_CIPHER_EDDSAPH PAD_NULL ALG_SHA3_256;no;		0.018000;0;0;0
SIG_CIPHER_EDDSAPH PAD_NULL ALG_SHA3_384;no;		0.018000;0;0;0
SIG_CIPHER_EDDSAPH PAD_NULL ALG_SHA3_512;no;		0.018000;0;0;0
SIG_CIPHER_EDDSAPH PAD_NOPAD ALG_NULL;no;		0.019000;0;0;0
SIG_CIPHER_EDDSAPH PAD_NOPAD ALG_SHA;no;		0.017000;0;0;0
SIG_CIPHER_EDDSAPH PAD_NOPAD ALG_MD5;no;		0.019000;0;0;0
SIG_CIPHER_EDDSAPH PAD_NOPAD ALG_RIPEMD160;no;		0.018000;0;0;0
SIG_CIPHER_EDDSAPH PAD_NOPAD ALG_SHA_256;no;		0.019000;0;0;0
SIG_CIPHER_EDDSAPH PAD_NOPAD ALG_SHA_384;no;		0.018000;0;0;0
SIG_CIPHER_EDDSAPH PAD_NOPAD ALG_SHA_512;no;		0.018000;0;0;0
SIG_CIPHER_EDDSAPH PAD_NOPAD ALG_SHA_224;no;		0.017000;0;0;0
SIG_CIPHER_EDDSAPH PAD_NOPAD ALG_SHA3_224;no;		0.019000;0;0;0
SIG_CIPHER_EDDSAPH PAD_NOPAD ALG_SHA3_256;no;		0.018000;0;0;0
SIG_CIPHER_EDDSAPH PAD_NOPAD ALG_SHA3_384;no;		0.019000;0;0;0
SIG_CIPHER_EDDSAPH PAD_NOPAD ALG_SHA3_512;no;		0.018000;0;0;0
SIG_CIPHER_EDDSAPH PAD_ISO9797_M1 ALG_NULL;no;		0.020000;0;0;0
SIG_CIPHER_EDDSAPH PAD_ISO9797_M1 ALG_SHA;no;		0.017000;0;0;0
SIG_CIPHER_EDDSAPH PAD_ISO9797_M1 ALG_MD5;no;		0.017000;0;0;0
SIG_CIPHER_EDDSAPH PAD_ISO9797_M1 ALG_RIPEMD160;no;		0.017000;0;0;0
SIG_CIPHER_EDDSAPH PAD_ISO9797_M1 ALG_SHA_256;no;		0.018000;0;0;0
SIG_CIPHER_EDDSAPH PAD_ISO9797_M1 ALG_SHA_384;no;		0.018000;0;0;0
SIG_CIPHER_EDDSAPH PAD_ISO9797_M1 ALG_SHA_512;no;		0.018000;0;0;0
SIG_CIPHER_EDDSAPH PAD_ISO9797_M1 ALG_SHA_224;no;		0.018000;0;0;0
SIG_CIPHER_EDDSAPH PAD_ISO9797_M1 ALG_SHA3_224;no;		0.018000;0;0;0
SIG_CIPHER_EDDSAPH PAD_ISO9797_M1 ALG_SHA3_256;no;		0.018000;0;0;0
SIG_CIPHER_EDDSAPH PAD_ISO9797_M1 ALG_SHA3_384;no;		0.018000;0;0;0
SIG_CIPHER_EDDSAPH PAD_ISO9797_M1 ALG_SHA3_512;no;		0.018000;0;0;0
SIG_CIPHER_EDDSAPH PAD_ISO9797_M2 ALG_NULL;no;		0.018000;0;0;0
SIG_CIPHER_EDDSAPH PAD_ISO9797_M2 ALG_SHA;no;		0.018000;0;0;0
SIG_CIPHER_EDDSAPH PAD_ISO9797_M2 ALG_MD5;no;		0.018000;0;0;0
SIG_CIPHER_EDDSAPH PAD_ISO9797_M2 ALG_RIPEMD160;no;		0.017000;0;0;0
SIG_CIPHER_EDDSAPH PAD_ISO9797_M2 ALG_SHA_256;no;		0.018000;0;0;0
SIG_CIPHER_EDDSAPH PAD_ISO9797_M2 ALG_SHA_384;no;		0.018000;0;0;0
SIG_CIPHER_EDDSAPH PAD_ISO9797_M2 ALG_SHA_512;no;		0.018000;0;0;0
SIG_CIPHER_EDDSAPH PAD_ISO9797_M2 ALG_SHA_224;no;		0.018000;0;0;0
SIG_CIPHER_EDDSAPH PAD_ISO9797_M2 ALG_SHA3_224;no;		0.017000;0;0;0
SIG_CIPHER_EDDSAPH PAD_ISO9797_M2 ALG_SHA3_256;no;		0.018000;0;0;0
SIG_CIPHER_EDDSAPH PAD_ISO9797_M2 ALG_SHA3_384;no;		0.017000;0;0;0
SIG_CIPHER_EDDSAPH PAD_ISO9797_M2 ALG_SHA3_512;no;		0.017000;0;0;0
SIG_CIPHER_EDDSAPH PAD_ISO9797_1_M1_ALG3 ALG_NULL;no;		0.017000;0;0;0
SIG_CIPHER_EDDSAPH PAD_ISO9797_1_M1_ALG3 ALG_SHA;no;		0.017000;0;0;0
SIG_CIPHER_EDDSAPH PAD_ISO9797_1_M1_ALG3 ALG_MD5;no;		0.018000;0;0;0
SIG_CIPHER_EDDSAPH PAD_ISO9797_1_M1_ALG3 ALG_RIPEMD160;no;		0.018000;0;0;0
SIG_CIPHER_EDDSAPH PAD_ISO9797_1_M1_ALG3 ALG_SHA_256;no;		0.017000;0;0;0
SIG_CIPHER_EDDSAPH PAD_ISO9797_1_M1_ALG3 ALG_SHA_384;no;		0.018000;0;0;0
SIG_CIPHER_EDDSAPH PAD_ISO9797_1_M1_ALG3 ALG_SHA_512;no;		0.018000;0;0;0
SIG_CIPHER_EDDSAPH PAD_ISO9797_1_M1_ALG3 ALG_SHA_224;no;		0.017000;0;0;0
SIG_CIPHER_EDDSAPH PAD_ISO9797_1_M1_ALG3 ALG_SHA3_224;no;		0.019000;0;0;0
SIG_CIPHER_EDDSAPH PAD_ISO9797_1_M1_ALG3 ALG_SHA3_256;no;		0.018000;0;0;0
SIG_CIPHER_EDDSAPH PAD_ISO9797_1_M1_ALG3 ALG_SHA3_384;no;		0.018000;0;0;0
SIG_CIPHER_EDDSAPH PAD_ISO9797_1_M1_ALG3 ALG_SHA3_512;no;		0.019000;0;0;0
SIG_CIPHER_EDDSAPH PAD_ISO9797_1_M2_ALG3 ALG_NULL;no;		0.019000;0;0;0
SIG_CIPHER_EDDSAPH PAD_ISO9797_1_M2_ALG3 ALG_SHA;no;		0.018000;0;0;0
SIG_CIPHER_EDDSAPH PAD_ISO9797_1_M2_ALG3 ALG_MD5;no;		0.018000;0;0;0
SIG_CIPHER_EDDSAPH PAD_ISO9797_1_M2_ALG3 ALG_RIPEMD160;no;		0.018000;0;0;0
SIG_CIPHER_EDDSAPH PAD_ISO9797_1_M2_ALG3 ALG_SHA_256;no;		0.018000;0;0;0
SIG_CIPHER_EDDSAPH PAD_ISO9797_1_M2_ALG3 ALG_SHA_384;no;		0.018000;0;0;0
SIG_CIPHER_EDDSAPH PAD_ISO9797_1_M2_ALG3 ALG_SHA_512;no;		0.018000;0;0;0
SIG_CIPHER_EDDSAPH PAD_ISO9797_1_M2_ALG3 ALG_SHA_224;no;		0.017000;0;0;0
SIG_CIPHER_EDDSAPH PAD_ISO9797_1_M2_ALG3 ALG_SHA3_224;no;		0.018000;0;0;0
SIG_CIPHER_EDDSAPH PAD_ISO9797_1_M2_ALG3 ALG_SHA3_256;no;		0.018000;0;0;0
SIG_CIPHER_EDDSAPH PAD_ISO9797_1_M2_ALG3 ALG_SHA3_384;no;		0.017000;0;0;0
SIG_CIPHER_EDDSAPH PAD_ISO9797_1_M2_ALG3 ALG_SHA3_512;no;		0.017000;0;0;0
SIG_CIPHER_EDDSAPH PAD_PKCS5 ALG_NULL;no;		0.019000;0;0;0
SIG_CIPHER_EDDSAPH PAD_PKCS5 ALG_SHA;no;		0.018000;0;0;0
SIG_CIPHER_EDDSAPH PAD_PKCS5 ALG_MD5;no;		0.018000;0;0;0
SIG_CIPHER_EDDSAPH PAD_PKCS5 ALG_RIPEMD160;no;		0.020000;0;0;0
SIG_CIPHER_EDDSAPH PAD_PKCS5 ALG_SHA_256;no;		0.018000;0;0;0
SIG_CIPHER_EDDSAPH PAD_PKCS5 ALG_SHA_384;no;		0.018000;0;0;0
SIG_CIPHER_EDDSAPH PAD_PKCS5 ALG_SHA_512;no;		0.018000;0;0;0
SIG_CIPHER_EDDSAPH PAD_PKCS5 ALG_SHA_224;no;		0.018000;0;0;0
SIG_CIPHER_EDDSAPH PAD_PKCS5 ALG_SHA3_224;no;		0.018000;0;0;0
SIG_CIPHER_EDDSAPH PAD_PKCS5 ALG_SHA3_256;no;		0.018000;0;0;0
SIG_CIPHER_EDDSAPH PAD_PKCS5 ALG_SHA3_384;no;		0.018000;0;0;0
SIG_CIPHER_EDDSAPH PAD_PKCS5 ALG_SHA3_512;no;		0.017000;0;0;0
SIG_CIPHER_EDDSAPH PAD_PKCS1 ALG_NULL;no;		0.018000;0;0;0
SIG_CIPHER_EDDSAPH PAD_PKCS1 ALG_SHA;no;		0.017000;0;0;0
SIG_CIPHER_EDDSAPH PAD_PKCS1 ALG_MD5;no;		0.017000;0;0;0
SIG_CIPHER_EDDSAPH PAD_PKCS1 ALG_RIPEMD160;no;		0.017000;0;0;0
SIG_CIPHER_EDDSAPH PAD_PKCS1 ALG_SHA_256;no;		0.017000;0;0;0
SIG_CIPHER_EDDSAPH PAD_PKCS1 ALG_SHA_384;no;		0.018000;0;0;0
SIG_CIPHER_EDDSAPH PAD_PKCS1 ALG_SHA_512;no;		0.018000;0;0;0
SIG_CIPHER_EDDSAPH PAD_PKCS1 ALG_SHA_224;no;		0.018000;0;0;0
SIG_CIPHER_EDDSAPH PAD_PKCS1 ALG_SHA3_224;no;		0.018000;0;0;0
SIG_CIPHER_EDDSAPH PAD_PKCS1 ALG_SHA3_256;no;		0.017000;0;0;0
SIG_CIPHER_EDDSAPH PAD_PKCS1 ALG_SHA3_384;no;		0.017000;0;0;0
SIG_CIPHER_EDDSAPH PAD_PKCS1 ALG_SHA3_512;no;		0.018000;0;0;0
SIG_CIPHER_EDDSAPH PAD_PKCS1_PSS ALG_NULL;no;		0.017000;0;0;0
SIG_CIPHER_EDDSAPH PAD_PKCS1_PSS ALG_SHA;no;		0.018000;0;0;0
SIG_CIPHER_EDDSAPH PAD_PKCS1_PSS ALG_MD5;no;		0.018000;0;0;0
SIG_CIPHER_EDDSAPH PAD_PKCS1_PSS ALG_RIPEMD160;no;		0.018000;0;0;0
SIG_CIPHER_EDDSAPH PAD_PKCS1_PSS ALG_SHA_256;no;		0.018000;0;0;0
SIG_CIPHER_EDDSAPH PAD_PKCS1_PSS ALG_SHA_384;no;		0.018000;0;0;0
SIG_CIPHER_EDDSAPH PAD_PKCS1_PSS ALG_SHA_512;no;		0.017000;0;0;0
SIG_CIPHER_EDDSAPH PAD_PKCS1_PSS ALG_SHA_224;no;		0.018000;0;0;0
SIG_CIPHER_EDDSAPH PAD_PKCS1_PSS ALG_SHA3_224;no;		0.018000;0;0;0
SIG_CIPHER_EDDSAPH PAD_PKCS1_PSS ALG_SHA3_256;no;		0.017000;0;0;0
SIG_CIPHER_EDDSAPH PAD_PKCS1_PSS ALG_SHA3_384;no;		0.017000;0;0;0
SIG_CIPHER_EDDSAPH PAD_PKCS1_PSS ALG_SHA3_512;no;		0.018000;0;0;0
SIG_CIPHER_EDDSAPH PAD_PKCS1_OAEP ALG_NULL;no;		0.017000;0;0;0
SIG_CIPHER_EDDSAPH PAD_PKCS1_OAEP ALG_SHA;no;		0.018000;0;0;0
SIG_CIPHER_EDDSAPH PAD_PKCS1_OAEP ALG_MD5;no;		0.018000;0;0;0
SIG_CIPHER_EDDSAPH PAD_PKCS1_OAEP ALG_RIPEMD160;no;		0.018000;0;0;0
SIG_CIPHER_EDDSAPH PAD_PKCS1_OAEP ALG_SHA_256;no;		0.018000;0;0;0
SIG_CIPHER_EDDSAPH PAD_PKCS1_OAEP ALG_SHA_384;no;		0.019000;0;0;0
SIG_CIPHER_EDDSAPH PAD_PKCS1_OAEP ALG_SHA_512;no;		0.018000;0;0;0
SIG_CIPHER_EDDSAPH PAD_PKCS1_OAEP ALG_SHA_224;no;		0.017000;0;0;0
SIG_CIPHER_EDDSAPH PAD_PKCS1_OAEP ALG_SHA3_224;no;		0.018000;0;0;0
SIG_CIPHER_EDDSAPH PAD_PKCS1_OAEP ALG_SHA3_256;no;		0.017000;0;0;0
SIG_CIPHER_EDDSAPH PAD_PKCS1_OAEP ALG_SHA3_384;no;		0.018000;0;0;0
SIG_CIPHER_EDDSAPH PAD_PKCS1_OAEP ALG_SHA3_512;no;		0.019000;0;0;0
SIG_CIPHER_EDDSAPH PAD_ISO9796 ALG_NULL;no;		0.019000;0;0;0
SIG_CIPHER_EDDSAPH PAD_ISO9796 ALG_SHA;no;		0.018000;0;0;0
SIG_CIPHER_EDDSAPH PAD_ISO9796 ALG_MD5;no;		0.018000;0;0;0
SIG_CIPHER_EDDSAPH PAD_ISO9796 ALG_RIPEMD160;no;		0.017000;0;0;0
SIG_CIPHER_EDDSAPH PAD_ISO9796 ALG_SHA_256;no;		0.017000;0;0;0
SIG_CIPHER_EDDSAPH PAD_ISO9796 ALG_SHA_384;no;		0.018000;0;0;0
SIG_CIPHER_EDDSAPH PAD_ISO9796 ALG_SHA_512;no;		0.019000;0;0;0
SIG_CIPHER_EDDSAPH PAD_ISO9796 ALG_SHA_224;no;		0.019000;0;0;0
SIG_CIPHER_EDDSAPH PAD_ISO9796 ALG_SHA3_224;no;		0.018000;0;0;0
SIG_CIPHER_EDDSAPH PAD_ISO9796 ALG_SHA3_256;no;		0.018000;0;0;0
SIG_CIPHER_EDDSAPH PAD_ISO9796 ALG_SHA3_384;no;		0.019000;0;0;0
SIG_CIPHER_EDDSAPH PAD_ISO9796 ALG_SHA3_512;no;		0.018000;0;0;0
SIG_CIPHER_EDDSAPH PAD_ISO9796_MR ALG_NULL;no;		0.018000;0;0;0
SIG_CIPHER_EDDSAPH PAD_ISO9796_MR ALG_SHA;no;		0.018000;0;0;0
SIG_CIPHER_EDDSAPH PAD_ISO9796_MR ALG_MD5;no;		0.018000;0;0;0
SIG_CIPHER_EDDSAPH PAD_ISO9796_MR ALG_RIPEMD160;no;		0.018000;0;0;0
SIG_CIPHER_EDDSAPH PAD_ISO9796_MR ALG_SHA_256;no;		0.018000;0;0;0
SIG_CIPHER_EDDSAPH PAD_ISO9796_MR ALG_SHA_384;no;		0.019000;0;0;0
SIG_CIPHER_EDDSAPH PAD_ISO9796_MR ALG_SHA_512;no;		0.018000;0;0;0
SIG_CIPHER_EDDSAPH PAD_ISO9796_MR ALG_SHA_224;no;		0.018000;0;0;0
SIG_CIPHER_EDDSAPH PAD_ISO9796_MR ALG_SHA3_224;no;		0.017000;0;0;0
SIG_CIPHER_EDDSAPH PAD_ISO9796_MR ALG_SHA3_256;no;		0.018000;0;0;0
SIG_CIPHER_EDDSAPH PAD_ISO9796_MR ALG_SHA3_384;no;		0.018000;0;0;0
SIG_CIPHER_EDDSAPH PAD_ISO9796_MR ALG_SHA3_512;no;		0.019000;0;0;0
SIG_CIPHER_EDDSAPH PAD_RFC2409 ALG_NULL;no;		0.019000;0;0;0
SIG_CIPHER_EDDSAPH PAD_RFC2409 ALG_SHA;no;		0.019000;0;0;0
SIG_CIPHER_EDDSAPH PAD_RFC2409 ALG_MD5;no;		0.018000;0;0;0
SIG_CIPHER_EDDSAPH PAD_RFC2409 ALG_RIPEMD160;no;		0.018000;0;0;0
SIG_CIPHER_EDDSAPH PAD_RFC2409 ALG_SHA_256;no;		0.018000;0;0;0
SIG_CIPHER_EDDSAPH PAD_RFC2409 ALG_SHA_384;no;		0.018000;0;0;0
SIG_CIPHER_EDDSAPH PAD_RFC2409 ALG_SHA_512;no;		0.017000;0;0;0
SIG_CIPHER_EDDSAPH PAD_RFC2409 ALG_SHA_224;no;		0.017000;0;0;0
SIG_CIPHER_EDDSAPH PAD_RFC2409 ALG_SHA3_224;no;		0.018000;0;0;0
SIG_CIPHER_EDDSAPH PAD_RFC2409 ALG_SHA3_256;no;		0.018000;0;0;0
SIG_CIPHER_EDDSAPH PAD_RFC2409 ALG_SHA3_384;no;		0.019000;0;0;0
SIG_CIPHER_EDDSAPH PAD_RFC2409 ALG_SHA3_512;no;		0.019000;0;0;0
SIG_CIPHER_EDDSAPH PAD_PKCS1_OAEP_SHA224 ALG_NULL;no;		0.020000;0;0;0
SIG_CIPHER_EDDSAPH PAD_PKCS1_OAEP_SHA224 ALG_SHA;no;		0.018000;0;0;0
SIG_CIPHER_EDDSAPH PAD_PKCS1_OAEP_SHA224 ALG_MD5;no;		0.018000;0;0;0
SIG_CIPHER_EDDSAPH PAD_PKCS1_OAEP_SHA224 ALG_RIPEMD160;no;		0.018000;0;0;0
SIG_CIPHER_EDDSAPH PAD_PKCS1_OAEP_SHA224 ALG_SHA_256;no;		0.018000;0;0;0
SIG_CIPHER_EDDSAPH PAD_PKCS1_OAEP_SHA224 ALG_SHA_384;no;		0.018000;0;0;0
SIG_CIPHER_EDDSAPH PAD_PKCS1_OAEP_SHA224 ALG_SHA_512;no;		0.018000;0;0;0
SIG_CIPHER_EDDSAPH PAD_PKCS1_OAEP_SHA224 ALG_SHA_224;no;		0.018000;0;0;0
SIG_CIPHER_EDDSAPH PAD_PKCS1_OAEP_SHA224 ALG_SHA3_224;no;		0.017000;0;0;0
SIG_CIPHER_EDDSAPH PAD_PKCS1_OAEP_SHA224 ALG_SHA3_256;no;		0.018000;0;0;0
SIG_CIPHER_EDDSAPH PAD_PKCS1_OAEP_SHA224 ALG_SHA3_384;no;		0.018000;0;0;0
SIG_CIPHER_EDDSAPH PAD_PKCS1_OAEP_SHA224 ALG_SHA3_512;no;		0.018000;0;0;0
SIG_CIPHER_EDDSAPH PAD_PKCS1_OAEP_SHA256 ALG_NULL;no;		0.017000;0;0;0
SIG_CIPHER_EDDSAPH PAD_PKCS1_OAEP_SHA256 ALG_SHA;no;		0.019000;0;0;0
SIG_CIPHER_EDDSAPH PAD_PKCS1_OAEP_SHA256 ALG_MD5;no;		0.018000;0;0;0
SIG_CIPHER_EDDSAPH PAD_PKCS1_OAEP_SHA256 ALG_RIPEMD160;no;		0.017000;0;0;0
SIG_CIPHER_EDDSAPH PAD_PKCS1_OAEP_SHA256 ALG_SHA_256;no;		0.018000;0;0;0
SIG_CIPHER_EDDSAPH PAD_PKCS1_OAEP_SHA256 ALG_SHA_384;no;		0.018000;0;0;0
SIG_CIPHER_EDDSAPH PAD_PKCS1_OAEP_SHA256 ALG_SHA_512;no;		0.018000;0;0;0
SIG_CIPHER_EDDSAPH PAD_PKCS1_OAEP_SHA256 ALG_SHA_224;no;		0.018000;0;0;0
SIG_CIPHER_EDDSAPH PAD_PKCS1_OAEP_SHA256 ALG_SHA3_224;no;		0.018000;0;0;0
SIG_CIPHER_EDDSAPH PAD_PKCS1_OAEP_SHA256 ALG_SHA3_256;no;		0.018000;0;0;0
SIG_CIPHER_EDDSAPH PAD_PKCS1_OAEP_SHA256 ALG_SHA3_384;no;		0.018000;0;0;0
SIG_CIPHER_EDDSAPH PAD_PKCS1_OAEP_SHA256 ALG_SHA3_512;no;		0.018000;0;0;0
SIG_CIPHER_EDDSAPH PAD_PKCS1_OAEP_SHA384 ALG_NULL;no;		0.018000;0;0;0
SIG_CIPHER_EDDSAPH PAD_PKCS1_OAEP_SHA384 ALG_SHA;no;		0.017000;0;0;0
SIG_CIPHER_EDDSAPH PAD_PKCS1_OAEP_SHA384 ALG_MD5;no;		0.018000;0;0;0
SIG_CIPHER_EDDSAPH PAD_PKCS1_OAEP_SHA384 ALG_RIPEMD160;no;		0.018000;0;0;0
SIG_CIPHER_EDDSAPH PAD_PKCS1_OAEP_SHA384 ALG_SHA_256;no;		0.018000;0;0;0
SIG_CIPHER_EDDSAPH PAD_PKCS1_OAEP_SHA384 ALG_SHA_384;no;		0.018000;0;0;0
SIG_CIPHER_EDDSAPH PAD_PKCS1_OAEP_SHA384 ALG_SHA_512;no;		0.018000;0;0;0
SIG_CIPHER_EDDSAPH PAD_PKCS1_OAEP_SHA384 ALG_SHA_224;no;		0.018000;0;0;0
SIG_CIPHER_EDDSAPH PAD_PKCS1_OAEP_SHA384 ALG_SHA3_224;no;		0.018000;0;0;0
SIG_CIPHER_EDDSAPH PAD_PKCS1_OAEP_SHA384 ALG_SHA3_256;no;		0.017000;0;0;0
SIG_CIPHER_EDDSAPH PAD_PKCS1_OAEP_SHA384 ALG_SHA3_384;no;		0.018000;0;0;0
SIG_CIPHER_EDDSAPH PAD_PKCS1_OAEP_SHA384 ALG_SHA3_512;no;		0.018000;0;0;0
SIG_CIPHER_EDDSAPH PAD_PKCS1_OAEP_SHA512 ALG_NULL;no;		0.018000;0;0;0
SIG_CIPHER_EDDSAPH PAD_PKCS1_OAEP_SHA512 ALG_SHA;no;		0.017000;0;0;0
SIG_CIPHER_EDDSAPH PAD_PKCS1_OAEP_SHA512 ALG_MD5;no;		0.017000;0;0;0
SIG_CIPHER_EDDSAPH PAD_PKCS1_OAEP_SHA512 ALG_RIPEMD160;no;		0.017000;0;0;0
SIG_CIPHER_EDDSAPH PAD_PKCS1_OAEP_SHA512 ALG_SHA_256;no;		0.018000;0;0;0
SIG_CIPHER_EDDSAPH PAD_PKCS1_OAEP_SHA512 ALG_SHA_384;no;		0.018000;0;0;0
SIG_CIPHER_EDDSAPH PAD_PKCS1_OAEP_SHA512 ALG_SHA_512;no;		0.018000;0;0;0
SIG_CIPHER_EDDSAPH PAD_PKCS1_OAEP_SHA512 ALG_SHA_224;no;		0.018000;0;0;0
SIG_CIPHER_EDDSAPH PAD_PKCS1_OAEP_SHA512 ALG_SHA3_224;no;		0.018000;0;0;0
SIG_CIPHER_EDDSAPH PAD_PKCS1_OAEP_SHA512 ALG_SHA3_256;no;		0.018000;0;0;0
SIG_CIPHER_EDDSAPH PAD_PKCS1_OAEP_SHA512 ALG_SHA3_384;no;		0.018000;0;0;0
SIG_CIPHER_EDDSAPH PAD_PKCS1_OAEP_SHA512 ALG_SHA3_512;no;		0.018000;0;0;0
SIG_CIPHER_EDDSAPH PAD_PKCS1_OAEP_SHA3_224 ALG_NULL;no;		0.018000;0;0;0
SIG_CIPHER_EDDSAPH PAD_PKCS1_OAEP_SHA3_224 ALG_SHA;no;		0.017000;0;0;0
SIG_CIPHER_EDDSAPH PAD_PKCS1_OAEP_SHA3_224 ALG_MD5;no;		0.018000;0;0;0
SIG_CIPHER_EDDSAPH PAD_PKCS1_OAEP_SHA3_224 ALG_RIPEMD160;no;		0.017000;0;0;0
SIG_CIPHER_EDDSAPH PAD_PKCS1_OAEP_SHA3_224 ALG_SHA_256;no;		0.018000;0;0;0
SIG_CIPHER_EDDSAPH PAD_PKCS1_OAEP_SHA3_224 ALG_SHA_384;no;		0.019000;0;0;0
SIG_CIPHER_EDDSAPH PAD_PKCS1_OAEP_SHA3_224 ALG_SHA_512;no;		0.018000;0;0;0
SIG_CIPHER_EDDSAPH PAD_PKCS1_OAEP_SHA3_224 ALG_SHA_224;no;		0.017000;0;0;0
SIG_CIPHER_EDDSAPH PAD_PKCS1_OAEP_SHA3_224 ALG_SHA3_224;no;		0.019000;0;0;0
SIG_CIPHER_EDDSAPH PAD_PKCS1_OAEP_SHA3_224 ALG_SHA3_256;no;		0.017000;0;0;0
SIG_CIPHER_EDDSAPH PAD_PKCS1_OAEP_SHA3_224 ALG_SHA3_384;no;		0.018000;0;0;0
SIG_CIPHER_EDDSAPH PAD_PKCS1_OAEP_SHA3_224 ALG_SHA3_512;no;		0.018000;0;0;0
SIG_CIPHER_EDDSAPH PAD_PKCS1_OAEP_SHA3_256 ALG_NULL;no;		0.018000;0;0;0
SIG_CIPHER_EDDSAPH PAD_PKCS1_OAEP_SHA3_256 ALG_SHA;no;		0.018000;0;0;0
SIG_CIPHER_EDDSAPH PAD_PKCS1_OAEP_SHA3_256 ALG_MD5;no;		0.018000;0;0;0
SIG_CIPHER_EDDSAPH PAD_PKCS1_OAEP_SHA3_256 ALG_RIPEMD160;no;		0.018000;0;0;0
SIG_CIPHER_EDDSAPH PAD_PKCS1_OAEP_SHA3_256 ALG_SHA_256;no;		0.018000;0;0;0
SIG_CIPHER_EDDSAPH PAD_PKCS1_OAEP_SHA3_256 ALG_SHA_384;no;		0.018000;0;0;0
SIG_CIPHER_EDDSAPH PAD_PKCS1_OAEP_SHA3_256 ALG_SHA_512;no;		0.020000;0;0;0
SIG_CIPHER_EDDSAPH PAD_PKCS1_OAEP_SHA3_256 ALG_SHA_224;no;		0.018000;0;0;0
SIG_CIPHER_EDDSAPH PAD_PKCS1_OAEP_SHA3_256 ALG_SHA3_224;no;		0.018000;0;0;0
SIG_CIPHER_EDDSAPH PAD_PKCS1_OAEP_SHA3_256 ALG_SHA3_256;no;		0.018000;0;0;0
SIG_CIPHER_EDDSAPH PAD_PKCS1_OAEP_SHA3_256 ALG_SHA3_384;no;		0.019000;0;0;0
SIG_CIPHER_EDDSAPH PAD_PKCS1_OAEP_SHA3_256 ALG_SHA3_512;no;		0.018000;0;0;0
SIG_CIPHER_EDDSAPH PAD_PKCS1_OAEP_SHA3_384 ALG_NULL;no;		0.019000;0;0;0
SIG_CIPHER_EDDSAPH PAD_PKCS1_OAEP_SHA3_384 ALG_SHA;no;		0.018000;0;0;0
SIG_CIPHER_EDDSAPH PAD_PKCS1_OAEP_SHA3_384 ALG_MD5;no;		0.018000;0;0;0
SIG_CIPHER_EDDSAPH PAD_PKCS1_OAEP_SHA3_384 ALG_RIPEMD160;no;		0.017000;0;0;0
SIG_CIPHER_EDDSAPH PAD_PKCS1_OAEP_SHA3_384 ALG_SHA_256;no;		0.018000;0;0;0
SIG_CIPHER_EDDSAPH PAD_PKCS1_OAEP_SHA3_384 ALG_SHA_384;no;		0.018000;0;0;0
SIG_CIPHER_EDDSAPH PAD_PKCS1_OAEP_SHA3_384 ALG_SHA_512;no;		0.018000;0;0;0
SIG_CIPHER_EDDSAPH PAD_PKCS1_OAEP_SHA3_384 ALG_SHA_224;no;		0.018000;0;0;0
SIG_CIPHER_EDDSAPH PAD_PKCS1_OAEP_SHA3_384 ALG_SHA3_224;no;		0.018000;0;0;0
SIG_CIPHER_EDDSAPH PAD_PKCS1_OAEP_SHA3_384 ALG_SHA3_256;no;		0.018000;0;0;0
SIG_CIPHER_EDDSAPH PAD_PKCS1_OAEP_SHA3_384 ALG_SHA3_384;no;		0.019000;0;0;0
SIG_CIPHER_EDDSAPH PAD_PKCS1_OAEP_SHA3_384 ALG_SHA3_512;no;		0.018000;0;0;0
SIG_CIPHER_EDDSAPH PAD_PKCS1_OAEP_SHA3_512 ALG_NULL;no;		0.018000;0;0;0
SIG_CIPHER_EDDSAPH PAD_PKCS1_OAEP_SHA3_512 ALG_SHA;no;		0.017000;0;0;0
SIG_CIPHER_EDDSAPH PAD_PKCS1_OAEP_SHA3_512 ALG_MD5;no;		0.017000;0;0;0
SIG_CIPHER_EDDSAPH PAD_PKCS1_OAEP_SHA3_512 ALG_RIPEMD160;no;		0.019000;0;0;0
SIG_CIPHER_EDDSAPH PAD_PKCS1_OAEP_SHA3_512 ALG_SHA_256;no;		0.018000;0;0;0
SIG_CIPHER_EDDSAPH PAD_PKCS1_OAEP_SHA3_512 ALG_SHA_384;no;		0.018000;0;0;0
SIG_CIPHER_EDDSAPH PAD_PKCS1_OAEP_SHA3_512 ALG_SHA_512;no;		0.018000;0;0;0
SIG_CIPHER_EDDSAPH PAD_PKCS1_OAEP_SHA3_512 ALG_SHA_224;no;		0.018000;0;0;0
SIG_CIPHER_EDDSAPH PAD_PKCS1_OAEP_SHA3_512 ALG_SHA3_224;no;		0.018000;0;0;0
SIG_CIPHER_EDDSAPH PAD_PKCS1_OAEP_SHA3_512 ALG_SHA3_256;no;		0.019000;0;0;0
SIG_CIPHER_EDDSAPH PAD_PKCS1_OAEP_SHA3_512 ALG_SHA3_384;no;		0.018000;0;0;0
SIG_CIPHER_EDDSAPH PAD_PKCS1_OAEP_SHA3_512 ALG_SHA3_512;no;		0.018000;0;0;0
SIG_CIPHER_EDDSAPH PAD_ISO9796_MR_SCHEME_2 ALG_NULL;no;		0.017000;0;0;0
SIG_CIPHER_EDDSAPH PAD_ISO9796_MR_SCHEME_2 ALG_SHA;no;		0.018000;0;0;0
SIG_CIPHER_EDDSAPH PAD_ISO9796_MR_SCHEME_2 ALG_MD5;no;		0.019000;0;0;0
SIG_CIPHER_EDDSAPH PAD_ISO9796_MR_SCHEME_2 ALG_RIPEMD160;no;		0.018000;0;0;0
SIG_CIPHER_EDDSAPH PAD_ISO9796_MR_SCHEME_2 ALG_SHA_256;no;		0.018000;0;0;0
SIG_CIPHER_EDDSAPH PAD_ISO9796_MR_SCHEME_2 ALG_SHA_384;no;		0.019000;0;0;0
SIG_CIPHER_EDDSAPH PAD_ISO9796_MR_SCHEME_2 ALG_SHA_512;no;		0.018000;0;0;0
SIG_CIPHER_EDDSAPH PAD_ISO9796_MR_SCHEME_2 ALG_SHA_224;no;		0.018000;0;0;0
SIG_CIPHER_EDDSAPH PAD_ISO9796_MR_SCHEME_2 ALG_SHA3_224;no;		0.018000;0;0;0
SIG_CIPHER_EDDSAPH PAD_ISO9796_MR_SCHEME_2 ALG_SHA3_256;no;		0.018000;0;0;0
SIG_CIPHER_EDDSAPH PAD_ISO9796_MR_SCHEME_2 ALG_SHA3_384;no;		0.018000;0;0;0
SIG_CIPHER_EDDSAPH PAD_ISO9796_MR_SCHEME_2 ALG_SHA3_512;no;		0.018000;0;0;0
SIG_CIPHER_EDDSAPH PAD_ISO9796_MR_SCHEME_3 ALG_NULL;no;		0.019000;0;0;0
SIG_CIPHER_EDDSAPH PAD_ISO9796_MR_SCHEME_3 ALG_SHA;no;		0.018000;0;0;0
SIG_CIPHER_EDDSAPH PAD_ISO9796_MR_SCHEME_3 ALG_MD5;no;		0.017000;0;0;0
SIG_CIPHER_EDDSAPH PAD_ISO9796_MR_SCHEME_3 ALG_RIPEMD160;no;		0.019000;0;0;0
SIG_CIPHER_EDDSAPH PAD_ISO9796_MR_SCHEME_3 ALG_SHA_256;no;		0.017000;0;0;0
SIG_CIPHER_EDDSAPH PAD_ISO9796_MR_SCHEME_3 ALG_SHA_384;no;		0.019000;0;0;0
SIG_CIPHER_EDDSAPH PAD_ISO9796_MR_SCHEME_3 ALG_SHA_512;no;		0.018000;0;0;0
SIG_CIPHER_EDDSAPH PAD_ISO9796_MR_SCHEME_3 ALG_SHA_224;no;		0.018000;0;0;0
SIG_CIPHER_EDDSAPH PAD_ISO9796_MR_SCHEME_3 ALG_SHA3_224;no;		0.018000;0;0;0
SIG_CIPHER_EDDSAPH PAD_ISO9796_MR_SCHEME_3 ALG_SHA3_256;no;		0.017000;0;0;0
SIG_CIPHER_EDDSAPH PAD_ISO9796_MR_SCHEME_3 ALG_SHA3_384;no;		0.018000;0;0;0
SIG_CIPHER_EDDSAPH PAD_ISO9796_MR_SCHEME_3 ALG_SHA3_512;no;		0.018000;0;0;0
